00000000
03020100
07060504
0b0a0908
0f0e0d0c
13121110
17161514
1b1a1918
1f1e1d1c
00000000
00000000
00000000
00000000
00000000
00000000
00000000
00000000
82279c4f
31c9be11
468ff66b
c62e8bee
00010000
03020100
07060504
0b0a0908
0f0e0d0c
13121110
17161514
1b1a1918
1f1e1d1c
00000030
00000000
00000000
00000000
00000000
00000000
00000000
00000000
00000000
00000000
00000000
00000000
4f67cbcc
a2098ae1
11abd685
c07556b3
00020000
03020100
07060504
0b0a0908
0f0e0d0c
13121110
17161514
1b1a1918
1f1e1d1c
00003130
00000000
00000000
00000000
00000000
00000000
00000000
00000000
00000000
00000000
00000000
00000000
15195bf6
9cdfc450
0e46d4fd
82a7ccbb
00030000
03020100
07060504
0b0a0908
0f0e0d0c
13121110
17161514
1b1a1918
1f1e1d1c
00323130
00000000
00000000
00000000
00000000
00000000
00000000
00000000
00000000
00000000
00000000
00000000
7dcf27d1
89dad42c
706c6130
429f61b3
00040000
03020100
07060504
0b0a0908
0f0e0d0c
13121110
17161514
1b1a1918
1f1e1d1c
33323130
00000000
00000000
00000000
00000000
00000000
00000000
00000000
00000000
00000000
00000000
00000000
2ea90b00
6bedb552
13d9c997
df824ccc
00050000
03020100
07060504
0b0a0908
0f0e0d0c
13121110
17161514
1b1a1918
1f1e1d1c
33323130
00000034
00000000
00000000
00000000
00000000
00000000
00000000
00000000
00000000
00000000
00000000
7f16ccf7
ee3aed8f
5b389ba9
7e152286
00060000
03020100
07060504
0b0a0908
0f0e0d0c
13121110
17161514
1b1a1918
1f1e1d1c
33323130
00003534
00000000
00000000
00000000
00000000
00000000
00000000
00000000
00000000
00000000
00000000
46bccc51
b8936ed5
fd3b1a9b
d5a40aad
00070000
03020100
07060504
0b0a0908
0f0e0d0c
13121110
17161514
1b1a1918
1f1e1d1c
33323130
00363534
00000000
00000000
00000000
00000000
00000000
00000000
00000000
00000000
00000000
00000000
d5bb8ab3
c671e073
c4ea5e26
ab658fa6
00080000
03020100
07060504
0b0a0908
0f0e0d0c
13121110
17161514
1b1a1918
1f1e1d1c
33323130
37363534
00000000
00000000
00000000
00000000
00000000
00000000
00000000
00000000
00000000
00000000
40595c86
eeeda993
84631d2c
9e93b4cc
00090000
03020100
07060504
0b0a0908
0f0e0d0c
13121110
17161514
1b1a1918
1f1e1d1c
33323130
37363534
00000038
00000000
00000000
00000000
00000000
00000000
00000000
00000000
00000000
00000000
8432f124
900ff9a0
e4c7186b
96081c06
000a0000
03020100
07060504
0b0a0908
0f0e0d0c
13121110
17161514
1b1a1918
1f1e1d1c
33323130
37363534
00003938
00000000
00000000
00000000
00000000
00000000
00000000
00000000
00000000
00000000
5e5bbb35
b1218fbb
34034669
43a49753
000b0000
03020100
07060504
0b0a0908
0f0e0d0c
13121110
17161514
1b1a1918
1f1e1d1c
33323130
37363534
003a3938
00000000
00000000
00000000
00000000
00000000
00000000
00000000
00000000
00000000
9086bfb8
04f45034
9610f532
fa9858e5
000c0000
03020100
07060504
0b0a0908
0f0e0d0c
13121110
17161514
1b1a1918
1f1e1d1c
33323130
37363534
3b3a3938
00000000
00000000
00000000
00000000
00000000
00000000
00000000
00000000
00000000
05b4034b
d0437271
71d1e74c
5e972837
000d0000
03020100
07060504
0b0a0908
0f0e0d0c
13121110
17161514
1b1a1918
1f1e1d1c
33323130
37363534
3b3a3938
0000003c
00000000
00000000
00000000
00000000
00000000
00000000
00000000
00000000
643681d2
3e183dba
71cdf9f2
190f6835
000e0000
03020100
07060504
0b0a0908
0f0e0d0c
13121110
17161514
1b1a1918
1f1e1d1c
33323130
37363534
3b3a3938
00003d3c
00000000
00000000
00000000
00000000
00000000
00000000
00000000
00000000
744ac084
7593a1c7
39405b5a
baa23b4e
000f0000
03020100
07060504
0b0a0908
0f0e0d0c
13121110
17161514
1b1a1918
1f1e1d1c
33323130
37363534
3b3a3938
003e3d3c
00000000
00000000
00000000
00000000
00000000
00000000
00000000
00000000
a6029175
62613895
3618ae7a
94a203d0
00100000
03020100
07060504
0b0a0908
0f0e0d0c
13121110
17161514
1b1a1918
1f1e1d1c
33323130
37363534
3b3a3938
3f3e3d3c
00000000
00000000
00000000
00000000
00000000
00000000
00000000
00000000
00000000
00000000
00000000
00000000
db0c23e4
9dee3083
c7d7cfc0
dce646b3
00110000
03020100
07060504
0b0a0908
0f0e0d0c
13121110
17161514
1b1a1918
1f1e1d1c
33323130
37363534
3b3a3938
3f3e3d3c
00000040
00000000
00000000
00000000
00000000
00000000
00000000
00000000
00000000
00000000
00000000
00000000
cd5188bd
7884f93a
799a8344
8c0ed71d
00120000
03020100
07060504
0b0a0908
0f0e0d0c
13121110
17161514
1b1a1918
1f1e1d1c
33323130
37363534
3b3a3938
3f3e3d3c
00004140
00000000
00000000
00000000
00000000
00000000
00000000
00000000
00000000
00000000
00000000
00000000
ce0c8f11
b50b0ed1
7e5fa859
360858de
00130000
03020100
07060504
0b0a0908
0f0e0d0c
13121110
17161514
1b1a1918
1f1e1d1c
33323130
37363534
3b3a3938
3f3e3d3c
00424140
00000000
00000000
00000000
00000000
00000000
00000000
00000000
00000000
00000000
00000000
00000000
dee3681c
a3b9872c
1ed91ac8
6e3c081a
00140000
03020100
07060504
0b0a0908
0f0e0d0c
13121110
17161514
1b1a1918
1f1e1d1c
33323130
37363534
3b3a3938
3f3e3d3c
43424140
00000000
00000000
00000000
00000000
00000000
00000000
00000000
00000000
00000000
00000000
00000000
457b09b8
90c44276
5fed8e90
6712894e
00150000
03020100
07060504
0b0a0908
0f0e0d0c
13121110
17161514
1b1a1918
1f1e1d1c
33323130
37363534
3b3a3938
3f3e3d3c
43424140
00000044
00000000
00000000
00000000
00000000
00000000
00000000
00000000
00000000
00000000
00000000
d0af597b
223b5162
7faf7e04
9bed4c76
00160000
03020100
07060504
0b0a0908
0f0e0d0c
13121110
17161514
1b1a1918
1f1e1d1c
33323130
37363534
3b3a3938
3f3e3d3c
43424140
00004544
00000000
00000000
00000000
00000000
00000000
00000000
00000000
00000000
00000000
00000000
a04d06ee
6183a6c9
1ac0b39f
0badc579
00170000
03020100
07060504
0b0a0908
0f0e0d0c
13121110
17161514
1b1a1918
1f1e1d1c
33323130
37363534
3b3a3938
3f3e3d3c
43424140
00464544
00000000
00000000
00000000
00000000
00000000
00000000
00000000
00000000
00000000
00000000
9c464958
2405288b
7e35fb2f
bad67fda
00180000
03020100
07060504
0b0a0908
0f0e0d0c
13121110
17161514
1b1a1918
1f1e1d1c
33323130
37363534
3b3a3938
3f3e3d3c
43424140
47464544
00000000
00000000
00000000
00000000
00000000
00000000
00000000
00000000
00000000
00000000
3982affa
fd8a2452
98e63f0e
655dc134
00190000
03020100
07060504
0b0a0908
0f0e0d0c
13121110
17161514
1b1a1918
1f1e1d1c
33323130
37363534
3b3a3938
3f3e3d3c
43424140
47464544
00000048
00000000
00000000
00000000
00000000
00000000
00000000
00000000
00000000
00000000
8cb50b0a
2c3c51e4
cd0c95fb
fcdbc5f7
001a0000
03020100
07060504
0b0a0908
0f0e0d0c
13121110
17161514
1b1a1918
1f1e1d1c
33323130
37363534
3b3a3938
3f3e3d3c
43424140
47464544
00004948
00000000
00000000
00000000
00000000
00000000
00000000
00000000
00000000
00000000
c462d34e
3b1d7b40
46517ae1
cfde5956
001b0000
03020100
07060504
0b0a0908
0f0e0d0c
13121110
17161514
1b1a1918
1f1e1d1c
33323130
37363534
3b3a3938
3f3e3d3c
43424140
47464544
004a4948
00000000
00000000
00000000
00000000
00000000
00000000
00000000
00000000
00000000
ec525ca3
c0787c6e
033db251
6f9191f6
001c0000
03020100
07060504
0b0a0908
0f0e0d0c
13121110
17161514
1b1a1918
1f1e1d1c
33323130
37363534
3b3a3938
3f3e3d3c
43424140
47464544
4b4a4948
00000000
00000000
00000000
00000000
00000000
00000000
00000000
00000000
00000000
3646c9f1
ffcc213a
89a291e2
4cc62f20
001d0000
03020100
07060504
0b0a0908
0f0e0d0c
13121110
17161514
1b1a1918
1f1e1d1c
33323130
37363534
3b3a3938
3f3e3d3c
43424140
47464544
4b4a4948
0000004c
00000000
00000000
00000000
00000000
00000000
00000000
00000000
00000000
e953d4f1
78459033
8eeac3ee
e50c5585
001e0000
03020100
07060504
0b0a0908
0f0e0d0c
13121110
17161514
1b1a1918
1f1e1d1c
33323130
37363534
3b3a3938
3f3e3d3c
43424140
47464544
4b4a4948
00004d4c
00000000
00000000
00000000
00000000
00000000
00000000
00000000
00000000
862ce282
48c08108
e8f5c55e
ea2ca4ce
001f0000
03020100
07060504
0b0a0908
0f0e0d0c
13121110
17161514
1b1a1918
1f1e1d1c
33323130
37363534
3b3a3938
3f3e3d3c
43424140
47464544
4b4a4948
004e4d4c
00000000
00000000
00000000
00000000
00000000
00000000
00000000
00000000
1f6f30c6
83784c15
33178439
74e8aa60
00200000
03020100
07060504
0b0a0908
0f0e0d0c
13121110
17161514
1b1a1918
1f1e1d1c
33323130
37363534
3b3a3938
3f3e3d3c
43424140
47464544
4b4a4948
4f4e4d4c
00000000
00000000
00000000
00000000
00000000
00000000
00000000
00000000
00000000
00000000
00000000
00000000
8be7c3ef
809aad02
8c54f0a6
bab50b5b
00000001
03020100
07060504
0b0a0908
0f0e0d0c
13121110
17161514
1b1a1918
1f1e1d1c
00000020
00000000
00000000
00000000
000000e8
00000000
00000000
00000000
ba6a57dd
fce6d31c
2ae04d70
8895b7ed
00010001
03020100
07060504
0b0a0908
0f0e0d0c
13121110
17161514
1b1a1918
1f1e1d1c
00000030
00000000
00000000
00000000
00000020
00000000
00000000
00000000
00000096
00000000
00000000
00000000
8316802b
d8a7756c
8c586668
86d845a2
00020001
03020100
07060504
0b0a0908
0f0e0d0c
13121110
17161514
1b1a1918
1f1e1d1c
00003130
00000000
00000000
00000000
00000020
00000000
00000000
00000000
00000030
00000000
00000000
00000000
adfb163a
c4c8790d
82bc0701
05797c5c
00030001
03020100
07060504
0b0a0908
0f0e0d0c
13121110
17161514
1b1a1918
1f1e1d1c
00323130
00000000
00000000
00000000
00000020
00000000
00000000
00000000
00000066
00000000
00000000
00000000
39beb645
03abfacd
19fec47b
39f16f67
00040001
03020100
07060504
0b0a0908
0f0e0d0c
13121110
17161514
1b1a1918
1f1e1d1c
33323130
00000000
00000000
00000000
00000020
00000000
00000000
00000000
000000cf
00000000
00000000
00000000
a8b1c8b8
5cd9e4a1
7ed15d55
fcae6ab4
00050001
03020100
07060504
0b0a0908
0f0e0d0c
13121110
17161514
1b1a1918
1f1e1d1c
33323130
00000034
00000000
00000000
00000020
00000000
00000000
00000000
00000030
00000000
00000000
00000000
b6d35df9
974aa4d7
aef7c844
4e2a63fe
00060001
03020100
07060504
0b0a0908
0f0e0d0c
13121110
17161514
1b1a1918
1f1e1d1c
33323130
00003534
00000000
00000000
00000020
00000000
00000000
00000000
00000093
00000000
00000000
00000000
9baf8e51
f760b96e
778f52c4
f1ae1dca
00070001
03020100
07060504
0b0a0908
0f0e0d0c
13121110
17161514
1b1a1918
1f1e1d1c
33323130
00363534
00000000
00000000
00000020
00000000
00000000
00000000
0000006e
00000000
00000000
00000000
b4e8c5a1
478f01a7
1598cd9f
b59aba11
00080001
03020100
07060504
0b0a0908
0f0e0d0c
13121110
17161514
1b1a1918
1f1e1d1c
33323130
37363534
00000000
00000000
00000020
00000000
00000000
00000000
000000fa
00000000
00000000
00000000
df50ce7d
ccead3d3
c2cb15d6
2c206759
00090001
03020100
07060504
0b0a0908
0f0e0d0c
13121110
17161514
1b1a1918
1f1e1d1c
33323130
37363534
00000038
00000000
00000020
00000000
00000000
00000000
000000bf
00000000
00000000
00000000
9de1c1b3
c0fb1e1e
d297b133
b0a6bc3f
000a0001
03020100
07060504
0b0a0908
0f0e0d0c
13121110
17161514
1b1a1918
1f1e1d1c
33323130
37363534
00003938
00000000
00000020
00000000
00000000
00000000
00000012
00000000
00000000
00000000
03f6fdb8
8e05398e
dae0192e
aed6af7b
000b0001
03020100
07060504
0b0a0908
0f0e0d0c
13121110
17161514
1b1a1918
1f1e1d1c
33323130
37363534
003a3938
00000000
00000020
00000000
00000000
00000000
00000016
00000000
00000000
00000000
93d244cf
b286d779
5002ea1d
30e7a89c
000c0001
03020100
07060504
0b0a0908
0f0e0d0c
13121110
17161514
1b1a1918
1f1e1d1c
33323130
37363534
3b3a3938
00000000
00000020
00000000
00000000
00000000
000000b8
00000000
00000000
00000000
9846f17d
746f0e9d
4968a366
a11229e0
000d0001
03020100
07060504
0b0a0908
0f0e0d0c
13121110
17161514
1b1a1918
1f1e1d1c
33323130
37363534
3b3a3938
0000003c
00000020
00000000
00000000
00000000
0000008c
00000000
00000000
00000000
549f4641
a734e4d4
e9397bc1
0b34b300
000e0001
03020100
07060504
0b0a0908
0f0e0d0c
13121110
17161514
1b1a1918
1f1e1d1c
33323130
37363534
3b3a3938
00003d3c
00000020
00000000
00000000
00000000
00000001
00000000
00000000
00000000
4bd20072
809688ea
29367e82
ce635742
000f0001
03020100
07060504
0b0a0908
0f0e0d0c
13121110
17161514
1b1a1918
1f1e1d1c
33323130
37363534
3b3a3938
003e3d3c
00000020
00000000
00000000
00000000
00000020
00000000
00000000
00000000
e21dcb89
453e7dae
c29c7eba
46855493
00100001
03020100
07060504
0b0a0908
0f0e0d0c
13121110
17161514
1b1a1918
1f1e1d1c
33323130
37363534
3b3a3938
3f3e3d3c
00000000
00000000
00000000
00000000
00000020
00000000
00000000
00000000
00000063
00000000
00000000
00000000
2cceba8b
8350a082
22b3462e
a052954a
00110001
03020100
07060504
0b0a0908
0f0e0d0c
13121110
17161514
1b1a1918
1f1e1d1c
33323130
37363534
3b3a3938
3f3e3d3c
00000040
00000000
00000000
00000000
00000020
00000000
00000000
00000000
000000bf
00000000
00000000
00000000
ba337ee8
5df42d79
27577059
6b1e079a
00120001
03020100
07060504
0b0a0908
0f0e0d0c
13121110
17161514
1b1a1918
1f1e1d1c
33323130
37363534
3b3a3938
3f3e3d3c
00004140
00000000
00000000
00000000
00000020
00000000
00000000
00000000
000000b3
00000000
00000000
00000000
311c30b9
31040c3b
f886a03a
5a277a75
00130001
03020100
07060504
0b0a0908
0f0e0d0c
13121110
17161514
1b1a1918
1f1e1d1c
33323130
37363534
3b3a3938
3f3e3d3c
00424140
00000000
00000000
00000000
00000020
00000000
00000000
00000000
000000a9
00000000
00000000
00000000
2de860b3
81c62d85
1372270f
1d06f9c0
00140001
03020100
07060504
0b0a0908
0f0e0d0c
13121110
17161514
1b1a1918
1f1e1d1c
33323130
37363534
3b3a3938
3f3e3d3c
43424140
00000000
00000000
00000000
00000020
00000000
00000000
00000000
000000d7
00000000
00000000
00000000
277a13db
4eb1546d
33e573db
5feba5a5
00150001
03020100
07060504
0b0a0908
0f0e0d0c
13121110
17161514
1b1a1918
1f1e1d1c
33323130
37363534
3b3a3938
3f3e3d3c
43424140
00000044
00000000
00000000
00000020
00000000
00000000
00000000
000000cc
00000000
00000000
00000000
a12790ba
ff0084fa
74bdcf1b
3e801a4f
00160001
03020100
07060504
0b0a0908
0f0e0d0c
13121110
17161514
1b1a1918
1f1e1d1c
33323130
37363534
3b3a3938
3f3e3d3c
43424140
00004544
00000000
00000000
00000020
00000000
00000000
00000000
00000096
00000000
00000000
00000000
d8020952
cb494aba
fd24a380
b4e75837
00170001
03020100
07060504
0b0a0908
0f0e0d0c
13121110
17161514
1b1a1918
1f1e1d1c
33323130
37363534
3b3a3938
3f3e3d3c
43424140
00464544
00000000
00000000
00000020
00000000
00000000
00000000
00000078
00000000
00000000
00000000
f1e4da09
b740205c
6ee52b0b
0c066ab7
00180001
03020100
07060504
0b0a0908
0f0e0d0c
13121110
17161514
1b1a1918
1f1e1d1c
33323130
37363534
3b3a3938
3f3e3d3c
43424140
47464544
00000000
00000000
00000020
00000000
00000000
00000000
0000009d
00000000
00000000
00000000
182d23db
42419f35
e341d8ac
f864117d
00190001
03020100
07060504
0b0a0908
0f0e0d0c
13121110
17161514
1b1a1918
1f1e1d1c
33323130
37363534
3b3a3938
3f3e3d3c
43424140
47464544
00000048
00000000
00000020
00000000
00000000
00000000
00000016
00000000
00000000
00000000
a1032810
016a8f43
dc741237
92ece4e4
001a0001
03020100
07060504
0b0a0908
0f0e0d0c
13121110
17161514
1b1a1918
1f1e1d1c
33323130
37363534
3b3a3938
3f3e3d3c
43424140
47464544
00004948
00000000
00000020
00000000
00000000
00000000
000000a9
00000000
00000000
00000000
e54f0e27
26439209
2b86ea06
f18cb04a
001b0001
03020100
07060504
0b0a0908
0f0e0d0c
13121110
17161514
1b1a1918
1f1e1d1c
33323130
37363534
3b3a3938
3f3e3d3c
43424140
47464544
004a4948
00000000
00000020
00000000
00000000
00000000
000000e4
00000000
00000000
00000000
17a77d45
2b604f87
80db643f
f3b03be5
001c0001
03020100
07060504
0b0a0908
0f0e0d0c
13121110
17161514
1b1a1918
1f1e1d1c
33323130
37363534
3b3a3938
3f3e3d3c
43424140
47464544
4b4a4948
00000000
00000020
00000000
00000000
00000000
00000052
00000000
00000000
00000000
1453f955
992465c7
c0493e14
ca4e3b6b
001d0001
03020100
07060504
0b0a0908
0f0e0d0c
13121110
17161514
1b1a1918
1f1e1d1c
33323130
37363534
3b3a3938
3f3e3d3c
43424140
47464544
4b4a4948
0000004c
00000020
00000000
00000000
00000000
00000043
00000000
00000000
00000000
29a5e04f
5cb11432
8f7d4a39
9009baaa
001e0001
03020100
07060504
0b0a0908
0f0e0d0c
13121110
17161514
1b1a1918
1f1e1d1c
33323130
37363534
3b3a3938
3f3e3d3c
43424140
47464544
4b4a4948
00004d4c
00000020
00000000
00000000
00000000
00000056
00000000
00000000
00000000
d537622b
97a2119a
440ab079
b7f9117b
001f0001
03020100
07060504
0b0a0908
0f0e0d0c
13121110
17161514
1b1a1918
1f1e1d1c
33323130
37363534
3b3a3938
3f3e3d3c
43424140
47464544
4b4a4948
004e4d4c
00000020
00000000
00000000
00000000
0000004b
00000000
00000000
00000000
c38b48f7
174a8a12
7e48e3df
ef072689
00200001
03020100
07060504
0b0a0908
0f0e0d0c
13121110
17161514
1b1a1918
1f1e1d1c
33323130
37363534
3b3a3938
3f3e3d3c
43424140
47464544
4b4a4948
4f4e4d4c
00000000
00000000
00000000
00000000
00000020
00000000
00000000
00000000
000000cb
00000000
00000000
00000000
4e326399
402307d5
0f5d4228
9c26ba64
00000002
03020100
07060504
0b0a0908
0f0e0d0c
13121110
17161514
1b1a1918
1f1e1d1c
00002120
00000000
00000000
00000000
0000c3e8
00000000
00000000
00000000
a3d2125a
2462e796
1854eef6
975146f6
00010002
03020100
07060504
0b0a0908
0f0e0d0c
13121110
17161514
1b1a1918
1f1e1d1c
00000030
00000000
00000000
00000000
00002120
00000000
00000000
00000000
00001096
00000000
00000000
00000000
d40c9ed3
d0f7613e
6f631b1a
9fb10fd6
00020002
03020100
07060504
0b0a0908
0f0e0d0c
13121110
17161514
1b1a1918
1f1e1d1c
00003130
00000000
00000000
00000000
00002120
00000000
00000000
00000000
0000fc30
00000000
00000000
00000000
940a58af
08b2041e
bc844080
bd63db23
00030002
03020100
07060504
0b0a0908
0f0e0d0c
13121110
17161514
1b1a1918
1f1e1d1c
00323130
00000000
00000000
00000000
00002120
00000000
00000000
00000000
0000d066
00000000
00000000
00000000
ddeb0eaf
522d3039
82034798
71eb5bd0
00040002
03020100
07060504
0b0a0908
0f0e0d0c
13121110
17161514
1b1a1918
1f1e1d1c
33323130
00000000
00000000
00000000
00002120
00000000
00000000
00000000
000053cf
00000000
00000000
00000000
d350f482
0303a152
c64e49a8
5f4008ed
00050002
03020100
07060504
0b0a0908
0f0e0d0c
13121110
17161514
1b1a1918
1f1e1d1c
33323130
00000034
00000000
00000000
00002120
00000000
00000000
00000000
00007630
00000000
00000000
00000000
be9439fd
0659c885
43a30f3a
af271b6b
00060002
03020100
07060504
0b0a0908
0f0e0d0c
13121110
17161514
1b1a1918
1f1e1d1c
33323130
00003534
00000000
00000000
00002120
00000000
00000000
00000000
00001093
00000000
00000000
00000000
86c14868
c2dc92ca
2fa94107
73e6af7a
00070002
03020100
07060504
0b0a0908
0f0e0d0c
13121110
17161514
1b1a1918
1f1e1d1c
33323130
00363534
00000000
00000000
00002120
00000000
00000000
00000000
0000026e
00000000
00000000
00000000
98b521f8
92c8ae62
deef4ac6
a7b40d05
00080002
03020100
07060504
0b0a0908
0f0e0d0c
13121110
17161514
1b1a1918
1f1e1d1c
33323130
37363534
00000000
00000000
00002120
00000000
00000000
00000000
0000befa
00000000
00000000
00000000
8f8b67fa
261b8ed2
0b77e25d
eb905eba
00090002
03020100
07060504
0b0a0908
0f0e0d0c
13121110
17161514
1b1a1918
1f1e1d1c
33323130
37363534
00000038
00000000
00002120
00000000
00000000
00000000
000079bf
00000000
00000000
00000000
a5f4aefb
51c4624c
d54a40d6
73cb3e01
000a0002
03020100
07060504
0b0a0908
0f0e0d0c
13121110
17161514
1b1a1918
1f1e1d1c
33323130
37363534
00003938
00000000
00002120
00000000
00000000
00000000
00000412
00000000
00000000
00000000
5521a63b
8eb7911e
3f0a6092
72020c90
000b0002
03020100
07060504
0b0a0908
0f0e0d0c
13121110
17161514
1b1a1918
1f1e1d1c
33323130
37363534
003a3938
00000000
00002120
00000000
00000000
00000000
0000c316
00000000
00000000
00000000
685407f5
79dbf2d8
d24cd929
18cd71ee
000c0002
03020100
07060504
0b0a0908
0f0e0d0c
13121110
17161514
1b1a1918
1f1e1d1c
33323130
37363534
3b3a3938
00000000
00002120
00000000
00000000
00000000
00003ab8
00000000
00000000
00000000
639dd94f
5975dcd0
fa87b761
12e90d3a
000d0002
03020100
07060504
0b0a0908
0f0e0d0c
13121110
17161514
1b1a1918
1f1e1d1c
33323130
37363534
3b3a3938
0000003c
00002120
00000000
00000000
00000000
0000838c
00000000
00000000
00000000
d99c7bda
be75142b
ef007868
0cfd47a9
000e0002
03020100
07060504
0b0a0908
0f0e0d0c
13121110
17161514
1b1a1918
1f1e1d1c
33323130
37363534
3b3a3938
00003d3c
00002120
00000000
00000000
00000000
00008c01
00000000
00000000
00000000
e34847c7
a626ac50
5549e8f2
b63121eb
000f0002
03020100
07060504
0b0a0908
0f0e0d0c
13121110
17161514
1b1a1918
1f1e1d1c
33323130
37363534
3b3a3938
003e3d3c
00002120
00000000
00000000
00000000
0000fd20
00000000
00000000
00000000
c1a3c1f2
b1fb20ab
6686b534
ba3f15ec
00100002
03020100
07060504
0b0a0908
0f0e0d0c
13121110
17161514
1b1a1918
1f1e1d1c
33323130
37363534
3b3a3938
3f3e3d3c
00000000
00000000
00000000
00000000
00002120
00000000
00000000
00000000
00007363
00000000
00000000
00000000
00496415
29863363
0a78efa5
6d792500
00110002
03020100
07060504
0b0a0908
0f0e0d0c
13121110
17161514
1b1a1918
1f1e1d1c
33323130
37363534
3b3a3938
3f3e3d3c
00000040
00000000
00000000
00000000
00002120
00000000
00000000
00000000
000077bf
00000000
00000000
00000000
ac940f4d
c0db4e9a
4168ad3e
bcd09386
00120002
03020100
07060504
0b0a0908
0f0e0d0c
13121110
17161514
1b1a1918
1f1e1d1c
33323130
37363534
3b3a3938
3f3e3d3c
00004140
00000000
00000000
00000000
00002120
00000000
00000000
00000000
0000b0b3
00000000
00000000
00000000
6e53a072
089bdbe6
dd43fed7
e2c5058e
00130002
03020100
07060504
0b0a0908
0f0e0d0c
13121110
17161514
1b1a1918
1f1e1d1c
33323130
37363534
3b3a3938
3f3e3d3c
00424140
00000000
00000000
00000000
00002120
00000000
00000000
00000000
000067a9
00000000
00000000
00000000
2d5b9fb3
19c49680
bbe28757
f4631a90
00140002
03020100
07060504
0b0a0908
0f0e0d0c
13121110
17161514
1b1a1918
1f1e1d1c
33323130
37363534
3b3a3938
3f3e3d3c
43424140
00000000
00000000
00000000
00002120
00000000
00000000
00000000
0000fdd7
00000000
00000000
00000000
fc392fc2
0f1c9eaf
ae22847c
f4a9fab8
00150002
03020100
07060504
0b0a0908
0f0e0d0c
13121110
17161514
1b1a1918
1f1e1d1c
33323130
37363534
3b3a3938
3f3e3d3c
43424140
00000044
00000000
00000000
00002120
00000000
00000000
00000000
000026cc
00000000
00000000
00000000
cd783fe3
ddd70884
c2efb98f
3d03830f
00160002
03020100
07060504
0b0a0908
0f0e0d0c
13121110
17161514
1b1a1918
1f1e1d1c
33323130
37363534
3b3a3938
3f3e3d3c
43424140
00004544
00000000
00000000
00002120
00000000
00000000
00000000
0000a396
00000000
00000000
00000000
1feacece
e000f0cf
5826e5a0
dfb83068
00170002
03020100
07060504
0b0a0908
0f0e0d0c
13121110
17161514
1b1a1918
1f1e1d1c
33323130
37363534
3b3a3938
3f3e3d3c
43424140
00464544
00000000
00000000
00002120
00000000
00000000
00000000
00001478
00000000
00000000
00000000
c01eabe9
cab52867
b572f2e4
4038dadf
00180002
03020100
07060504
0b0a0908
0f0e0d0c
13121110
17161514
1b1a1918
1f1e1d1c
33323130
37363534
3b3a3938
3f3e3d3c
43424140
47464544
00000000
00000000
00002120
00000000
00000000
00000000
0000299d
00000000
00000000
00000000
8624e2aa
8cfe8a0c
82511229
ac06aebc
00190002
03020100
07060504
0b0a0908
0f0e0d0c
13121110
17161514
1b1a1918
1f1e1d1c
33323130
37363534
3b3a3938
3f3e3d3c
43424140
47464544
00000048
00000000
00002120
00000000
00000000
00000000
0000cb16
00000000
00000000
00000000
9c109ff4
76232f2c
93a17e42
27e1cbf8
001a0002
03020100
07060504
0b0a0908
0f0e0d0c
13121110
17161514
1b1a1918
1f1e1d1c
33323130
37363534
3b3a3938
3f3e3d3c
43424140
47464544
00004948
00000000
00002120
00000000
00000000
00000000
00002ea9
00000000
00000000
00000000
f98836df
134a4105
28a4f829
e8705c4b
001b0002
03020100
07060504
0b0a0908
0f0e0d0c
13121110
17161514
1b1a1918
1f1e1d1c
33323130
37363534
3b3a3938
3f3e3d3c
43424140
47464544
004a4948
00000000
00002120
00000000
00000000
00000000
0000c1e4
00000000
00000000
00000000
0e806506
0ae01b1b
6cca71ee
779bb19b
001c0002
03020100
07060504
0b0a0908
0f0e0d0c
13121110
17161514
1b1a1918
1f1e1d1c
33323130
37363534
3b3a3938
3f3e3d3c
43424140
47464544
4b4a4948
00000000
00002120
00000000
00000000
00000000
00004752
00000000
00000000
00000000
04d3285a
95619561
932908d2
cfc7d373
001d0002
03020100
07060504
0b0a0908
0f0e0d0c
13121110
17161514
1b1a1918
1f1e1d1c
33323130
37363534
3b3a3938
3f3e3d3c
43424140
47464544
4b4a4948
0000004c
00002120
00000000
00000000
00000000
00002f43
00000000
00000000
00000000
74391e3c
7bc8e778
de73fa69
1248ea75
001e0002
03020100
07060504
0b0a0908
0f0e0d0c
13121110
17161514
1b1a1918
1f1e1d1c
33323130
37363534
3b3a3938
3f3e3d3c
43424140
47464544
4b4a4948
00004d4c
00002120
00000000
00000000
00000000
00005956
00000000
00000000
00000000
7aeacd72
6cc283d9
ff2c1867
74108d0d
001f0002
03020100
07060504
0b0a0908
0f0e0d0c
13121110
17161514
1b1a1918
1f1e1d1c
33323130
37363534
3b3a3938
3f3e3d3c
43424140
47464544
4b4a4948
004e4d4c
00002120
00000000
00000000
00000000
0000394b
00000000
00000000
00000000
ab3461f3
aab57b48
4b1eed58
50336e56
00200002
03020100
07060504
0b0a0908
0f0e0d0c
13121110
17161514
1b1a1918
1f1e1d1c
33323130
37363534
3b3a3938
3f3e3d3c
43424140
47464544
4b4a4948
4f4e4d4c
00000000
00000000
00000000
00000000
00002120
00000000
00000000
00000000
000034cb
00000000
00000000
00000000
937a699b
8a0476cf
7606e863
0b2505f6
00000003
03020100
07060504
0b0a0908
0f0e0d0c
13121110
17161514
1b1a1918
1f1e1d1c
00222120
00000000
00000000
00000000
00dec3e8
00000000
00000000
00000000
81128eaf
39df8e6b
a97115ad
a27c2b49
00010003
03020100
07060504
0b0a0908
0f0e0d0c
13121110
17161514
1b1a1918
1f1e1d1c
00000030
00000000
00000000
00000000
00222120
00000000
00000000
00000000
007d1096
00000000
00000000
00000000
6a07e1d3
c566565e
9f921e34
6d8072f1
00020003
03020100
07060504
0b0a0908
0f0e0d0c
13121110
17161514
1b1a1918
1f1e1d1c
00003130
00000000
00000000
00000000
00222120
00000000
00000000
00000000
00effc30
00000000
00000000
00000000
e9814c12
46048e91
85ba2631
af732545
00030003
03020100
07060504
0b0a0908
0f0e0d0c
13121110
17161514
1b1a1918
1f1e1d1c
00323130
00000000
00000000
00000000
00222120
00000000
00000000
00000000
00d5d066
00000000
00000000
00000000
50710a79
16e6a344
79c141d4
4a405109
00040003
03020100
07060504
0b0a0908
0f0e0d0c
13121110
17161514
1b1a1918
1f1e1d1c
33323130
00000000
00000000
00000000
00222120
00000000
00000000
00000000
003753cf
00000000
00000000
00000000
9e8da1f5
6bff987f
0b96bc1e
c9bc94d3
00050003
03020100
07060504
0b0a0908
0f0e0d0c
13121110
17161514
1b1a1918
1f1e1d1c
33323130
00000034
00000000
00000000
00222120
00000000
00000000
00000000
00657630
00000000
00000000
00000000
f00f4db5
f44ff307
9560ccd5
2c096f36
00060003
03020100
07060504
0b0a0908
0f0e0d0c
13121110
17161514
1b1a1918
1f1e1d1c
33323130
00003534
00000000
00000000
00222120
00000000
00000000
00000000
00c61093
00000000
00000000
00000000
e5940dd5
3855312a
0bf3e833
02be14e8
00070003
03020100
07060504
0b0a0908
0f0e0d0c
13121110
17161514
1b1a1918
1f1e1d1c
33323130
00363534
00000000
00000000
00222120
00000000
00000000
00000000
004b026e
00000000
00000000
00000000
2ecdadc2
7c39e7a7
a7b73816
2542d575
00080003
03020100
07060504
0b0a0908
0f0e0d0c
13121110
17161514
1b1a1918
1f1e1d1c
33323130
37363534
00000000
00000000
00222120
00000000
00000000
00000000
002cbefa
00000000
00000000
00000000
cb75fa9e
e8d54c35
b61f483c
c0942ee4
00090003
03020100
07060504
0b0a0908
0f0e0d0c
13121110
17161514
1b1a1918
1f1e1d1c
33323130
37363534
00000038
00000000
00222120
00000000
00000000
00000000
00d779bf
00000000
00000000
00000000
e8c0cff4
573f0cd7
5705880f
a08c1dbc
000a0003
03020100
07060504
0b0a0908
0f0e0d0c
13121110
17161514
1b1a1918
1f1e1d1c
33323130
37363534
00003938
00000000
00222120
00000000
00000000
00000000
00290412
00000000
00000000
00000000
b4f46968
b8fc9eca
d1ff0172
1594e7ba
000b0003
03020100
07060504
0b0a0908
0f0e0d0c
13121110
17161514
1b1a1918
1f1e1d1c
33323130
37363534
003a3938
00000000
00222120
00000000
00000000
00000000
006ec316
00000000
00000000
00000000
d7334504
c4eae29d
7b14e1bb
b11dd44c
000c0003
03020100
07060504
0b0a0908
0f0e0d0c
13121110
17161514
1b1a1918
1f1e1d1c
33323130
37363534
3b3a3938
00000000
00222120
00000000
00000000
00000000
001c3ab8
00000000
00000000
00000000
e5836090
74b9e1ae
b354cddd
c1d99b40
000d0003
03020100
07060504
0b0a0908
0f0e0d0c
13121110
17161514
1b1a1918
1f1e1d1c
33323130
37363534
3b3a3938
0000003c
00222120
00000000
00000000
00000000
009b838c
00000000
00000000
00000000
bed55137
b9f8fcfc
674c8b2c
bd9ffb36
000e0003
03020100
07060504
0b0a0908
0f0e0d0c
13121110
17161514
1b1a1918
1f1e1d1c
33323130
37363534
3b3a3938
00003d3c
00222120
00000000
00000000
00000000
00988c01
00000000
00000000
00000000
edbf97a6
a7f22c54
8b093c76
6142e7de
000f0003
03020100
07060504
0b0a0908
0f0e0d0c
13121110
17161514
1b1a1918
1f1e1d1c
33323130
37363534
3b3a3938
003e3d3c
00222120
00000000
00000000
00000000
0019fd20
00000000
00000000
00000000
697b94fb
f4f5c428
d84b0b93
b314edf1
00100003
03020100
07060504
0b0a0908
0f0e0d0c
13121110
17161514
1b1a1918
1f1e1d1c
33323130
37363534
3b3a3938
3f3e3d3c
00000000
00000000
00000000
00000000
00222120
00000000
00000000
00000000
00eb7363
00000000
00000000
00000000
91b2d72c
9ba80090
a2b4711d
0a6e6b01
00110003
03020100
07060504
0b0a0908
0f0e0d0c
13121110
17161514
1b1a1918
1f1e1d1c
33323130
37363534
3b3a3938
3f3e3d3c
00000040
00000000
00000000
00000000
00222120
00000000
00000000
00000000
00c777bf
00000000
00000000
00000000
fbdc1a69
24b0d747
50e22e09
f1a9350e
00120003
03020100
07060504
0b0a0908
0f0e0d0c
13121110
17161514
1b1a1918
1f1e1d1c
33323130
37363534
3b3a3938
3f3e3d3c
00004140
00000000
00000000
00000000
00222120
00000000
00000000
00000000
005fb0b3
00000000
00000000
00000000
bca819d4
0630c55f
c51161e8
096af125
00130003
03020100
07060504
0b0a0908
0f0e0d0c
13121110
17161514
1b1a1918
1f1e1d1c
33323130
37363534
3b3a3938
3f3e3d3c
00424140
00000000
00000000
00000000
00222120
00000000
00000000
00000000
00c167a9
00000000
00000000
00000000
67cf7208
c056580d
363f7522
9f09897e
00140003
03020100
07060504
0b0a0908
0f0e0d0c
13121110
17161514
1b1a1918
1f1e1d1c
33323130
37363534
3b3a3938
3f3e3d3c
43424140
00000000
00000000
00000000
00222120
00000000
00000000
00000000
00defdd7
00000000
00000000
00000000
0aa8a9c9
16c1b65a
c7eadf65
49bc510d
00150003
03020100
07060504
0b0a0908
0f0e0d0c
13121110
17161514
1b1a1918
1f1e1d1c
33323130
37363534
3b3a3938
3f3e3d3c
43424140
00000044
00000000
00000000
00222120
00000000
00000000
00000000
001d26cc
00000000
00000000
00000000
c8a86b26
76fec685
b2dd5bf8
19f0cde4
00160003
03020100
07060504
0b0a0908
0f0e0d0c
13121110
17161514
1b1a1918
1f1e1d1c
33323130
37363534
3b3a3938
3f3e3d3c
43424140
00004544
00000000
00000000
00222120
00000000
00000000
00000000
00aba396
00000000
00000000
00000000
62bb418d
6a2873a9
1215edff
8f7482bc
00170003
03020100
07060504
0b0a0908
0f0e0d0c
13121110
17161514
1b1a1918
1f1e1d1c
33323130
37363534
3b3a3938
3f3e3d3c
43424140
00464544
00000000
00000000
00222120
00000000
00000000
00000000
00591478
00000000
00000000
00000000
fd4b9972
d33a58e5
9c103cbf
c520257c
00180003
03020100
07060504
0b0a0908
0f0e0d0c
13121110
17161514
1b1a1918
1f1e1d1c
33323130
37363534
3b3a3938
3f3e3d3c
43424140
47464544
00000000
00000000
00222120
00000000
00000000
00000000
00f9299d
00000000
00000000
00000000
6d87d1d5
47364ce0
0b7c1066
598bc30a
00190003
03020100
07060504
0b0a0908
0f0e0d0c
13121110
17161514
1b1a1918
1f1e1d1c
33323130
37363534
3b3a3938
3f3e3d3c
43424140
47464544
00000048
00000000
00222120
00000000
00000000
00000000
0013cb16
00000000
00000000
00000000
f755b5f9
149b9e45
ab476cc7
efed4b0d
001a0003
03020100
07060504
0b0a0908
0f0e0d0c
13121110
17161514
1b1a1918
1f1e1d1c
33323130
37363534
3b3a3938
3f3e3d3c
43424140
47464544
00004948
00000000
00222120
00000000
00000000
00000000
00f72ea9
00000000
00000000
00000000
cd3ce868
1545ab88
707c933e
70d1f4c4
001b0003
03020100
07060504
0b0a0908
0f0e0d0c
13121110
17161514
1b1a1918
1f1e1d1c
33323130
37363534
3b3a3938
3f3e3d3c
43424140
47464544
004a4948
00000000
00222120
00000000
00000000
00000000
00bbc1e4
00000000
00000000
00000000
5729f0cb
b1c228ae
08e3a18e
68a53fe1
001c0003
03020100
07060504
0b0a0908
0f0e0d0c
13121110
17161514
1b1a1918
1f1e1d1c
33323130
37363534
3b3a3938
3f3e3d3c
43424140
47464544
4b4a4948
00000000
00222120
00000000
00000000
00000000
006f4752
00000000
00000000
00000000
c34dfd00
22173ca3
e0247552
260c23c6
001d0003
03020100
07060504
0b0a0908
0f0e0d0c
13121110
17161514
1b1a1918
1f1e1d1c
33323130
37363534
3b3a3938
3f3e3d3c
43424140
47464544
4b4a4948
0000004c
00222120
00000000
00000000
00000000
000c2f43
00000000
00000000
00000000
9a2580d9
7bfb5c5a
3ed00ca1
a1484b84
001e0003
03020100
07060504
0b0a0908
0f0e0d0c
13121110
17161514
1b1a1918
1f1e1d1c
33323130
37363534
3b3a3938
3f3e3d3c
43424140
47464544
4b4a4948
00004d4c
00222120
00000000
00000000
00000000
00685956
00000000
00000000
00000000
3eef9ab4
5bc59adc
7313caf3
2509b78b
001f0003
03020100
07060504
0b0a0908
0f0e0d0c
13121110
17161514
1b1a1918
1f1e1d1c
33323130
37363534
3b3a3938
3f3e3d3c
43424140
47464544
4b4a4948
004e4d4c
00222120
00000000
00000000
00000000
002e394b
00000000
00000000
00000000
9f6ae49a
e34bc1af
e696216a
f8b5809d
00200003
03020100
07060504
0b0a0908
0f0e0d0c
13121110
17161514
1b1a1918
1f1e1d1c
33323130
37363534
3b3a3938
3f3e3d3c
43424140
47464544
4b4a4948
4f4e4d4c
00000000
00000000
00000000
00000000
00222120
00000000
00000000
00000000
00d034cb
00000000
00000000
00000000
e2fa9719
1d880a61
c07e62d5
035234c5
00000004
03020100
07060504
0b0a0908
0f0e0d0c
13121110
17161514
1b1a1918
1f1e1d1c
23222120
00000000
00000000
00000000
eedec3e8
00000000
00000000
00000000
6aa9c003
4cb6099b
abd966de
04cd9607
00010004
03020100
07060504
0b0a0908
0f0e0d0c
13121110
17161514
1b1a1918
1f1e1d1c
00000030
00000000
00000000
00000000
23222120
00000000
00000000
00000000
8a7d1096
00000000
00000000
00000000
8f514bc3
900e8767
e0150e4b
4b081b8a
00020004
03020100
07060504
0b0a0908
0f0e0d0c
13121110
17161514
1b1a1918
1f1e1d1c
00003130
00000000
00000000
00000000
23222120
00000000
00000000
00000000
adeffc30
00000000
00000000
00000000
a88754a3
00bbb9b2
486d8005
d32ba8a6
00030004
03020100
07060504
0b0a0908
0f0e0d0c
13121110
17161514
1b1a1918
1f1e1d1c
00323130
00000000
00000000
00000000
23222120
00000000
00000000
00000000
2bd5d066
00000000
00000000
00000000
64bea181
d3e464db
90e6c5e2
737650ff
00040004
03020100
07060504
0b0a0908
0f0e0d0c
13121110
17161514
1b1a1918
1f1e1d1c
33323130
00000000
00000000
00000000
23222120
00000000
00000000
00000000
fc3753cf
00000000
00000000
00000000
9ca20582
cd47179f
31e3bce8
fc25e9e3
00050004
03020100
07060504
0b0a0908
0f0e0d0c
13121110
17161514
1b1a1918
1f1e1d1c
33323130
00000034
00000000
00000000
23222120
00000000
00000000
00000000
8c657630
00000000
00000000
00000000
9774c0f6
799202b2
22e37bbe
06f6a76f
00060004
03020100
07060504
0b0a0908
0f0e0d0c
13121110
17161514
1b1a1918
1f1e1d1c
33323130
00003534
00000000
00000000
23222120
00000000
00000000
00000000
ddc61093
00000000
00000000
00000000
547cc77d
aed47aaf
bc292fbe
189d931a
00070004
03020100
07060504
0b0a0908
0f0e0d0c
13121110
17161514
1b1a1918
1f1e1d1c
33323130
00363534
00000000
00000000
23222120
00000000
00000000
00000000
d44b026e
00000000
00000000
00000000
f85e5f1a
b4537129
919b9ff6
6f6a86ff
00080004
03020100
07060504
0b0a0908
0f0e0d0c
13121110
17161514
1b1a1918
1f1e1d1c
33323130
37363534
00000000
00000000
23222120
00000000
00000000
00000000
b12cbefa
00000000
00000000
00000000
2d03e255
ee8f599c
3ac41981
b0422b88
00090004
03020100
07060504
0b0a0908
0f0e0d0c
13121110
17161514
1b1a1918
1f1e1d1c
33323130
37363534
00000038
00000000
23222120
00000000
00000000
00000000
47d779bf
00000000
00000000
00000000
83afe3cc
d2a057a2
e80c062f
d30835b8
000a0004
03020100
07060504
0b0a0908
0f0e0d0c
13121110
17161514
1b1a1918
1f1e1d1c
33323130
37363534
00003938
00000000
23222120
00000000
00000000
00000000
96290412
00000000
00000000
00000000
5dda1b1a
fbc4628d
2c261b0b
d59e671a
000b0004
03020100
07060504
0b0a0908
0f0e0d0c
13121110
17161514
1b1a1918
1f1e1d1c
33323130
37363534
003a3938
00000000
23222120
00000000
00000000
00000000
256ec316
00000000
00000000
00000000
b0d05f86
9c651f00
447f5b21
7c4d43bd
000c0004
03020100
07060504
0b0a0908
0f0e0d0c
13121110
17161514
1b1a1918
1f1e1d1c
33323130
37363534
3b3a3938
00000000
23222120
00000000
00000000
00000000
621c3ab8
00000000
00000000
00000000
a3b14559
40bad375
085c43cf
ac2fc234
000d0004
03020100
07060504
0b0a0908
0f0e0d0c
13121110
17161514
1b1a1918
1f1e1d1c
33323130
37363534
3b3a3938
0000003c
23222120
00000000
00000000
00000000
a19b838c
00000000
00000000
00000000
c89f2f89
479c471c
57bd37ac
f67511d7
000e0004
03020100
07060504
0b0a0908
0f0e0d0c
13121110
17161514
1b1a1918
1f1e1d1c
33323130
37363534
3b3a3938
00003d3c
23222120
00000000
00000000
00000000
59988c01
00000000
00000000
00000000
bb74e532
d167b432
e82edb8a
409e5ef4
000f0004
03020100
07060504
0b0a0908
0f0e0d0c
13121110
17161514
1b1a1918
1f1e1d1c
33323130
37363534
3b3a3938
003e3d3c
23222120
00000000
00000000
00000000
da19fd20
00000000
00000000
00000000
84963c62
481cef86
f818acaa
f7b982be
00100004
03020100
07060504
0b0a0908
0f0e0d0c
13121110
17161514
1b1a1918
1f1e1d1c
33323130
37363534
3b3a3938
3f3e3d3c
00000000
00000000
00000000
00000000
23222120
00000000
00000000
00000000
b2eb7363
00000000
00000000
00000000
14b3a464
fb066325
41af169a
208ac855
00110004
03020100
07060504
0b0a0908
0f0e0d0c
13121110
17161514
1b1a1918
1f1e1d1c
33323130
37363534
3b3a3938
3f3e3d3c
00000040
00000000
00000000
00000000
23222120
00000000
00000000
00000000
1bc777bf
00000000
00000000
00000000
fffb8628
bebcdf0e
79012d38
342efaf8
00120004
03020100
07060504
0b0a0908
0f0e0d0c
13121110
17161514
1b1a1918
1f1e1d1c
33323130
37363534
3b3a3938
3f3e3d3c
00004140
00000000
00000000
00000000
23222120
00000000
00000000
00000000
0a5fb0b3
00000000
00000000
00000000
679625c4
e4c39c33
695c42fe
3eb9ce78
00130004
03020100
07060504
0b0a0908
0f0e0d0c
13121110
17161514
1b1a1918
1f1e1d1c
33323130
37363534
3b3a3938
3f3e3d3c
00424140
00000000
00000000
00000000
23222120
00000000
00000000
00000000
36c167a9
00000000
00000000
00000000
501a0c26
f27c8a4e
166cb04c
5feecf8d
00140004
03020100
07060504
0b0a0908
0f0e0d0c
13121110
17161514
1b1a1918
1f1e1d1c
33323130
37363534
3b3a3938
3f3e3d3c
43424140
00000000
00000000
00000000
23222120
00000000
00000000
00000000
3bdefdd7
00000000
00000000
00000000
99eb0591
a0f9cfa0
b09eb25b
e2565647
00150004
03020100
07060504
0b0a0908
0f0e0d0c
13121110
17161514
1b1a1918
1f1e1d1c
33323130
37363534
3b3a3938
3f3e3d3c
43424140
00000044
00000000
00000000
23222120
00000000
00000000
00000000
9f1d26cc
00000000
00000000
00000000
9f318452
99cfc62d
7f03e8a3
689a99f6
00160004
03020100
07060504
0b0a0908
0f0e0d0c
13121110
17161514
1b1a1918
1f1e1d1c
33323130
37363534
3b3a3938
3f3e3d3c
43424140
00004544
00000000
00000000
23222120
00000000
00000000
00000000
36aba396
00000000
00000000
00000000
fb7d6110
179cb76a
a8a93b85
11c6c9f4
00170004
03020100
07060504
0b0a0908
0f0e0d0c
13121110
17161514
1b1a1918
1f1e1d1c
33323130
37363534
3b3a3938
3f3e3d3c
43424140
00464544
00000000
00000000
23222120
00000000
00000000
00000000
2e591478
00000000
00000000
00000000
1569d5d0
f1cb8a60
a15c892b
67e01892
00180004
03020100
07060504
0b0a0908
0f0e0d0c
13121110
17161514
1b1a1918
1f1e1d1c
33323130
37363534
3b3a3938
3f3e3d3c
43424140
47464544
00000000
00000000
23222120
00000000
00000000
00000000
d5f9299d
00000000
00000000
00000000
710e4892
b7a44fff
be9ded9c
c2642c3e
00190004
03020100
07060504
0b0a0908
0f0e0d0c
13121110
17161514
1b1a1918
1f1e1d1c
33323130
37363534
3b3a3938
3f3e3d3c
43424140
47464544
00000048
00000000
23222120
00000000
00000000
00000000
e513cb16
00000000
00000000
00000000
f4e3933d
e3ff2046
c3f433e5
950ea846
001a0004
03020100
07060504
0b0a0908
0f0e0d0c
13121110
17161514
1b1a1918
1f1e1d1c
33323130
37363534
3b3a3938
3f3e3d3c
43424140
47464544
00004948
00000000
23222120
00000000
00000000
00000000
0df72ea9
00000000
00000000
00000000
89bab21b
6e1a8c90
70d26917
adbd06ce
001b0004
03020100
07060504
0b0a0908
0f0e0d0c
13121110
17161514
1b1a1918
1f1e1d1c
33323130
37363534
3b3a3938
3f3e3d3c
43424140
47464544
004a4948
00000000
23222120
00000000
00000000
00000000
6bbbc1e4
00000000
00000000
00000000
d65fa78a
319e6c3b
188e178f
c0e0f659
001c0004
03020100
07060504
0b0a0908
0f0e0d0c
13121110
17161514
1b1a1918
1f1e1d1c
33323130
37363534
3b3a3938
3f3e3d3c
43424140
47464544
4b4a4948
00000000
23222120
00000000
00000000
00000000
e16f4752
00000000
00000000
00000000
3e8bf8b8
0485dee4
c52fdceb
698a5f77
001d0004
03020100
07060504
0b0a0908
0f0e0d0c
13121110
17161514
1b1a1918
1f1e1d1c
33323130
37363534
3b3a3938
3f3e3d3c
43424140
47464544
4b4a4948
0000004c
23222120
00000000
00000000
00000000
b60c2f43
00000000
00000000
00000000
9efed080
fc7a4cf6
7b0f296a
9545f9e0
001e0004
03020100
07060504
0b0a0908
0f0e0d0c
13121110
17161514
1b1a1918
1f1e1d1c
33323130
37363534
3b3a3938
3f3e3d3c
43424140
47464544
4b4a4948
00004d4c
23222120
00000000
00000000
00000000
b0685956
00000000
00000000
00000000
810e51e5
8f71d900
7339e788
ee5f53b7
001f0004
03020100
07060504
0b0a0908
0f0e0d0c
13121110
17161514
1b1a1918
1f1e1d1c
33323130
37363534
3b3a3938
3f3e3d3c
43424140
47464544
4b4a4948
004e4d4c
23222120
00000000
00000000
00000000
5f2e394b
00000000
00000000
00000000
585f6b81
05ad4d30
7c2c1444
800cdd4d
00200004
03020100
07060504
0b0a0908
0f0e0d0c
13121110
17161514
1b1a1918
1f1e1d1c
33323130
37363534
3b3a3938
3f3e3d3c
43424140
47464544
4b4a4948
4f4e4d4c
00000000
00000000
00000000
00000000
23222120
00000000
00000000
00000000
46d034cb
00000000
00000000
00000000
bbd47004
059599f2
1cfbdf1d
31569dce
00000005
03020100
07060504
0b0a0908
0f0e0d0c
13121110
17161514
1b1a1918
1f1e1d1c
23222120
00000024
00000000
00000000
eedec3e8
00000024
00000000
00000000
392a8121
74f08f8a
46dab7c8
a7942ac8
00010005
03020100
07060504
0b0a0908
0f0e0d0c
13121110
17161514
1b1a1918
1f1e1d1c
00000030
00000000
00000000
00000000
23222120
00000024
00000000
00000000
8a7d1096
00000029
00000000
00000000
8ae16486
5d69636b
c860c880
b09c1f01
00020005
03020100
07060504
0b0a0908
0f0e0d0c
13121110
17161514
1b1a1918
1f1e1d1c
00003130
00000000
00000000
00000000
23222120
00000024
00000000
00000000
adeffc30
00000028
00000000
00000000
e4347abf
2f8f38b7
078e2b3e
5e2b08ee
00030005
03020100
07060504
0b0a0908
0f0e0d0c
13121110
17161514
1b1a1918
1f1e1d1c
00323130
00000000
00000000
00000000
23222120
00000024
00000000
00000000
2bd5d066
000000f4
00000000
00000000
085265a8
ffd66f17
94a36d6e
8c4145a2
00040005
03020100
07060504
0b0a0908
0f0e0d0c
13121110
17161514
1b1a1918
1f1e1d1c
33323130
00000000
00000000
00000000
23222120
00000024
00000000
00000000
fc3753cf
000000b7
00000000
00000000
cbab25ee
acb17bbe
03ff9e7b
c83675d7
00050005
03020100
07060504
0b0a0908
0f0e0d0c
13121110
17161514
1b1a1918
1f1e1d1c
33323130
00000034
00000000
00000000
23222120
00000024
00000000
00000000
8c657630
000000ba
00000000
00000000
758c0134
3648ebd5
499acdd4
f17b53c7
00060005
03020100
07060504
0b0a0908
0f0e0d0c
13121110
17161514
1b1a1918
1f1e1d1c
33323130
00003534
00000000
00000000
23222120
00000024
00000000
00000000
ddc61093
0000008e
00000000
00000000
9fabf106
de0d7c4a
8c2159aa
84b789f5
00070005
03020100
07060504
0b0a0908
0f0e0d0c
13121110
17161514
1b1a1918
1f1e1d1c
33323130
00363534
00000000
00000000
23222120
00000024
00000000
00000000
d44b026e
00000003
00000000
00000000
7fdf9020
f09d3a16
95dbcf32
6f70182f
00080005
03020100
07060504
0b0a0908
0f0e0d0c
13121110
17161514
1b1a1918
1f1e1d1c
33323130
37363534
00000000
00000000
23222120
00000024
00000000
00000000
b12cbefa
000000e7
00000000
00000000
97c7642e
847fc90d
06e4c018
890c9f3b
00090005
03020100
07060504
0b0a0908
0f0e0d0c
13121110
17161514
1b1a1918
1f1e1d1c
33323130
37363534
00000038
00000000
23222120
00000024
00000000
00000000
47d779bf
0000006d
00000000
00000000
d29e231d
58df3923
000d2104
aa35a812
000a0005
03020100
07060504
0b0a0908
0f0e0d0c
13121110
17161514
1b1a1918
1f1e1d1c
33323130
37363534
00003938
00000000
23222120
00000024
00000000
00000000
96290412
000000da
00000000
00000000
31fe7fad
836c21c9
0bef912d
2c2e3109
000b0005
03020100
07060504
0b0a0908
0f0e0d0c
13121110
17161514
1b1a1918
1f1e1d1c
33323130
37363534
003a3938
00000000
23222120
00000024
00000000
00000000
256ec316
000000fb
00000000
00000000
01781720
091bab3c
85b225d2
f9740794
000c0005
03020100
07060504
0b0a0908
0f0e0d0c
13121110
17161514
1b1a1918
1f1e1d1c
33323130
37363534
3b3a3938
00000000
23222120
00000024
00000000
00000000
621c3ab8
000000ad
00000000
00000000
4db3f99d
77f5c749
5536c07f
41ec278e
000d0005
03020100
07060504
0b0a0908
0f0e0d0c
13121110
17161514
1b1a1918
1f1e1d1c
33323130
37363534
3b3a3938
0000003c
23222120
00000024
00000000
00000000
a19b838c
000000b0
00000000
00000000
b7c567af
d22145d8
e07e1df3
bd86d24f
000e0005
03020100
07060504
0b0a0908
0f0e0d0c
13121110
17161514
1b1a1918
1f1e1d1c
33323130
37363534
3b3a3938
00003d3c
23222120
00000024
00000000
00000000
59988c01
000000dc
00000000
00000000
a68c71be
341e4959
cd2c7ffe
0916a2b3
000f0005
03020100
07060504
0b0a0908
0f0e0d0c
13121110
17161514
1b1a1918
1f1e1d1c
33323130
37363534
3b3a3938
003e3d3c
23222120
00000024
00000000
00000000
da19fd20
000000bc
00000000
00000000
9ca3605f
b3901b72
2cac3b52
6ec3f3f1
00100005
03020100
07060504
0b0a0908
0f0e0d0c
13121110
17161514
1b1a1918
1f1e1d1c
33323130
37363534
3b3a3938
3f3e3d3c
00000000
00000000
00000000
00000000
23222120
00000024
00000000
00000000
b2eb7363
0000008b
00000000
00000000
addc2ccf
c4124a55
9dd8ea44
87adcca6
00110005
03020100
07060504
0b0a0908
0f0e0d0c
13121110
17161514
1b1a1918
1f1e1d1c
33323130
37363534
3b3a3938
3f3e3d3c
00000040
00000000
00000000
00000000
23222120
00000024
00000000
00000000
1bc777bf
0000003d
00000000
00000000
b91d9152
0216e312
57207ba7
4cb86166
00120005
03020100
07060504
0b0a0908
0f0e0d0c
13121110
17161514
1b1a1918
1f1e1d1c
33323130
37363534
3b3a3938
3f3e3d3c
00004140
00000000
00000000
00000000
23222120
00000024
00000000
00000000
0a5fb0b3
00000008
00000000
00000000
d4917a59
101c86fe
af14bfee
bbd399ae
00130005
03020100
07060504
0b0a0908
0f0e0d0c
13121110
17161514
1b1a1918
1f1e1d1c
33323130
37363534
3b3a3938
3f3e3d3c
00424140
00000000
00000000
00000000
23222120
00000024
00000000
00000000
36c167a9
000000d3
00000000
00000000
2ceef80d
5da54511
ada9ba95
f3cef834
00140005
03020100
07060504
0b0a0908
0f0e0d0c
13121110
17161514
1b1a1918
1f1e1d1c
33323130
37363534
3b3a3938
3f3e3d3c
43424140
00000000
00000000
00000000
23222120
00000024
00000000
00000000
3bdefdd7
000000e4
00000000
00000000
c7fef36f
8a74a10a
fc665e3c
854430ec
00150005
03020100
07060504
0b0a0908
0f0e0d0c
13121110
17161514
1b1a1918
1f1e1d1c
33323130
37363534
3b3a3938
3f3e3d3c
43424140
00000044
00000000
00000000
23222120
00000024
00000000
00000000
9f1d26cc
0000008f
00000000
00000000
c3ed58a0
440015a6
19c5542c
e8984200
00160005
03020100
07060504
0b0a0908
0f0e0d0c
13121110
17161514
1b1a1918
1f1e1d1c
33323130
37363534
3b3a3938
3f3e3d3c
43424140
00004544
00000000
00000000
23222120
00000024
00000000
00000000
36aba396
0000005e
00000000
00000000
41334b39
fd5cb128
8146f871
25845c27
00170005
03020100
07060504
0b0a0908
0f0e0d0c
13121110
17161514
1b1a1918
1f1e1d1c
33323130
37363534
3b3a3938
3f3e3d3c
43424140
00464544
00000000
00000000
23222120
00000024
00000000
00000000
2e591478
000000ea
00000000
00000000
5b116f52
bc2827df
f8046053
02f6904e
00180005
03020100
07060504
0b0a0908
0f0e0d0c
13121110
17161514
1b1a1918
1f1e1d1c
33323130
37363534
3b3a3938
3f3e3d3c
43424140
47464544
00000000
00000000
23222120
00000024
00000000
00000000
d5f9299d
0000002a
00000000
00000000
25bf8424
bb63d939
83f5f138
ebebc2fc
00190005
03020100
07060504
0b0a0908
0f0e0d0c
13121110
17161514
1b1a1918
1f1e1d1c
33323130
37363534
3b3a3938
3f3e3d3c
43424140
47464544
00000048
00000000
23222120
00000024
00000000
00000000
e513cb16
00000085
00000000
00000000
6f0ab34d
2180c990
f5b228d5
b299f2f4
001a0005
03020100
07060504
0b0a0908
0f0e0d0c
13121110
17161514
1b1a1918
1f1e1d1c
33323130
37363534
3b3a3938
3f3e3d3c
43424140
47464544
00004948
00000000
23222120
00000024
00000000
00000000
0df72ea9
000000f2
00000000
00000000
eb5115ff
ad59d6fc
62c01e21
c4ca0c3b
001b0005
03020100
07060504
0b0a0908
0f0e0d0c
13121110
17161514
1b1a1918
1f1e1d1c
33323130
37363534
3b3a3938
3f3e3d3c
43424140
47464544
004a4948
00000000
23222120
00000024
00000000
00000000
6bbbc1e4
0000001b
00000000
00000000
6f47c937
e347cc22
7e991c28
9119a3d8
001c0005
03020100
07060504
0b0a0908
0f0e0d0c
13121110
17161514
1b1a1918
1f1e1d1c
33323130
37363534
3b3a3938
3f3e3d3c
43424140
47464544
4b4a4948
00000000
23222120
00000024
00000000
00000000
e16f4752
0000004a
00000000
00000000
4422c2e7
e76fd87c
a48e9b24
5db38fcd
001d0005
03020100
07060504
0b0a0908
0f0e0d0c
13121110
17161514
1b1a1918
1f1e1d1c
33323130
37363534
3b3a3938
3f3e3d3c
43424140
47464544
4b4a4948
0000004c
23222120
00000024
00000000
00000000
b60c2f43
00000072
00000000
00000000
e8f976e2
a465b790
77b3528f
18a2d83a
001e0005
03020100
07060504
0b0a0908
0f0e0d0c
13121110
17161514
1b1a1918
1f1e1d1c
33323130
37363534
3b3a3938
3f3e3d3c
43424140
47464544
4b4a4948
00004d4c
23222120
00000024
00000000
00000000
b0685956
00000056
00000000
00000000
a2e221a4
6b1384dd
1c4680b0
153ce53b
001f0005
03020100
07060504
0b0a0908
0f0e0d0c
13121110
17161514
1b1a1918
1f1e1d1c
33323130
37363534
3b3a3938
3f3e3d3c
43424140
47464544
4b4a4948
004e4d4c
23222120
00000024
00000000
00000000
5f2e394b
000000a6
00000000
00000000
a4454753
e776c004
3ef84e79
04101009
00200005
03020100
07060504
0b0a0908
0f0e0d0c
13121110
17161514
1b1a1918
1f1e1d1c
33323130
37363534
3b3a3938
3f3e3d3c
43424140
47464544
4b4a4948
4f4e4d4c
00000000
00000000
00000000
00000000
23222120
00000024
00000000
00000000
46d034cb
00000060
00000000
00000000
8756c93d
d764910a
b034e712
d07d99e8
00000006
03020100
07060504
0b0a0908
0f0e0d0c
13121110
17161514
1b1a1918
1f1e1d1c
23222120
00002524
00000000
00000000
eedec3e8
00006c24
00000000
00000000
4252d705
8d92c7af
0ac15711
f2e0aeb4
00010006
03020100
07060504
0b0a0908
0f0e0d0c
13121110
17161514
1b1a1918
1f1e1d1c
00000030
00000000
00000000
00000000
23222120
00002524
00000000
00000000
8a7d1096
0000a729
00000000
00000000
90aa9609
e78bb8e6
0a5f86a2
f4705cec
00020006
03020100
07060504
0b0a0908
0f0e0d0c
13121110
17161514
1b1a1918
1f1e1d1c
00003130
00000000
00000000
00000000
23222120
00002524
00000000
00000000
adeffc30
00002728
00000000
00000000
31b52b44
74cdfd11
2e62f4e0
5f9c0b36
00030006
03020100
07060504
0b0a0908
0f0e0d0c
13121110
17161514
1b1a1918
1f1e1d1c
00323130
00000000
00000000
00000000
23222120
00002524
00000000
00000000
2bd5d066
000001f4
00000000
00000000
46466a0f
44f77315
04d938b0
2adae1e8
00040006
03020100
07060504
0b0a0908
0f0e0d0c
13121110
17161514
1b1a1918
1f1e1d1c
33323130
00000000
00000000
00000000
23222120
00002524
00000000
00000000
fc3753cf
00000eb7
00000000
00000000
49f75464
4da25c00
2b6fc56d
e564a1a9
00050006
03020100
07060504
0b0a0908
0f0e0d0c
13121110
17161514
1b1a1918
1f1e1d1c
33323130
00000034
00000000
00000000
23222120
00002524
00000000
00000000
8c657630
00008bba
00000000
00000000
87f64593
116a83f1
ef2423df
28ec7f90
00060006
03020100
07060504
0b0a0908
0f0e0d0c
13121110
17161514
1b1a1918
1f1e1d1c
33323130
00003534
00000000
00000000
23222120
00002524
00000000
00000000
ddc61093
00009c8e
00000000
00000000
601c6c37
182577a0
0d1b98ba
aec1e8eb
00070006
03020100
07060504
0b0a0908
0f0e0d0c
13121110
17161514
1b1a1918
1f1e1d1c
33323130
00363534
00000000
00000000
23222120
00002524
00000000
00000000
d44b026e
0000f303
00000000
00000000
aae9cec5
3ddd91a0
ed792899
e5118657
00080006
03020100
07060504
0b0a0908
0f0e0d0c
13121110
17161514
1b1a1918
1f1e1d1c
33323130
37363534
00000000
00000000
23222120
00002524
00000000
00000000
b12cbefa
0000ebe7
00000000
00000000
fe8b20ee
e0933c55
076f8a6e
c0b4bf44
00090006
03020100
07060504
0b0a0908
0f0e0d0c
13121110
17161514
1b1a1918
1f1e1d1c
33323130
37363534
00000038
00000000
23222120
00002524
00000000
00000000
47d779bf
00006f6d
00000000
00000000
a11d6111
d3fc6d35
14a1c146
989cf38e
000a0006
03020100
07060504
0b0a0908
0f0e0d0c
13121110
17161514
1b1a1918
1f1e1d1c
33323130
37363534
00003938
00000000
23222120
00002524
00000000
00000000
96290412
000042da
00000000
00000000
25030071
ae0849d3
1c34e7fd
4f5abc37
000b0006
03020100
07060504
0b0a0908
0f0e0d0c
13121110
17161514
1b1a1918
1f1e1d1c
33323130
37363534
003a3938
00000000
23222120
00002524
00000000
00000000
256ec316
0000a8fb
00000000
00000000
b7cc14d2
dcab7bad
5fe2b138
9a644885
000c0006
03020100
07060504
0b0a0908
0f0e0d0c
13121110
17161514
1b1a1918
1f1e1d1c
33323130
37363534
3b3a3938
00000000
23222120
00002524
00000000
00000000
621c3ab8
000005ad
00000000
00000000
fae1d5ec
306766fa
5e612c15
df6c65f7
000d0006
03020100
07060504
0b0a0908
0f0e0d0c
13121110
17161514
1b1a1918
1f1e1d1c
33323130
37363534
3b3a3938
0000003c
23222120
00002524
00000000
00000000
a19b838c
00004fb0
00000000
00000000
525548fe
9ae51369
0bf5489a
1acf3d17
000e0006
03020100
07060504
0b0a0908
0f0e0d0c
13121110
17161514
1b1a1918
1f1e1d1c
33323130
37363534
3b3a3938
00003d3c
23222120
00002524
00000000
00000000
59988c01
000039dc
00000000
00000000
c4327c55
7926a0b6
c02950ea
297d92a0
000f0006
03020100
07060504
0b0a0908
0f0e0d0c
13121110
17161514
1b1a1918
1f1e1d1c
33323130
37363534
3b3a3938
003e3d3c
23222120
00002524
00000000
00000000
da19fd20
00001abc
00000000
00000000
1da997c8
359e79a0
040c115d
e33e313c
00100006
03020100
07060504
0b0a0908
0f0e0d0c
13121110
17161514
1b1a1918
1f1e1d1c
33323130
37363534
3b3a3938
3f3e3d3c
00000000
00000000
00000000
00000000
23222120
00002524
00000000
00000000
b2eb7363
0000e98b
00000000
00000000
1fc30e65
9805dc07
cd4e2690
f6e02133
00110006
03020100
07060504
0b0a0908
0f0e0d0c
13121110
17161514
1b1a1918
1f1e1d1c
33323130
37363534
3b3a3938
3f3e3d3c
00000040
00000000
00000000
00000000
23222120
00002524
00000000
00000000
1bc777bf
0000e93d
00000000
00000000
62312e35
db927aa8
37b14a60
9bd801e0
00120006
03020100
07060504
0b0a0908
0f0e0d0c
13121110
17161514
1b1a1918
1f1e1d1c
33323130
37363534
3b3a3938
3f3e3d3c
00004140
00000000
00000000
00000000
23222120
00002524
00000000
00000000
0a5fb0b3
0000c508
00000000
00000000
e33001e0
173a9b52
853f639e
8f68868d
00130006
03020100
07060504
0b0a0908
0f0e0d0c
13121110
17161514
1b1a1918
1f1e1d1c
33323130
37363534
3b3a3938
3f3e3d3c
00424140
00000000
00000000
00000000
23222120
00002524
00000000
00000000
36c167a9
000089d3
00000000
00000000
6ec34f63
0ecc9254
72646b11
37341d4e
00140006
03020100
07060504
0b0a0908
0f0e0d0c
13121110
17161514
1b1a1918
1f1e1d1c
33323130
37363534
3b3a3938
3f3e3d3c
43424140
00000000
00000000
00000000
23222120
00002524
00000000
00000000
3bdefdd7
0000e1e4
00000000
00000000
7a3ddbab
7a3ce368
28e37208
6d18f722
00150006
03020100
07060504
0b0a0908
0f0e0d0c
13121110
17161514
1b1a1918
1f1e1d1c
33323130
37363534
3b3a3938
3f3e3d3c
43424140
00000044
00000000
00000000
23222120
00002524
00000000
00000000
9f1d26cc
0000b88f
00000000
00000000
f284d562
4310eb6d
62855fa6
d8a25fa8
00160006
03020100
07060504
0b0a0908
0f0e0d0c
13121110
17161514
1b1a1918
1f1e1d1c
33323130
37363534
3b3a3938
3f3e3d3c
43424140
00004544
00000000
00000000
23222120
00002524
00000000
00000000
36aba396
0000575e
00000000
00000000
4f77463f
8a2010ec
b5725dc5
4bea92b3
00170006
03020100
07060504
0b0a0908
0f0e0d0c
13121110
17161514
1b1a1918
1f1e1d1c
33323130
37363534
3b3a3938
3f3e3d3c
43424140
00464544
00000000
00000000
23222120
00002524
00000000
00000000
2e591478
0000e4ea
00000000
00000000
8bb3041c
e46463a8
07af8fba
db3d09ab
00180006
03020100
07060504
0b0a0908
0f0e0d0c
13121110
17161514
1b1a1918
1f1e1d1c
33323130
37363534
3b3a3938
3f3e3d3c
43424140
47464544
00000000
00000000
23222120
00002524
00000000
00000000
d5f9299d
0000df2a
00000000
00000000
52860224
3ed5ee9c
6495e4fe
01e7c75f
00190006
03020100
07060504
0b0a0908
0f0e0d0c
13121110
17161514
1b1a1918
1f1e1d1c
33323130
37363534
3b3a3938
3f3e3d3c
43424140
47464544
00000048
00000000
23222120
00002524
00000000
00000000
e513cb16
00003585
00000000
00000000
bedca1b1
bef07b83
a7b6b9de
24c292f9
001a0006
03020100
07060504
0b0a0908
0f0e0d0c
13121110
17161514
1b1a1918
1f1e1d1c
33323130
37363534
3b3a3938
3f3e3d3c
43424140
47464544
00004948
00000000
23222120
00002524
00000000
00000000
0df72ea9
0000eff2
00000000
00000000
40ca06c2
66bc3ad8
5112c403
d2a752a1
001b0006
03020100
07060504
0b0a0908
0f0e0d0c
13121110
17161514
1b1a1918
1f1e1d1c
33323130
37363534
3b3a3938
3f3e3d3c
43424140
47464544
004a4948
00000000
23222120
00002524
00000000
00000000
6bbbc1e4
0000261b
00000000
00000000
0903542a
a0bf375c
448dc9e5
52d80f05
001c0006
03020100
07060504
0b0a0908
0f0e0d0c
13121110
17161514
1b1a1918
1f1e1d1c
33323130
37363534
3b3a3938
3f3e3d3c
43424140
47464544
4b4a4948
00000000
23222120
00002524
00000000
00000000
e16f4752
0000814a
00000000
00000000
f5368ee0
4f02993f
63d9df6b
bcc7e6d9
001d0006
03020100
07060504
0b0a0908
0f0e0d0c
13121110
17161514
1b1a1918
1f1e1d1c
33323130
37363534
3b3a3938
3f3e3d3c
43424140
47464544
4b4a4948
0000004c
23222120
00002524
00000000
00000000
b60c2f43
0000e772
00000000
00000000
24ccbf9a
98eb434c
cfd5fdcd
ca4d688e
001e0006
03020100
07060504
0b0a0908
0f0e0d0c
13121110
17161514
1b1a1918
1f1e1d1c
33323130
37363534
3b3a3938
3f3e3d3c
43424140
47464544
4b4a4948
00004d4c
23222120
00002524
00000000
00000000
b0685956
00003d56
00000000
00000000
92496607
0c8c6e08
e249db46
41988fc0
001f0006
03020100
07060504
0b0a0908
0f0e0d0c
13121110
17161514
1b1a1918
1f1e1d1c
33323130
37363534
3b3a3938
3f3e3d3c
43424140
47464544
4b4a4948
004e4d4c
23222120
00002524
00000000
00000000
5f2e394b
00000ea6
00000000
00000000
666ca7e9
4d0a0125
15a41f14
8320e935
00200006
03020100
07060504
0b0a0908
0f0e0d0c
13121110
17161514
1b1a1918
1f1e1d1c
33323130
37363534
3b3a3938
3f3e3d3c
43424140
47464544
4b4a4948
4f4e4d4c
00000000
00000000
00000000
00000000
23222120
00002524
00000000
00000000
46d034cb
0000a660
00000000
00000000
1892e8a0
6c754e93
9e5d941e
e69815d6
00000007
03020100
07060504
0b0a0908
0f0e0d0c
13121110
17161514
1b1a1918
1f1e1d1c
23222120
00262524
00000000
00000000
eedec3e8
00c56c24
00000000
00000000
724f3b65
e96e45d2
7605dadb
7af8a377
00010007
03020100
07060504
0b0a0908
0f0e0d0c
13121110
17161514
1b1a1918
1f1e1d1c
00000030
00000000
00000000
00000000
23222120
00262524
00000000
00000000
8a7d1096
0052a729
00000000
00000000
f8b4e5a3
7a2da2b7
c57fc131
d3d8a4fc
00020007
03020100
07060504
0b0a0908
0f0e0d0c
13121110
17161514
1b1a1918
1f1e1d1c
00003130
00000000
00000000
00000000
23222120
00262524
00000000
00000000
adeffc30
005d2728
00000000
00000000
ce5ac57e
0c59a6f7
36a907a4
60a31ff6
00030007
03020100
07060504
0b0a0908
0f0e0d0c
13121110
17161514
1b1a1918
1f1e1d1c
00323130
00000000
00000000
00000000
23222120
00262524
00000000
00000000
2bd5d066
00c601f4
00000000
00000000
a2cefc4c
ef3cb55b
52202129
f44b151d
00040007
03020100
07060504
0b0a0908
0f0e0d0c
13121110
17161514
1b1a1918
1f1e1d1c
33323130
00000000
00000000
00000000
23222120
00262524
00000000
00000000
fc3753cf
00c40eb7
00000000
00000000
2de0cb55
56132e91
91dc0ea3
5ffa0d49
00050007
03020100
07060504
0b0a0908
0f0e0d0c
13121110
17161514
1b1a1918
1f1e1d1c
33323130
00000034
00000000
00000000
23222120
00262524
00000000
00000000
8c657630
00f38bba
00000000
00000000
ca86724e
7d6255cb
0c9bc697
198c4c90
00060007
03020100
07060504
0b0a0908
0f0e0d0c
13121110
17161514
1b1a1918
1f1e1d1c
33323130
00003534
00000000
00000000
23222120
00262524
00000000
00000000
ddc61093
00bc9c8e
00000000
00000000
f0f26aa6
a9722613
3bde28c7
dfe3dd0b
00070007
03020100
07060504
0b0a0908
0f0e0d0c
13121110
17161514
1b1a1918
1f1e1d1c
33323130
00363534
00000000
00000000
23222120
00262524
00000000
00000000
d44b026e
0086f303
00000000
00000000
c93aac8a
6605b18a
b541dc6c
bf2e187f
00080007
03020100
07060504
0b0a0908
0f0e0d0c
13121110
17161514
1b1a1918
1f1e1d1c
33323130
37363534
00000000
00000000
23222120
00262524
00000000
00000000
b12cbefa
00a6ebe7
00000000
00000000
4fb9fe0f
f1ca2a5a
fa5a5b5a
50efda28
00090007
03020100
07060504
0b0a0908
0f0e0d0c
13121110
17161514
1b1a1918
1f1e1d1c
33323130
37363534
00000038
00000000
23222120
00262524
00000000
00000000
47d779bf
00b06f6d
00000000
00000000
3a80d585
383516d4
a2978c7c
caf84f09
000a0007
03020100
07060504
0b0a0908
0f0e0d0c
13121110
17161514
1b1a1918
1f1e1d1c
33323130
37363534
00003938
00000000
23222120
00262524
00000000
00000000
96290412
00b442da
00000000
00000000
ffdc3262
1f4f84e1
1f6738f3
cc35ec1d
000b0007
03020100
07060504
0b0a0908
0f0e0d0c
13121110
17161514
1b1a1918
1f1e1d1c
33323130
37363534
003a3938
00000000
23222120
00262524
00000000
00000000
256ec316
0093a8fb
00000000
00000000
138f865d
039ab314
47e2da56
828d9b3c
000c0007
03020100
07060504
0b0a0908
0f0e0d0c
13121110
17161514
1b1a1918
1f1e1d1c
33323130
37363534
3b3a3938
00000000
23222120
00262524
00000000
00000000
621c3ab8
00c605ad
00000000
00000000
eee0b30a
928e275b
b994cf9a
bf9a1aff
000d0007
03020100
07060504
0b0a0908
0f0e0d0c
13121110
17161514
1b1a1918
1f1e1d1c
33323130
37363534
3b3a3938
0000003c
23222120
00262524
00000000
00000000
a19b838c
00194fb0
00000000
00000000
6a1ab62a
1139b0fb
17d7147a
36d6f1fe
000e0007
03020100
07060504
0b0a0908
0f0e0d0c
13121110
17161514
1b1a1918
1f1e1d1c
33323130
37363534
3b3a3938
00003d3c
23222120
00262524
00000000
00000000
59988c01
003539dc
00000000
00000000
5d6e2664
dcc5ead3
1a6b176a
b1a65621
000f0007
03020100
07060504
0b0a0908
0f0e0d0c
13121110
17161514
1b1a1918
1f1e1d1c
33323130
37363534
3b3a3938
003e3d3c
23222120
00262524
00000000
00000000
da19fd20
005c1abc
00000000
00000000
d8fe244b
3697d42d
14b13a6a
e40eb794
00100007
03020100
07060504
0b0a0908
0f0e0d0c
13121110
17161514
1b1a1918
1f1e1d1c
33323130
37363534
3b3a3938
3f3e3d3c
00000000
00000000
00000000
00000000
23222120
00262524
00000000
00000000
b2eb7363
007ce98b
00000000
00000000
37381581
224ca2f5
0822f04c
a6df629b
00110007
03020100
07060504
0b0a0908
0f0e0d0c
13121110
17161514
1b1a1918
1f1e1d1c
33323130
37363534
3b3a3938
3f3e3d3c
00000040
00000000
00000000
00000000
23222120
00262524
00000000
00000000
1bc777bf
00f1e93d
00000000
00000000
740949e7
b75b70ad
e1caadb4
ea05d904
00120007
03020100
07060504
0b0a0908
0f0e0d0c
13121110
17161514
1b1a1918
1f1e1d1c
33323130
37363534
3b3a3938
3f3e3d3c
00004140
00000000
00000000
00000000
23222120
00262524
00000000
00000000
0a5fb0b3
0076c508
00000000
00000000
89c4cc9c
44b807fa
e1215fef
cb442871
00130007
03020100
07060504
0b0a0908
0f0e0d0c
13121110
17161514
1b1a1918
1f1e1d1c
33323130
37363534
3b3a3938
3f3e3d3c
00424140
00000000
00000000
00000000
23222120
00262524
00000000
00000000
36c167a9
00e089d3
00000000
00000000
5304234a
756e2550
eadfe721
18e3146c
00140007
03020100
07060504
0b0a0908
0f0e0d0c
13121110
17161514
1b1a1918
1f1e1d1c
33323130
37363534
3b3a3938
3f3e3d3c
43424140
00000000
00000000
00000000
23222120
00262524
00000000
00000000
3bdefdd7
00bbe1e4
00000000
00000000
cf667eac
0865f5c6
797096e0
71b3f389
00150007
03020100
07060504
0b0a0908
0f0e0d0c
13121110
17161514
1b1a1918
1f1e1d1c
33323130
37363534
3b3a3938
3f3e3d3c
43424140
00000044
00000000
00000000
23222120
00262524
00000000
00000000
9f1d26cc
0084b88f
00000000
00000000
d2ef11e8
2536a462
35249b16
d2986154
00160007
03020100
07060504
0b0a0908
0f0e0d0c
13121110
17161514
1b1a1918
1f1e1d1c
33323130
37363534
3b3a3938
3f3e3d3c
43424140
00004544
00000000
00000000
23222120
00262524
00000000
00000000
36aba396
0074575e
00000000
00000000
f02b6a11
db87c7e1
a7f1347e
4bd85b3f
00170007
03020100
07060504
0b0a0908
0f0e0d0c
13121110
17161514
1b1a1918
1f1e1d1c
33323130
37363534
3b3a3938
3f3e3d3c
43424140
00464544
00000000
00000000
23222120
00262524
00000000
00000000
2e591478
0015e4ea
00000000
00000000
aee8ecd2
ec682b28
a599250e
29f821ec
00180007
03020100
07060504
0b0a0908
0f0e0d0c
13121110
17161514
1b1a1918
1f1e1d1c
33323130
37363534
3b3a3938
3f3e3d3c
43424140
47464544
00000000
00000000
23222120
00262524
00000000
00000000
d5f9299d
0094df2a
00000000
00000000
2b614fd4
843dd914
db5392c4
12d95e44
00190007
03020100
07060504
0b0a0908
0f0e0d0c
13121110
17161514
1b1a1918
1f1e1d1c
33323130
37363534
3b3a3938
3f3e3d3c
43424140
47464544
00000048
00000000
23222120
00262524
00000000
00000000
e513cb16
00413585
00000000
00000000
ceb115b6
616f89de
b688e19f
67dba8c6
001a0007
03020100
07060504
0b0a0908
0f0e0d0c
13121110
17161514
1b1a1918
1f1e1d1c
33323130
37363534
3b3a3938
3f3e3d3c
43424140
47464544
00004948
00000000
23222120
00262524
00000000
00000000
0df72ea9
000feff2
00000000
00000000
a2d69751
fc7ffe44
3b2a68a7
1f91127d
001b0007
03020100
07060504
0b0a0908
0f0e0d0c
13121110
17161514
1b1a1918
1f1e1d1c
33323130
37363534
3b3a3938
3f3e3d3c
43424140
47464544
004a4948
00000000
23222120
00262524
00000000
00000000
6bbbc1e4
004f261b
00000000
00000000
18ecaea6
ed813705
059f78f9
c49473f8
001c0007
03020100
07060504
0b0a0908
0f0e0d0c
13121110
17161514
1b1a1918
1f1e1d1c
33323130
37363534
3b3a3938
3f3e3d3c
43424140
47464544
4b4a4948
00000000
23222120
00262524
00000000
00000000
e16f4752
0019814a
00000000
00000000
ef28bd95
f9dbcb48
6e6a90b2
16be38a4
001d0007
03020100
07060504
0b0a0908
0f0e0d0c
13121110
17161514
1b1a1918
1f1e1d1c
33323130
37363534
3b3a3938
3f3e3d3c
43424140
47464544
4b4a4948
0000004c
23222120
00262524
00000000
00000000
b60c2f43
005fe772
00000000
00000000
ce978ff0
f6d9bcb2
ccef01e3
57e90a09
001e0007
03020100
07060504
0b0a0908
0f0e0d0c
13121110
17161514
1b1a1918
1f1e1d1c
33323130
37363534
3b3a3938
3f3e3d3c
43424140
47464544
4b4a4948
00004d4c
23222120
00262524
00000000
00000000
b0685956
00f93d56
00000000
00000000
0b0ded88
c943e07f
ecff31b8
b3eb1a53
001f0007
03020100
07060504
0b0a0908
0f0e0d0c
13121110
17161514
1b1a1918
1f1e1d1c
33323130
37363534
3b3a3938
3f3e3d3c
43424140
47464544
4b4a4948
004e4d4c
23222120
00262524
00000000
00000000
5f2e394b
000c0ea6
00000000
00000000
23c9393c
23e45199
e7b7c812
2c55f272
00200007
03020100
07060504
0b0a0908
0f0e0d0c
13121110
17161514
1b1a1918
1f1e1d1c
33323130
37363534
3b3a3938
3f3e3d3c
43424140
47464544
4b4a4948
4f4e4d4c
00000000
00000000
00000000
00000000
23222120
00262524
00000000
00000000
46d034cb
006da660
00000000
00000000
d3c26dd9
5f0e06e9
a9ccca2a
e601f1a8
00000008
03020100
07060504
0b0a0908
0f0e0d0c
13121110
17161514
1b1a1918
1f1e1d1c
23222120
27262524
00000000
00000000
eedec3e8
eac56c24
00000000
00000000
6bef55e4
a382b733
66ed91dd
273c3795
00010008
03020100
07060504
0b0a0908
0f0e0d0c
13121110
17161514
1b1a1918
1f1e1d1c
00000030
00000000
00000000
00000000
23222120
27262524
00000000
00000000
8a7d1096
9a52a729
00000000
00000000
d78f456a
9f532476
c42af622
23908e49
00020008
03020100
07060504
0b0a0908
0f0e0d0c
13121110
17161514
1b1a1918
1f1e1d1c
00003130
00000000
00000000
00000000
23222120
27262524
00000000
00000000
adeffc30
f15d2728
00000000
00000000
b0c58611
f993bd7c
da920585
197087d3
00030008
03020100
07060504
0b0a0908
0f0e0d0c
13121110
17161514
1b1a1918
1f1e1d1c
00323130
00000000
00000000
00000000
23222120
27262524
00000000
00000000
2bd5d066
dcc601f4
00000000
00000000
270632c9
857426fb
3caf4fc4
c251dbf1
00040008
03020100
07060504
0b0a0908
0f0e0d0c
13121110
17161514
1b1a1918
1f1e1d1c
33323130
00000000
00000000
00000000
23222120
27262524
00000000
00000000
fc3753cf
5dc40eb7
00000000
00000000
54c92132
483cc3ae
8a499ec9
1853c7fb
00050008
03020100
07060504
0b0a0908
0f0e0d0c
13121110
17161514
1b1a1918
1f1e1d1c
33323130
00000034
00000000
00000000
23222120
27262524
00000000
00000000
8c657630
bbf38bba
00000000
00000000
ee924f09
867c02d3
b80a9ec0
169b39d0
00060008
03020100
07060504
0b0a0908
0f0e0d0c
13121110
17161514
1b1a1918
1f1e1d1c
33323130
00003534
00000000
00000000
23222120
27262524
00000000
00000000
ddc61093
3ebc9c8e
00000000
00000000
2fe489b6
a03b2814
9a921749
7161740f
00070008
03020100
07060504
0b0a0908
0f0e0d0c
13121110
17161514
1b1a1918
1f1e1d1c
33323130
00363534
00000000
00000000
23222120
27262524
00000000
00000000
d44b026e
eb86f303
00000000
00000000
8be3f19c
04c3af9c
2e282469
6ea9c3c9
00080008
03020100
07060504
0b0a0908
0f0e0d0c
13121110
17161514
1b1a1918
1f1e1d1c
33323130
37363534
00000000
00000000
23222120
27262524
00000000
00000000
b12cbefa
32a6ebe7
00000000
00000000
c34b5240
34258738
53c3841b
c5de4270
00090008
03020100
07060504
0b0a0908
0f0e0d0c
13121110
17161514
1b1a1918
1f1e1d1c
33323130
37363534
00000038
00000000
23222120
27262524
00000000
00000000
47d779bf
5bb06f6d
00000000
00000000
7d7e0b83
ec56bb80
fddfe553
dd8af378
000a0008
03020100
07060504
0b0a0908
0f0e0d0c
13121110
17161514
1b1a1918
1f1e1d1c
33323130
37363534
00003938
00000000
23222120
27262524
00000000
00000000
96290412
53b442da
00000000
00000000
798271d5
0ba31525
02a34c05
9dc297fa
000b0008
03020100
07060504
0b0a0908
0f0e0d0c
13121110
17161514
1b1a1918
1f1e1d1c
33323130
37363534
003a3938
00000000
23222120
27262524
00000000
00000000
256ec316
eb93a8fb
00000000
00000000
e8be633c
b8d2f4db
98114bca
9bf70169
000c0008
03020100
07060504
0b0a0908
0f0e0d0c
13121110
17161514
1b1a1918
1f1e1d1c
33323130
37363534
3b3a3938
00000000
23222120
27262524
00000000
00000000
621c3ab8
70c605ad
00000000
00000000
dc6de828
bf78fec7
2474158b
77584f06
000d0008
03020100
07060504
0b0a0908
0f0e0d0c
13121110
17161514
1b1a1918
1f1e1d1c
33323130
37363534
3b3a3938
0000003c
23222120
27262524
00000000
00000000
a19b838c
ff194fb0
00000000
00000000
d6cfdded
49fea6b9
21503c7d
9039f2eb
000e0008
03020100
07060504
0b0a0908
0f0e0d0c
13121110
17161514
1b1a1918
1f1e1d1c
33323130
37363534
3b3a3938
00003d3c
23222120
27262524
00000000
00000000
59988c01
cd3539dc
00000000
00000000
5cc85605
c87e0b23
d694806a
27dba20d
000f0008
03020100
07060504
0b0a0908
0f0e0d0c
13121110
17161514
1b1a1918
1f1e1d1c
33323130
37363534
3b3a3938
003e3d3c
23222120
27262524
00000000
00000000
da19fd20
c45c1abc
00000000
00000000
8d92cb6c
5bab7895
ba6e6e25
342f6395
00100008
03020100
07060504
0b0a0908
0f0e0d0c
13121110
17161514
1b1a1918
1f1e1d1c
33323130
37363534
3b3a3938
3f3e3d3c
00000000
00000000
00000000
00000000
23222120
27262524
00000000
00000000
b2eb7363
9b7ce98b
00000000
00000000
46d14aff
0340aeb3
7dd4e25c
6af425c8
00110008
03020100
07060504
0b0a0908
0f0e0d0c
13121110
17161514
1b1a1918
1f1e1d1c
33323130
37363534
3b3a3938
3f3e3d3c
00000040
00000000
00000000
00000000
23222120
27262524
00000000
00000000
1bc777bf
c5f1e93d
00000000
00000000
bdf51116
f69fe826
f1b49fd7
900a2f7d
00120008
03020100
07060504
0b0a0908
0f0e0d0c
13121110
17161514
1b1a1918
1f1e1d1c
33323130
37363534
3b3a3938
3f3e3d3c
00004140
00000000
00000000
00000000
23222120
27262524
00000000
00000000
0a5fb0b3
9776c508
00000000
00000000
59d6435f
e12ca67c
053d5cd1
db096bf8
00130008
03020100
07060504
0b0a0908
0f0e0d0c
13121110
17161514
1b1a1918
1f1e1d1c
33323130
37363534
3b3a3938
3f3e3d3c
00424140
00000000
00000000
00000000
23222120
27262524
00000000
00000000
36c167a9
07e089d3
00000000
00000000
c61b227c
accda101
11d3570f
db664728
00140008
03020100
07060504
0b0a0908
0f0e0d0c
13121110
17161514
1b1a1918
1f1e1d1c
33323130
37363534
3b3a3938
3f3e3d3c
43424140
00000000
00000000
00000000
23222120
27262524
00000000
00000000
3bdefdd7
8abbe1e4
00000000
00000000
2fe8f12c
7e2fe981
552e57da
85a9b74f
00150008
03020100
07060504
0b0a0908
0f0e0d0c
13121110
17161514
1b1a1918
1f1e1d1c
33323130
37363534
3b3a3938
3f3e3d3c
43424140
00000044
00000000
00000000
23222120
27262524
00000000
00000000
9f1d26cc
2e84b88f
00000000
00000000
67430681
1fe71027
096ed3ae
ea0d5e97
00160008
03020100
07060504
0b0a0908
0f0e0d0c
13121110
17161514
1b1a1918
1f1e1d1c
33323130
37363534
3b3a3938
3f3e3d3c
43424140
00004544
00000000
00000000
23222120
27262524
00000000
00000000
36aba396
6674575e
00000000
00000000
e8a342df
3867655d
13790a7e
af76be72
00170008
03020100
07060504
0b0a0908
0f0e0d0c
13121110
17161514
1b1a1918
1f1e1d1c
33323130
37363534
3b3a3938
3f3e3d3c
43424140
00464544
00000000
00000000
23222120
27262524
00000000
00000000
2e591478
b715e4ea
00000000
00000000
ac2dba09
7f630d11
7526bd52
abfe566f
00180008
03020100
07060504
0b0a0908
0f0e0d0c
13121110
17161514
1b1a1918
1f1e1d1c
33323130
37363534
3b3a3938
3f3e3d3c
43424140
47464544
00000000
00000000
23222120
27262524
00000000
00000000
d5f9299d
7094df2a
00000000
00000000
700e2cde
8e598d35
8edcfdc7
70c69637
00190008
03020100
07060504
0b0a0908
0f0e0d0c
13121110
17161514
1b1a1918
1f1e1d1c
33323130
37363534
3b3a3938
3f3e3d3c
43424140
47464544
00000048
00000000
23222120
27262524
00000000
00000000
e513cb16
e2413585
00000000
00000000
be9683b3
6f486c45
d72e9326
a8add901
001a0008
03020100
07060504
0b0a0908
0f0e0d0c
13121110
17161514
1b1a1918
1f1e1d1c
33323130
37363534
3b3a3938
3f3e3d3c
43424140
47464544
00004948
00000000
23222120
27262524
00000000
00000000
0df72ea9
aa0feff2
00000000
00000000
4357318d
fda0bc09
ffcd0563
60994954
001b0008
03020100
07060504
0b0a0908
0f0e0d0c
13121110
17161514
1b1a1918
1f1e1d1c
33323130
37363534
3b3a3938
3f3e3d3c
43424140
47464544
004a4948
00000000
23222120
27262524
00000000
00000000
6bbbc1e4
124f261b
00000000
00000000
c6c3b2dd
c032db20
70ef180e
7dff350a
001c0008
03020100
07060504
0b0a0908
0f0e0d0c
13121110
17161514
1b1a1918
1f1e1d1c
33323130
37363534
3b3a3938
3f3e3d3c
43424140
47464544
4b4a4948
00000000
23222120
27262524
00000000
00000000
e16f4752
e719814a
00000000
00000000
abf9a4c5
fc268c19
c90bfd42
0dc02a54
001d0008
03020100
07060504
0b0a0908
0f0e0d0c
13121110
17161514
1b1a1918
1f1e1d1c
33323130
37363534
3b3a3938
3f3e3d3c
43424140
47464544
4b4a4948
0000004c
23222120
27262524
00000000
00000000
b60c2f43
e45fe772
00000000
00000000
131ed3e7
ace6b071
41c9bef2
0bcbb23d
001e0008
03020100
07060504
0b0a0908
0f0e0d0c
13121110
17161514
1b1a1918
1f1e1d1c
33323130
37363534
3b3a3938
3f3e3d3c
43424140
47464544
4b4a4948
00004d4c
23222120
27262524
00000000
00000000
b0685956
5ef93d56
00000000
00000000
e63969f1
40e0c603
24a4beca
269254bb
001f0008
03020100
07060504
0b0a0908
0f0e0d0c
13121110
17161514
1b1a1918
1f1e1d1c
33323130
37363534
3b3a3938
3f3e3d3c
43424140
47464544
4b4a4948
004e4d4c
23222120
27262524
00000000
00000000
5f2e394b
bb0c0ea6
00000000
00000000
cea862b6
1a5807ad
7a443d72
a4252245
00200008
03020100
07060504
0b0a0908
0f0e0d0c
13121110
17161514
1b1a1918
1f1e1d1c
33323130
37363534
3b3a3938
3f3e3d3c
43424140
47464544
4b4a4948
4f4e4d4c
00000000
00000000
00000000
00000000
23222120
27262524
00000000
00000000
46d034cb
bf6da660
00000000
00000000
761338a1
6c31a2ed
3fdc8396
06c41d39
00000009
03020100
07060504
0b0a0908
0f0e0d0c
13121110
17161514
1b1a1918
1f1e1d1c
23222120
27262524
00000028
00000000
eedec3e8
eac56c24
000000e3
00000000
50c99b32
921b10ae
5e60f347
6cbfdcbe
00010009
03020100
07060504
0b0a0908
0f0e0d0c
13121110
17161514
1b1a1918
1f1e1d1c
00000030
00000000
00000000
00000000
23222120
27262524
00000028
00000000
8a7d1096
9a52a729
00000079
00000000
b3448555
e8a4bfe0
dfe86e37
8683a476
00020009
03020100
07060504
0b0a0908
0f0e0d0c
13121110
17161514
1b1a1918
1f1e1d1c
00003130
00000000
00000000
00000000
23222120
27262524
00000028
00000000
adeffc30
f15d2728
000000a3
00000000
c1edaecf
5cd2be61
2baecf45
64e0eda5
00030009
03020100
07060504
0b0a0908
0f0e0d0c
13121110
17161514
1b1a1918
1f1e1d1c
00323130
00000000
00000000
00000000
23222120
27262524
00000028
00000000
2bd5d066
dcc601f4
0000001c
00000000
82283cd5
ca0434e7
5039f8ac
ceb938f5
00040009
03020100
07060504
0b0a0908
0f0e0d0c
13121110
17161514
1b1a1918
1f1e1d1c
33323130
00000000
00000000
00000000
23222120
27262524
00000028
00000000
fc3753cf
5dc40eb7
00000017
00000000
ba82ccc2
2a2c6076
ca23cff3
febe6fcf
00050009
03020100
07060504
0b0a0908
0f0e0d0c
13121110
17161514
1b1a1918
1f1e1d1c
33323130
00000034
00000000
00000000
23222120
27262524
00000028
00000000
8c657630
bbf38bba
0000006d
00000000
44de3141
37b6c569
b6a236b9
d71b040b
00060009
03020100
07060504
0b0a0908
0f0e0d0c
13121110
17161514
1b1a1918
1f1e1d1c
33323130
00003534
00000000
00000000
23222120
27262524
00000028
00000000
ddc61093
3ebc9c8e
00000040
00000000
89870bd9
d1fffbda
2146df5e
39dc06b4
00070009
03020100
07060504
0b0a0908
0f0e0d0c
13121110
17161514
1b1a1918
1f1e1d1c
33323130
00363534
00000000
00000000
23222120
27262524
00000028
00000000
d44b026e
eb86f303
0000009d
00000000
2650acbe
331f77fe
1dbcde75
1153bb69
00080009
03020100
07060504
0b0a0908
0f0e0d0c
13121110
17161514
1b1a1918
1f1e1d1c
33323130
37363534
00000000
00000000
23222120
27262524
00000028
00000000
b12cbefa
32a6ebe7
0000009a
00000000
21d5c64c
3115026d
84f3083e
c474d6d2
00090009
03020100
07060504
0b0a0908
0f0e0d0c
13121110
17161514
1b1a1918
1f1e1d1c
33323130
37363534
00000038
00000000
23222120
27262524
00000028
00000000
47d779bf
5bb06f6d
00000088
00000000
81a2cc19
ee561cc4
7366af49
d185297e
000a0009
03020100
07060504
0b0a0908
0f0e0d0c
13121110
17161514
1b1a1918
1f1e1d1c
33323130
37363534
00003938
00000000
23222120
27262524
00000028
00000000
96290412
53b442da
0000006e
00000000
fd4044c7
4a26c2df
2e075dc5
a44e4f59
000b0009
03020100
07060504
0b0a0908
0f0e0d0c
13121110
17161514
1b1a1918
1f1e1d1c
33323130
37363534
003a3938
00000000
23222120
27262524
00000028
00000000
256ec316
eb93a8fb
00000046
00000000
5a260baa
a562580c
2be3c3d1
6ab13867
000c0009
03020100
07060504
0b0a0908
0f0e0d0c
13121110
17161514
1b1a1918
1f1e1d1c
33323130
37363534
3b3a3938
00000000
23222120
27262524
00000028
00000000
621c3ab8
70c605ad
000000d6
00000000
be7acab8
ab7b60dd
73170141
64e04632
000d0009
03020100
07060504
0b0a0908
0f0e0d0c
13121110
17161514
1b1a1918
1f1e1d1c
33323130
37363534
3b3a3938
0000003c
23222120
27262524
00000028
00000000
a19b838c
ff194fb0
000000e2
00000000
2129495a
37f2e86d
984a51bf
d976a9b7
000e0009
03020100
07060504
0b0a0908
0f0e0d0c
13121110
17161514
1b1a1918
1f1e1d1c
33323130
37363534
3b3a3938
00003d3c
23222120
27262524
00000028
00000000
59988c01
cd3539dc
000000ea
00000000
063427ed
ee4a7d8c
a7c1a58f
4c9e4f71
000f0009
03020100
07060504
0b0a0908
0f0e0d0c
13121110
17161514
1b1a1918
1f1e1d1c
33323130
37363534
3b3a3938
003e3d3c
23222120
27262524
00000028
00000000
da19fd20
c45c1abc
00000049
00000000
e88970cf
8b7ac2c1
936328bd
cb516771
00100009
03020100
07060504
0b0a0908
0f0e0d0c
13121110
17161514
1b1a1918
1f1e1d1c
33323130
37363534
3b3a3938
3f3e3d3c
00000000
00000000
00000000
00000000
23222120
27262524
00000028
00000000
b2eb7363
9b7ce98b
000000ac
00000000
13c29afc
de69c099
d0c958ed
fafb0e7d
00110009
03020100
07060504
0b0a0908
0f0e0d0c
13121110
17161514
1b1a1918
1f1e1d1c
33323130
37363534
3b3a3938
3f3e3d3c
00000040
00000000
00000000
00000000
23222120
27262524
00000028
00000000
1bc777bf
c5f1e93d
000000b3
00000000
d0162197
3397cc1c
eebdfaf4
88c8a05e
00120009
03020100
07060504
0b0a0908
0f0e0d0c
13121110
17161514
1b1a1918
1f1e1d1c
33323130
37363534
3b3a3938
3f3e3d3c
00004140
00000000
00000000
00000000
23222120
27262524
00000028
00000000
0a5fb0b3
9776c508
00000049
00000000
a33416b5
37341da9
865156ab
f66026e9
00130009
03020100
07060504
0b0a0908
0f0e0d0c
13121110
17161514
1b1a1918
1f1e1d1c
33323130
37363534
3b3a3938
3f3e3d3c
00424140
00000000
00000000
00000000
23222120
27262524
00000028
00000000
36c167a9
07e089d3
000000ba
00000000
695769b7
4aebd293
fdd4b3e6
66b4d0a2
00140009
03020100
07060504
0b0a0908
0f0e0d0c
13121110
17161514
1b1a1918
1f1e1d1c
33323130
37363534
3b3a3938
3f3e3d3c
43424140
00000000
00000000
00000000
23222120
27262524
00000028
00000000
3bdefdd7
8abbe1e4
00000071
00000000
e75aa750
80bfa60d
7475db67
1747152c
00150009
03020100
07060504
0b0a0908
0f0e0d0c
13121110
17161514
1b1a1918
1f1e1d1c
33323130
37363534
3b3a3938
3f3e3d3c
43424140
00000044
00000000
00000000
23222120
27262524
00000028
00000000
9f1d26cc
2e84b88f
00000082
00000000
2a21a765
effc392d
837e2c08
432dc8ef
00160009
03020100
07060504
0b0a0908
0f0e0d0c
13121110
17161514
1b1a1918
1f1e1d1c
33323130
37363534
3b3a3938
3f3e3d3c
43424140
00004544
00000000
00000000
23222120
27262524
00000028
00000000
36aba396
6674575e
00000025
00000000
8b039fde
765f5806
11d619b5
57da43b8
00170009
03020100
07060504
0b0a0908
0f0e0d0c
13121110
17161514
1b1a1918
1f1e1d1c
33323130
37363534
3b3a3938
3f3e3d3c
43424140
00464544
00000000
00000000
23222120
27262524
00000028
00000000
2e591478
b715e4ea
0000005c
00000000
b9fd0c1f
7f97ce6a
1b55a917
16655c0e
00180009
03020100
07060504
0b0a0908
0f0e0d0c
13121110
17161514
1b1a1918
1f1e1d1c
33323130
37363534
3b3a3938
3f3e3d3c
43424140
47464544
00000000
00000000
23222120
27262524
00000028
00000000
d5f9299d
7094df2a
000000af
00000000
4f417fc0
05356569
b8f097d4
4a719f29
00190009
03020100
07060504
0b0a0908
0f0e0d0c
13121110
17161514
1b1a1918
1f1e1d1c
33323130
37363534
3b3a3938
3f3e3d3c
43424140
47464544
00000048
00000000
23222120
27262524
00000028
00000000
e513cb16
e2413585
000000f3
00000000
2a2dfc23
aa8df585
6a3f4370
0be4aa37
001a0009
03020100
07060504
0b0a0908
0f0e0d0c
13121110
17161514
1b1a1918
1f1e1d1c
33323130
37363534
3b3a3938
3f3e3d3c
43424140
47464544
00004948
00000000
23222120
27262524
00000028
00000000
0df72ea9
aa0feff2
00000074
00000000
2862ff16
6497c748
7b5101c3
e70cd70b
001b0009
03020100
07060504
0b0a0908
0f0e0d0c
13121110
17161514
1b1a1918
1f1e1d1c
33323130
37363534
3b3a3938
3f3e3d3c
43424140
47464544
004a4948
00000000
23222120
27262524
00000028
00000000
6bbbc1e4
124f261b
000000ee
00000000
1e7bc382
81900eec
68836814
8681fed8
001c0009
03020100
07060504
0b0a0908
0f0e0d0c
13121110
17161514
1b1a1918
1f1e1d1c
33323130
37363534
3b3a3938
3f3e3d3c
43424140
47464544
4b4a4948
00000000
23222120
27262524
00000028
00000000
e16f4752
e719814a
000000ce
00000000
2bf5c3e2
727cee32
d0a81027
60d44b72
001d0009
03020100
07060504
0b0a0908
0f0e0d0c
13121110
17161514
1b1a1918
1f1e1d1c
33323130
37363534
3b3a3938
3f3e3d3c
43424140
47464544
4b4a4948
0000004c
23222120
27262524
00000028
00000000
b60c2f43
e45fe772
00000012
00000000
8075afd5
73a190c6
a5c09d2a
507cf5a0
001e0009
03020100
07060504
0b0a0908
0f0e0d0c
13121110
17161514
1b1a1918
1f1e1d1c
33323130
37363534
3b3a3938
3f3e3d3c
43424140
47464544
4b4a4948
00004d4c
23222120
27262524
00000028
00000000
b0685956
5ef93d56
000000a9
00000000
a99aa928
b11b960d
31e4ff7a
291e72e0
001f0009
03020100
07060504
0b0a0908
0f0e0d0c
13121110
17161514
1b1a1918
1f1e1d1c
33323130
37363534
3b3a3938
3f3e3d3c
43424140
47464544
4b4a4948
004e4d4c
23222120
27262524
00000028
00000000
5f2e394b
bb0c0ea6
000000ca
00000000
63655357
416ffd33
b9efa5d5
7625f39e
00200009
03020100
07060504
0b0a0908
0f0e0d0c
13121110
17161514
1b1a1918
1f1e1d1c
33323130
37363534
3b3a3938
3f3e3d3c
43424140
47464544
4b4a4948
4f4e4d4c
00000000
00000000
00000000
00000000
23222120
27262524
00000028
00000000
46d034cb
bf6da660
000000be
00000000
434750b5
f145be8e
6dd67413
abdd756e
0000000a
03020100
07060504
0b0a0908
0f0e0d0c
13121110
17161514
1b1a1918
1f1e1d1c
23222120
27262524
00002928
00000000
eedec3e8
eac56c24
0000e8e3
00000000
b1f896df
2e4fc3f5
30d3968c
9792845d
0001000a
03020100
07060504
0b0a0908
0f0e0d0c
13121110
17161514
1b1a1918
1f1e1d1c
00000030
00000000
00000000
00000000
23222120
27262524
00002928
00000000
8a7d1096
9a52a729
00004179
00000000
ce8918d0
84bae222
0e7e74dc
b0e875f7
0002000a
03020100
07060504
0b0a0908
0f0e0d0c
13121110
17161514
1b1a1918
1f1e1d1c
00003130
00000000
00000000
00000000
23222120
27262524
00002928
00000000
adeffc30
f15d2728
00001ea3
00000000
16d7d558
42ff8fae
1c76f1f8
d8e3cb91
0003000a
03020100
07060504
0b0a0908
0f0e0d0c
13121110
17161514
1b1a1918
1f1e1d1c
00323130
00000000
00000000
00000000
23222120
27262524
00002928
00000000
2bd5d066
dcc601f4
00000a1c
00000000
3b3ece83
11a280d8
038bc373
13d349c4
0004000a
03020100
07060504
0b0a0908
0f0e0d0c
13121110
17161514
1b1a1918
1f1e1d1c
33323130
00000000
00000000
00000000
23222120
27262524
00002928
00000000
fc3753cf
5dc40eb7
00009e17
00000000
1966218c
ca010ae7
da5ca35b
6ed49146
0005000a
03020100
07060504
0b0a0908
0f0e0d0c
13121110
17161514
1b1a1918
1f1e1d1c
33323130
00000034
00000000
00000000
23222120
27262524
00002928
00000000
8c657630
bbf38bba
0000cc6d
00000000
70c83d30
9e1862e6
1833d8ff
81ba2919
0006000a
03020100
07060504
0b0a0908
0f0e0d0c
13121110
17161514
1b1a1918
1f1e1d1c
33323130
00003534
00000000
00000000
23222120
27262524
00002928
00000000
ddc61093
3ebc9c8e
00006c40
00000000
85273408
b4b120ce
7898556f
e4ba2ef1
0007000a
03020100
07060504
0b0a0908
0f0e0d0c
13121110
17161514
1b1a1918
1f1e1d1c
33323130
00363534
00000000
00000000
23222120
27262524
00002928
00000000
d44b026e
eb86f303
00001c9d
00000000
f490d6c6
dbb2fe47
6d4f691e
19230327
0008000a
03020100
07060504
0b0a0908
0f0e0d0c
13121110
17161514
1b1a1918
1f1e1d1c
33323130
37363534
00000000
00000000
23222120
27262524
00002928
00000000
b12cbefa
32a6ebe7
0000309a
00000000
b01e0f2a
c7ccdfb5
81f634cc
09959f20
0009000a
03020100
07060504
0b0a0908
0f0e0d0c
13121110
17161514
1b1a1918
1f1e1d1c
33323130
37363534
00000038
00000000
23222120
27262524
00002928
00000000
47d779bf
5bb06f6d
00009188
00000000
193ea9ce
81c8a13e
4daaee62
111c84b2
000a000a
03020100
07060504
0b0a0908
0f0e0d0c
13121110
17161514
1b1a1918
1f1e1d1c
33323130
37363534
00003938
00000000
23222120
27262524
00002928
00000000
96290412
53b442da
00005a6e
00000000
2c69640e
f81f04f6
42e167c3
4cc85332
000b000a
03020100
07060504
0b0a0908
0f0e0d0c
13121110
17161514
1b1a1918
1f1e1d1c
33323130
37363534
003a3938
00000000
23222120
27262524
00002928
00000000
256ec316
eb93a8fb
00007346
00000000
daa8c5ac
1370096f
099bacd5
5ba3d671
000c000a
03020100
07060504
0b0a0908
0f0e0d0c
13121110
17161514
1b1a1918
1f1e1d1c
33323130
37363534
3b3a3938
00000000
23222120
27262524
00002928
00000000
621c3ab8
70c605ad
0000e9d6
00000000
d627a2ec
a87540bd
d21832ad
1fd026d8
000d000a
03020100
07060504
0b0a0908
0f0e0d0c
13121110
17161514
1b1a1918
1f1e1d1c
33323130
37363534
3b3a3938
0000003c
23222120
27262524
00002928
00000000
a19b838c
ff194fb0
00006ce2
00000000
15de3225
b989acce
c706ee2f
0a9e4f89
000e000a
03020100
07060504
0b0a0908
0f0e0d0c
13121110
17161514
1b1a1918
1f1e1d1c
33323130
37363534
3b3a3938
00003d3c
23222120
27262524
00002928
00000000
59988c01
cd3539dc
0000a3ea
00000000
c0b1f413
867ae558
9524ec9a
f3b3207a
000f000a
03020100
07060504
0b0a0908
0f0e0d0c
13121110
17161514
1b1a1918
1f1e1d1c
33323130
37363534
3b3a3938
003e3d3c
23222120
27262524
00002928
00000000
da19fd20
c45c1abc
0000a649
00000000
da81e8d0
a8829bab
1ebba3e0
57530523
0010000a
03020100
07060504
0b0a0908
0f0e0d0c
13121110
17161514
1b1a1918
1f1e1d1c
33323130
37363534
3b3a3938
3f3e3d3c
00000000
00000000
00000000
00000000
23222120
27262524
00002928
00000000
b2eb7363
9b7ce98b
000009ac
00000000
2624240d
6dd8b8d5
b5352fb7
55263a54
0011000a
03020100
07060504
0b0a0908
0f0e0d0c
13121110
17161514
1b1a1918
1f1e1d1c
33323130
37363534
3b3a3938
3f3e3d3c
00000040
00000000
00000000
00000000
23222120
27262524
00002928
00000000
1bc777bf
c5f1e93d
000072b3
00000000
c9c6153a
0a81ffd3
a216b253
be44789b
0012000a
03020100
07060504
0b0a0908
0f0e0d0c
13121110
17161514
1b1a1918
1f1e1d1c
33323130
37363534
3b3a3938
3f3e3d3c
00004140
00000000
00000000
00000000
23222120
27262524
00002928
00000000
0a5fb0b3
9776c508
0000a349
00000000
3d2434de
18d3fde3
5f787bf3
c61b65a6
0013000a
03020100
07060504
0b0a0908
0f0e0d0c
13121110
17161514
1b1a1918
1f1e1d1c
33323130
37363534
3b3a3938
3f3e3d3c
00424140
00000000
00000000
00000000
23222120
27262524
00002928
00000000
36c167a9
07e089d3
000042ba
00000000
82aaf588
0cd45733
b1cb29f6
5278e636
0014000a
03020100
07060504
0b0a0908
0f0e0d0c
13121110
17161514
1b1a1918
1f1e1d1c
33323130
37363534
3b3a3938
3f3e3d3c
43424140
00000000
00000000
00000000
23222120
27262524
00002928
00000000
3bdefdd7
8abbe1e4
00005771
00000000
376483b1
284df5a5
349b9c36
243d38fb
0015000a
03020100
07060504
0b0a0908
0f0e0d0c
13121110
17161514
1b1a1918
1f1e1d1c
33323130
37363534
3b3a3938
3f3e3d3c
43424140
00000044
00000000
00000000
23222120
27262524
00002928
00000000
9f1d26cc
2e84b88f
0000e282
00000000
cd0863bc
55c203de
4dc657dd
09da9309
0016000a
03020100
07060504
0b0a0908
0f0e0d0c
13121110
17161514
1b1a1918
1f1e1d1c
33323130
37363534
3b3a3938
3f3e3d3c
43424140
00004544
00000000
00000000
23222120
27262524
00002928
00000000
36aba396
6674575e
00005625
00000000
3c03339c
c33539af
f4d7e3a8
9c72418e
0017000a
03020100
07060504
0b0a0908
0f0e0d0c
13121110
17161514
1b1a1918
1f1e1d1c
33323130
37363534
3b3a3938
3f3e3d3c
43424140
00464544
00000000
00000000
23222120
27262524
00002928
00000000
2e591478
b715e4ea
0000505c
00000000
8d14a9b9
9a24c771
359bf956
424f77af
0018000a
03020100
07060504
0b0a0908
0f0e0d0c
13121110
17161514
1b1a1918
1f1e1d1c
33323130
37363534
3b3a3938
3f3e3d3c
43424140
47464544
00000000
00000000
23222120
27262524
00002928
00000000
d5f9299d
7094df2a
00004caf
00000000
6e0a2aa7
fa6a061b
14a0c9d8
2e61224f
0019000a
03020100
07060504
0b0a0908
0f0e0d0c
13121110
17161514
1b1a1918
1f1e1d1c
33323130
37363534
3b3a3938
3f3e3d3c
43424140
47464544
00000048
00000000
23222120
27262524
00002928
00000000
e513cb16
e2413585
00006bf3
00000000
860690e3
7f7e24dd
365e6472
b9db5167
001a000a
03020100
07060504
0b0a0908
0f0e0d0c
13121110
17161514
1b1a1918
1f1e1d1c
33323130
37363534
3b3a3938
3f3e3d3c
43424140
47464544
00004948
00000000
23222120
27262524
00002928
00000000
0df72ea9
aa0feff2
0000a274
00000000
9384a5a9
651c2ccb
6fcac73a
e8b24f93
001b000a
03020100
07060504
0b0a0908
0f0e0d0c
13121110
17161514
1b1a1918
1f1e1d1c
33323130
37363534
3b3a3938
3f3e3d3c
43424140
47464544
004a4948
00000000
23222120
27262524
00002928
00000000
6bbbc1e4
124f261b
0000c2ee
00000000
d4239159
40983839
36417d9a
15453127
001c000a
03020100
07060504
0b0a0908
0f0e0d0c
13121110
17161514
1b1a1918
1f1e1d1c
33323130
37363534
3b3a3938
3f3e3d3c
43424140
47464544
4b4a4948
00000000
23222120
27262524
00002928
00000000
e16f4752
e719814a
000036ce
00000000
d4d91fdb
5bb3f338
dd9ad65a
fc04eeee
001d000a
03020100
07060504
0b0a0908
0f0e0d0c
13121110
17161514
1b1a1918
1f1e1d1c
33323130
37363534
3b3a3938
3f3e3d3c
43424140
47464544
4b4a4948
0000004c
23222120
27262524
00002928
00000000
b60c2f43
e45fe772
0000f912
00000000
bf429d8c
0834f632
954fa43e
2a7bfbc7
001e000a
03020100
07060504
0b0a0908
0f0e0d0c
13121110
17161514
1b1a1918
1f1e1d1c
33323130
37363534
3b3a3938
3f3e3d3c
43424140
47464544
4b4a4948
00004d4c
23222120
27262524
00002928
00000000
b0685956
5ef93d56
000012a9
00000000
ff92935a
716a7dec
729bd034
289580e3
001f000a
03020100
07060504
0b0a0908
0f0e0d0c
13121110
17161514
1b1a1918
1f1e1d1c
33323130
37363534
3b3a3938
3f3e3d3c
43424140
47464544
4b4a4948
004e4d4c
23222120
27262524
00002928
00000000
5f2e394b
bb0c0ea6
000054ca
00000000
f29186b8
0a805460
2b9b57c3
62d25d81
0020000a
03020100
07060504
0b0a0908
0f0e0d0c
13121110
17161514
1b1a1918
1f1e1d1c
33323130
37363534
3b3a3938
3f3e3d3c
43424140
47464544
4b4a4948
4f4e4d4c
00000000
00000000
00000000
00000000
23222120
27262524
00002928
00000000
46d034cb
bf6da660
00009cbe
00000000
eafe8afc
d8e7c3f2
f2ed2c4c
353732ad
0000000b
03020100
07060504
0b0a0908
0f0e0d0c
13121110
17161514
1b1a1918
1f1e1d1c
23222120
27262524
002a2928
00000000
eedec3e8
eac56c24
0072e8e3
00000000
4b915746
8ec7e79d
82a4d625
fa3cebf7
0001000b
03020100
07060504
0b0a0908
0f0e0d0c
13121110
17161514
1b1a1918
1f1e1d1c
00000030
00000000
00000000
00000000
23222120
27262524
002a2928
00000000
8a7d1096
9a52a729
00bd4179
00000000
76915bb7
b1c0bec5
6c100ea8
cf5f110c
0002000b
03020100
07060504
0b0a0908
0f0e0d0c
13121110
17161514
1b1a1918
1f1e1d1c
00003130
00000000
00000000
00000000
23222120
27262524
002a2928
00000000
adeffc30
f15d2728
00101ea3
00000000
410b5509
e547bf48
31611cc2
44b18095
0003000b
03020100
07060504
0b0a0908
0f0e0d0c
13121110
17161514
1b1a1918
1f1e1d1c
00323130
00000000
00000000
00000000
23222120
27262524
002a2928
00000000
2bd5d066
dcc601f4
00d40a1c
00000000
578f7d7f
3d6e8c8d
84e72347
cecec116
0004000b
03020100
07060504
0b0a0908
0f0e0d0c
13121110
17161514
1b1a1918
1f1e1d1c
33323130
00000000
00000000
00000000
23222120
27262524
002a2928
00000000
fc3753cf
5dc40eb7
000c9e17
00000000
da990a04
05c1f347
80f2f79f
4018f727
0005000b
03020100
07060504
0b0a0908
0f0e0d0c
13121110
17161514
1b1a1918
1f1e1d1c
33323130
00000034
00000000
00000000
23222120
27262524
002a2928
00000000
8c657630
bbf38bba
00aacc6d
00000000
15b6afc8
74cfc00a
01001b39
ad7a9146
0006000b
03020100
07060504
0b0a0908
0f0e0d0c
13121110
17161514
1b1a1918
1f1e1d1c
33323130
00003534
00000000
00000000
23222120
27262524
002a2928
00000000
ddc61093
3ebc9c8e
000e6c40
00000000
3d5bc94b
b090548f
b34c7881
7258dc51
0007000b
03020100
07060504
0b0a0908
0f0e0d0c
13121110
17161514
1b1a1918
1f1e1d1c
33323130
00363534
00000000
00000000
23222120
27262524
002a2928
00000000
d44b026e
eb86f303
00561c9d
00000000
adaba482
0850953e
8d7971f1
ee2cba59
0008000b
03020100
07060504
0b0a0908
0f0e0d0c
13121110
17161514
1b1a1918
1f1e1d1c
33323130
37363534
00000000
00000000
23222120
27262524
002a2928
00000000
b12cbefa
32a6ebe7
0008309a
00000000
3b8a0a99
5e852131
c8c2427b
7da78a02
0009000b
03020100
07060504
0b0a0908
0f0e0d0c
13121110
17161514
1b1a1918
1f1e1d1c
33323130
37363534
00000038
00000000
23222120
27262524
002a2928
00000000
47d779bf
5bb06f6d
00a09188
00000000
ca5e06b4
e020e5d8
ce6fdc94
3c397b19
000a000b
03020100
07060504
0b0a0908
0f0e0d0c
13121110
17161514
1b1a1918
1f1e1d1c
33323130
37363534
00003938
00000000
23222120
27262524
002a2928
00000000
96290412
53b442da
005f5a6e
00000000
861ac9ca
fb5a3455
9cdd37bd
0de87d78
000b000b
03020100
07060504
0b0a0908
0f0e0d0c
13121110
17161514
1b1a1918
1f1e1d1c
33323130
37363534
003a3938
00000000
23222120
27262524
002a2928
00000000
256ec316
eb93a8fb
00307346
00000000
7bdfb278
3417a4b2
9f056a78
23fb9fdd
000c000b
03020100
07060504
0b0a0908
0f0e0d0c
13121110
17161514
1b1a1918
1f1e1d1c
33323130
37363534
3b3a3938
00000000
23222120
27262524
002a2928
00000000
621c3ab8
70c605ad
0022e9d6
00000000
59f8de6f
76cf9108
208a9ab3
95232082
000d000b
03020100
07060504
0b0a0908
0f0e0d0c
13121110
17161514
1b1a1918
1f1e1d1c
33323130
37363534
3b3a3938
0000003c
23222120
27262524
002a2928
00000000
a19b838c
ff194fb0
00696ce2
00000000
bbbb69ca
2e822764
650cf676
d050bc1b
000e000b
03020100
07060504
0b0a0908
0f0e0d0c
13121110
17161514
1b1a1918
1f1e1d1c
33323130
37363534
3b3a3938
00003d3c
23222120
27262524
002a2928
00000000
59988c01
cd3539dc
0038a3ea
00000000
7261dc2d
23b2ad66
51b328cc
53cd2a08
000f000b
03020100
07060504
0b0a0908
0f0e0d0c
13121110
17161514
1b1a1918
1f1e1d1c
33323130
37363534
3b3a3938
003e3d3c
23222120
27262524
002a2928
00000000
da19fd20
c45c1abc
0021a649
00000000
ac9dd1b2
fe958ef0
17bbe178
c2e4a67f
0010000b
03020100
07060504
0b0a0908
0f0e0d0c
13121110
17161514
1b1a1918
1f1e1d1c
33323130
37363534
3b3a3938
3f3e3d3c
00000000
00000000
00000000
00000000
23222120
27262524
002a2928
00000000
b2eb7363
9b7ce98b
000c09ac
00000000
370ed4ab
c262d35c
9739f900
7c23a13a
0011000b
03020100
07060504
0b0a0908
0f0e0d0c
13121110
17161514
1b1a1918
1f1e1d1c
33323130
37363534
3b3a3938
3f3e3d3c
00000040
00000000
00000000
00000000
23222120
27262524
002a2928
00000000
1bc777bf
c5f1e93d
00ef72b3
00000000
12e4e1c5
fa5adf91
8c29e7ec
f91132a5
0012000b
03020100
07060504
0b0a0908
0f0e0d0c
13121110
17161514
1b1a1918
1f1e1d1c
33323130
37363534
3b3a3938
3f3e3d3c
00004140
00000000
00000000
00000000
23222120
27262524
002a2928
00000000
0a5fb0b3
9776c508
00b5a349
00000000
6ee6d0f1
b624cc72
001423e5
50d7f745
0013000b
03020100
07060504
0b0a0908
0f0e0d0c
13121110
17161514
1b1a1918
1f1e1d1c
33323130
37363534
3b3a3938
3f3e3d3c
00424140
00000000
00000000
00000000
23222120
27262524
002a2928
00000000
36c167a9
07e089d3
00fb42ba
00000000
228c665e
1127ba58
f62224e9
513b1116
0014000b
03020100
07060504
0b0a0908
0f0e0d0c
13121110
17161514
1b1a1918
1f1e1d1c
33323130
37363534
3b3a3938
3f3e3d3c
43424140
00000000
00000000
00000000
23222120
27262524
002a2928
00000000
3bdefdd7
8abbe1e4
000b5771
00000000
b31d1e8d
ba922e96
8d8627a0
d1ebb807
0015000b
03020100
07060504
0b0a0908
0f0e0d0c
13121110
17161514
1b1a1918
1f1e1d1c
33323130
37363534
3b3a3938
3f3e3d3c
43424140
00000044
00000000
00000000
23222120
27262524
002a2928
00000000
9f1d26cc
2e84b88f
002be282
00000000
8c8204d7
bd54f6bb
f796647f
f8557254
0016000b
03020100
07060504
0b0a0908
0f0e0d0c
13121110
17161514
1b1a1918
1f1e1d1c
33323130
37363534
3b3a3938
3f3e3d3c
43424140
00004544
00000000
00000000
23222120
27262524
002a2928
00000000
36aba396
6674575e
002f5625
00000000
cc6cffb7
246dcf01
df1b2722
ae1b4f29
0017000b
03020100
07060504
0b0a0908
0f0e0d0c
13121110
17161514
1b1a1918
1f1e1d1c
33323130
37363534
3b3a3938
3f3e3d3c
43424140
00464544
00000000
00000000
23222120
27262524
002a2928
00000000
2e591478
b715e4ea
00eb505c
00000000
36513094
01ae5ebe
599d75bf
2a7bf09f
0018000b
03020100
07060504
0b0a0908
0f0e0d0c
13121110
17161514
1b1a1918
1f1e1d1c
33323130
37363534
3b3a3938
3f3e3d3c
43424140
47464544
00000000
00000000
23222120
27262524
002a2928
00000000
d5f9299d
7094df2a
00bc4caf
00000000
fbee76e3
3389bb9c
adf41d8c
930f1fee
0019000b
03020100
07060504
0b0a0908
0f0e0d0c
13121110
17161514
1b1a1918
1f1e1d1c
33323130
37363534
3b3a3938
3f3e3d3c
43424140
47464544
00000048
00000000
23222120
27262524
002a2928
00000000
e513cb16
e2413585
00386bf3
00000000
04cd0208
c250389c
eb72f523
77117950
001a000b
03020100
07060504
0b0a0908
0f0e0d0c
13121110
17161514
1b1a1918
1f1e1d1c
33323130
37363534
3b3a3938
3f3e3d3c
43424140
47464544
00004948
00000000
23222120
27262524
002a2928
00000000
0df72ea9
aa0feff2
001fa274
00000000
b2a7930d
5ae79f61
fe3e6acf
0b4fb39a
001b000b
03020100
07060504
0b0a0908
0f0e0d0c
13121110
17161514
1b1a1918
1f1e1d1c
33323130
37363534
3b3a3938
3f3e3d3c
43424140
47464544
004a4948
00000000
23222120
27262524
002a2928
00000000
6bbbc1e4
124f261b
00abc2ee
00000000
d003469b
b80d45bc
1dcd8985
2023e322
001c000b
03020100
07060504
0b0a0908
0f0e0d0c
13121110
17161514
1b1a1918
1f1e1d1c
33323130
37363534
3b3a3938
3f3e3d3c
43424140
47464544
4b4a4948
00000000
23222120
27262524
002a2928
00000000
e16f4752
e719814a
009636ce
00000000
f0f68544
da3cc014
8a419200
a9aab5ed
001d000b
03020100
07060504
0b0a0908
0f0e0d0c
13121110
17161514
1b1a1918
1f1e1d1c
33323130
37363534
3b3a3938
3f3e3d3c
43424140
47464544
4b4a4948
0000004c
23222120
27262524
002a2928
00000000
b60c2f43
e45fe772
004bf912
00000000
e0389fde
09783fd4
ae51f718
d558f5c2
001e000b
03020100
07060504
0b0a0908
0f0e0d0c
13121110
17161514
1b1a1918
1f1e1d1c
33323130
37363534
3b3a3938
3f3e3d3c
43424140
47464544
4b4a4948
00004d4c
23222120
27262524
002a2928
00000000
b0685956
5ef93d56
004e12a9
00000000
0ad41204
467b70f7
955fd133
ca010022
001f000b
03020100
07060504
0b0a0908
0f0e0d0c
13121110
17161514
1b1a1918
1f1e1d1c
33323130
37363534
3b3a3938
3f3e3d3c
43424140
47464544
4b4a4948
004e4d4c
23222120
27262524
002a2928
00000000
5f2e394b
bb0c0ea6
007d54ca
00000000
b08285f1
8a948b99
50e1df61
0b9976d1
0020000b
03020100
07060504
0b0a0908
0f0e0d0c
13121110
17161514
1b1a1918
1f1e1d1c
33323130
37363534
3b3a3938
3f3e3d3c
43424140
47464544
4b4a4948
4f4e4d4c
00000000
00000000
00000000
00000000
23222120
27262524
002a2928
00000000
46d034cb
bf6da660
00859cbe
00000000
e74d8ef7
abef2e18
939ac91e
28215fe4
0000000c
03020100
07060504
0b0a0908
0f0e0d0c
13121110
17161514
1b1a1918
1f1e1d1c
23222120
27262524
2b2a2928
00000000
eedec3e8
eac56c24
3172e8e3
00000000
00e58136
a08e5293
b5075c70
8664dcd3
0001000c
03020100
07060504
0b0a0908
0f0e0d0c
13121110
17161514
1b1a1918
1f1e1d1c
00000030
00000000
00000000
00000000
23222120
27262524
2b2a2928
00000000
8a7d1096
9a52a729
c7bd4179
00000000
2ff1a3d2
998ccc54
6f59d329
55342d65
0002000c
03020100
07060504
0b0a0908
0f0e0d0c
13121110
17161514
1b1a1918
1f1e1d1c
00003130
00000000
00000000
00000000
23222120
27262524
2b2a2928
00000000
adeffc30
f15d2728
c0101ea3
00000000
522b3b4d
fe28119a
f242e47f
17f0f153
0003000c
03020100
07060504
0b0a0908
0f0e0d0c
13121110
17161514
1b1a1918
1f1e1d1c
00323130
00000000
00000000
00000000
23222120
27262524
2b2a2928
00000000
2bd5d066
dcc601f4
dad40a1c
00000000
34df295d
618c30fd
ed5c1fc7
be70f112
0004000c
03020100
07060504
0b0a0908
0f0e0d0c
13121110
17161514
1b1a1918
1f1e1d1c
33323130
00000000
00000000
00000000
23222120
27262524
2b2a2928
00000000
fc3753cf
5dc40eb7
3f0c9e17
00000000
54c36648
e6c92f7e
569dc059
176f26ff
0005000c
03020100
07060504
0b0a0908
0f0e0d0c
13121110
17161514
1b1a1918
1f1e1d1c
33323130
00000034
00000000
00000000
23222120
27262524
2b2a2928
00000000
8c657630
bbf38bba
2faacc6d
00000000
b082499e
0268ebae
40e4860d
9700505a
0006000c
03020100
07060504
0b0a0908
0f0e0d0c
13121110
17161514
1b1a1918
1f1e1d1c
33323130
00003534
00000000
00000000
23222120
27262524
2b2a2928
00000000
ddc61093
3ebc9c8e
bf0e6c40
00000000
84a31a0c
49bf7592
06c76b19
64992b4c
0007000c
03020100
07060504
0b0a0908
0f0e0d0c
13121110
17161514
1b1a1918
1f1e1d1c
33323130
00363534
00000000
00000000
23222120
27262524
2b2a2928
00000000
d44b026e
eb86f303
f4561c9d
00000000
56e77c9c
92b94623
048bbd7a
da9b51c5
0008000c
03020100
07060504
0b0a0908
0f0e0d0c
13121110
17161514
1b1a1918
1f1e1d1c
33323130
37363534
00000000
00000000
23222120
27262524
2b2a2928
00000000
b12cbefa
32a6ebe7
0f08309a
00000000
74130b12
9637490d
0347e870
20f029ef
0009000c
03020100
07060504
0b0a0908
0f0e0d0c
13121110
17161514
1b1a1918
1f1e1d1c
33323130
37363534
00000038
00000000
23222120
27262524
2b2a2928
00000000
47d779bf
5bb06f6d
79a09188
00000000
decc1a82
1b40b977
3886c562
bd627d75
000a000c
03020100
07060504
0b0a0908
0f0e0d0c
13121110
17161514
1b1a1918
1f1e1d1c
33323130
37363534
00003938
00000000
23222120
27262524
2b2a2928
00000000
96290412
53b442da
bc5f5a6e
00000000
b6056ee9
157989b8
1f9e1913
371d27b7
000b000c
03020100
07060504
0b0a0908
0f0e0d0c
13121110
17161514
1b1a1918
1f1e1d1c
33323130
37363534
003a3938
00000000
23222120
27262524
2b2a2928
00000000
256ec316
eb93a8fb
c2307346
00000000
a6d2b1dd
97c6a332
8cb458c8
833baec4
000c000c
03020100
07060504
0b0a0908
0f0e0d0c
13121110
17161514
1b1a1918
1f1e1d1c
33323130
37363534
3b3a3938
00000000
23222120
27262524
2b2a2928
00000000
621c3ab8
70c605ad
0e22e9d6
00000000
8d8e1210
824b6821
f888399d
681ea52c
000d000c
03020100
07060504
0b0a0908
0f0e0d0c
13121110
17161514
1b1a1918
1f1e1d1c
33323130
37363534
3b3a3938
0000003c
23222120
27262524
2b2a2928
00000000
a19b838c
ff194fb0
a2696ce2
00000000
de5ac38c
4fa78f88
ff7b945c
7bcb63fb
000e000c
03020100
07060504
0b0a0908
0f0e0d0c
13121110
17161514
1b1a1918
1f1e1d1c
33323130
37363534
3b3a3938
00003d3c
23222120
27262524
2b2a2928
00000000
59988c01
cd3539dc
8438a3ea
00000000
cbae5611
b2151433
930482b2
741358a5
000f000c
03020100
07060504
0b0a0908
0f0e0d0c
13121110
17161514
1b1a1918
1f1e1d1c
33323130
37363534
3b3a3938
003e3d3c
23222120
27262524
2b2a2928
00000000
da19fd20
c45c1abc
d321a649
00000000
9ed11561
77ad6230
165f9897
5581a1a0
0010000c
03020100
07060504
0b0a0908
0f0e0d0c
13121110
17161514
1b1a1918
1f1e1d1c
33323130
37363534
3b3a3938
3f3e3d3c
00000000
00000000
00000000
00000000
23222120
27262524
2b2a2928
00000000
b2eb7363
9b7ce98b
f30c09ac
00000000
6cd36642
61f2f62b
b83ea567
2d628246
0011000c
03020100
07060504
0b0a0908
0f0e0d0c
13121110
17161514
1b1a1918
1f1e1d1c
33323130
37363534
3b3a3938
3f3e3d3c
00000040
00000000
00000000
00000000
23222120
27262524
2b2a2928
00000000
1bc777bf
c5f1e93d
27ef72b3
00000000
782b7f46
af902580
3ba769ad
f6a2623d
0012000c
03020100
07060504
0b0a0908
0f0e0d0c
13121110
17161514
1b1a1918
1f1e1d1c
33323130
37363534
3b3a3938
3f3e3d3c
00004140
00000000
00000000
00000000
23222120
27262524
2b2a2928
00000000
0a5fb0b3
9776c508
65b5a349
00000000
092f9871
6bf85760
5b9393ce
2f5edae1
0013000c
03020100
07060504
0b0a0908
0f0e0d0c
13121110
17161514
1b1a1918
1f1e1d1c
33323130
37363534
3b3a3938
3f3e3d3c
00424140
00000000
00000000
00000000
23222120
27262524
2b2a2928
00000000
36c167a9
07e089d3
c6fb42ba
00000000
03fbbd01
ba3019bc
3746aa5f
2c3ab92d
0014000c
03020100
07060504
0b0a0908
0f0e0d0c
13121110
17161514
1b1a1918
1f1e1d1c
33323130
37363534
3b3a3938
3f3e3d3c
43424140
00000000
00000000
00000000
23222120
27262524
2b2a2928
00000000
3bdefdd7
8abbe1e4
d30b5771
00000000
2ed56cd9
efe90b09
da17d44b
2b2c1ff8
0015000c
03020100
07060504
0b0a0908
0f0e0d0c
13121110
17161514
1b1a1918
1f1e1d1c
33323130
37363534
3b3a3938
3f3e3d3c
43424140
00000044
00000000
00000000
23222120
27262524
2b2a2928
00000000
9f1d26cc
2e84b88f
102be282
00000000
56ed23a9
d8a3dcf9
a362635d
e1e4bf81
0016000c
03020100
07060504
0b0a0908
0f0e0d0c
13121110
17161514
1b1a1918
1f1e1d1c
33323130
37363534
3b3a3938
3f3e3d3c
43424140
00004544
00000000
00000000
23222120
27262524
2b2a2928
00000000
36aba396
6674575e
5c2f5625
00000000
f3b64184
a3421f29
84bc0905
4f5c624e
0017000c
03020100
07060504
0b0a0908
0f0e0d0c
13121110
17161514
1b1a1918
1f1e1d1c
33323130
37363534
3b3a3938
3f3e3d3c
43424140
00464544
00000000
00000000
23222120
27262524
2b2a2928
00000000
2e591478
b715e4ea
97eb505c
00000000
c61dda81
9423fb45
c2d9dbb9
6b4dd967
0018000c
03020100
07060504
0b0a0908
0f0e0d0c
13121110
17161514
1b1a1918
1f1e1d1c
33323130
37363534
3b3a3938
3f3e3d3c
43424140
47464544
00000000
00000000
23222120
27262524
2b2a2928
00000000
d5f9299d
7094df2a
e0bc4caf
00000000
4190fda8
73985078
2c85b4f8
43f47dd2
0019000c
03020100
07060504
0b0a0908
0f0e0d0c
13121110
17161514
1b1a1918
1f1e1d1c
33323130
37363534
3b3a3938
3f3e3d3c
43424140
47464544
00000048
00000000
23222120
27262524
2b2a2928
00000000
e513cb16
e2413585
24386bf3
00000000
b21c62ee
23b6d779
e7d885cb
cdd03630
001a000c
03020100
07060504
0b0a0908
0f0e0d0c
13121110
17161514
1b1a1918
1f1e1d1c
33323130
37363534
3b3a3938
3f3e3d3c
43424140
47464544
00004948
00000000
23222120
27262524
2b2a2928
00000000
0df72ea9
aa0feff2
971fa274
00000000
4ba4c468
1ecdc020
feda71fc
0f61da69
001b000c
03020100
07060504
0b0a0908
0f0e0d0c
13121110
17161514
1b1a1918
1f1e1d1c
33323130
37363534
3b3a3938
3f3e3d3c
43424140
47464544
004a4948
00000000
23222120
27262524
2b2a2928
00000000
6bbbc1e4
124f261b
b5abc2ee
00000000
dcd01e39
7844fd1f
c64865de
d20475c6
001c000c
03020100
07060504
0b0a0908
0f0e0d0c
13121110
17161514
1b1a1918
1f1e1d1c
33323130
37363534
3b3a3938
3f3e3d3c
43424140
47464544
4b4a4948
00000000
23222120
27262524
2b2a2928
00000000
e16f4752
e719814a
c49636ce
00000000
cf261990
0064f513
6d17e8e1
068d2494
001d000c
03020100
07060504
0b0a0908
0f0e0d0c
13121110
17161514
1b1a1918
1f1e1d1c
33323130
37363534
3b3a3938
3f3e3d3c
43424140
47464544
4b4a4948
0000004c
23222120
27262524
2b2a2928
00000000
b60c2f43
e45fe772
564bf912
00000000
46151907
8592a399
0c7d3720
77712ef8
001e000c
03020100
07060504
0b0a0908
0f0e0d0c
13121110
17161514
1b1a1918
1f1e1d1c
33323130
37363534
3b3a3938
3f3e3d3c
43424140
47464544
4b4a4948
00004d4c
23222120
27262524
2b2a2928
00000000
b0685956
5ef93d56
5f4e12a9
00000000
f3d9d1f6
b2338f41
ef58f0e1
69437df5
001f000c
03020100
07060504
0b0a0908
0f0e0d0c
13121110
17161514
1b1a1918
1f1e1d1c
33323130
37363534
3b3a3938
3f3e3d3c
43424140
47464544
4b4a4948
004e4d4c
23222120
27262524
2b2a2928
00000000
5f2e394b
bb0c0ea6
b97d54ca
00000000
9d4c3c93
1ea1b8af
8d40146f
2de46d09
0020000c
03020100
07060504
0b0a0908
0f0e0d0c
13121110
17161514
1b1a1918
1f1e1d1c
33323130
37363534
3b3a3938
3f3e3d3c
43424140
47464544
4b4a4948
4f4e4d4c
00000000
00000000
00000000
00000000
23222120
27262524
2b2a2928
00000000
46d034cb
bf6da660
66859cbe
00000000
1987c82a
42570da6
29d868e5
1cc0f80a
0000000d
03020100
07060504
0b0a0908
0f0e0d0c
13121110
17161514
1b1a1918
1f1e1d1c
23222120
27262524
2b2a2928
0000002c
eedec3e8
eac56c24
3172e8e3
00000038
e150c6a5
ddc74813
77397f42
0e639bab
0001000d
03020100
07060504
0b0a0908
0f0e0d0c
13121110
17161514
1b1a1918
1f1e1d1c
00000030
00000000
00000000
00000000
23222120
27262524
2b2a2928
0000002c
8a7d1096
9a52a729
c7bd4179
000000df
862c0b54
876d75c4
8abc4b4d
afd2901f
0002000d
03020100
07060504
0b0a0908
0f0e0d0c
13121110
17161514
1b1a1918
1f1e1d1c
00003130
00000000
00000000
00000000
23222120
27262524
2b2a2928
0000002c
adeffc30
f15d2728
c0101ea3
00000057
4ed716c3
6a5c014a
074e6038
4ea21f1f
0003000d
03020100
07060504
0b0a0908
0f0e0d0c
13121110
17161514
1b1a1918
1f1e1d1c
00323130
00000000
00000000
00000000
23222120
27262524
2b2a2928
0000002c
2bd5d066
dcc601f4
dad40a1c
000000cd
f28f1c4f
acaebd25
a35ac72d
9110bb36
0004000d
03020100
07060504
0b0a0908
0f0e0d0c
13121110
17161514
1b1a1918
1f1e1d1c
33323130
00000000
00000000
00000000
23222120
27262524
2b2a2928
0000002c
fc3753cf
5dc40eb7
3f0c9e17
00000051
e323a2c4
931590c7
374f3c01
8d4d46c9
0005000d
03020100
07060504
0b0a0908
0f0e0d0c
13121110
17161514
1b1a1918
1f1e1d1c
33323130
00000034
00000000
00000000
23222120
27262524
2b2a2928
0000002c
8c657630
bbf38bba
2faacc6d
00000012
d3f6d59d
579ebedd
fb4f1b01
90a194c8
0006000d
03020100
07060504
0b0a0908
0f0e0d0c
13121110
17161514
1b1a1918
1f1e1d1c
33323130
00003534
00000000
00000000
23222120
27262524
2b2a2928
0000002c
ddc61093
3ebc9c8e
bf0e6c40
000000be
3ead9fb6
795168dd
552dbc4b
1dd30444
0007000d
03020100
07060504
0b0a0908
0f0e0d0c
13121110
17161514
1b1a1918
1f1e1d1c
33323130
00363534
00000000
00000000
23222120
27262524
2b2a2928
0000002c
d44b026e
eb86f303
f4561c9d
00000059
6c21b560
e1f89da8
759e48c2
440f688a
0008000d
03020100
07060504
0b0a0908
0f0e0d0c
13121110
17161514
1b1a1918
1f1e1d1c
33323130
37363534
00000000
00000000
23222120
27262524
2b2a2928
0000002c
b12cbefa
32a6ebe7
0f08309a
00000026
d4fe9b3a
5cd0aded
3422be4a
7bf78032
0009000d
03020100
07060504
0b0a0908
0f0e0d0c
13121110
17161514
1b1a1918
1f1e1d1c
33323130
37363534
00000038
00000000
23222120
27262524
2b2a2928
0000002c
47d779bf
5bb06f6d
79a09188
000000be
a69ca818
0ae86830
6b637636
d052023e
000a000d
03020100
07060504
0b0a0908
0f0e0d0c
13121110
17161514
1b1a1918
1f1e1d1c
33323130
37363534
00003938
00000000
23222120
27262524
2b2a2928
0000002c
96290412
53b442da
bc5f5a6e
0000001d
9c51f0e4
c89a1a11
7f5f68f6
f178932a
000b000d
03020100
07060504
0b0a0908
0f0e0d0c
13121110
17161514
1b1a1918
1f1e1d1c
33323130
37363534
003a3938
00000000
23222120
27262524
2b2a2928
0000002c
256ec316
eb93a8fb
c2307346
000000c8
c42f7145
0c1b3090
8173f493
196829d6
000c000d
03020100
07060504
0b0a0908
0f0e0d0c
13121110
17161514
1b1a1918
1f1e1d1c
33323130
37363534
3b3a3938
00000000
23222120
27262524
2b2a2928
0000002c
621c3ab8
70c605ad
0e22e9d6
0000000d
0ccf8062
406a4a7a
82e20605
69cbb76a
000d000d
03020100
07060504
0b0a0908
0f0e0d0c
13121110
17161514
1b1a1918
1f1e1d1c
33323130
37363534
3b3a3938
0000003c
23222120
27262524
2b2a2928
0000002c
a19b838c
ff194fb0
a2696ce2
0000008f
62bd2074
7baf1b48
386a1dab
b2475301
000e000d
03020100
07060504
0b0a0908
0f0e0d0c
13121110
17161514
1b1a1918
1f1e1d1c
33323130
37363534
3b3a3938
00003d3c
23222120
27262524
2b2a2928
0000002c
59988c01
cd3539dc
8438a3ea
00000059
75553f5f
7dfb49f6
5bec489c
185db596
000f000d
03020100
07060504
0b0a0908
0f0e0d0c
13121110
17161514
1b1a1918
1f1e1d1c
33323130
37363534
3b3a3938
003e3d3c
23222120
27262524
2b2a2928
0000002c
da19fd20
c45c1abc
d321a649
0000004d
9793636b
5472dc55
ce2d8a12
46b992db
0010000d
03020100
07060504
0b0a0908
0f0e0d0c
13121110
17161514
1b1a1918
1f1e1d1c
33323130
37363534
3b3a3938
3f3e3d3c
00000000
00000000
00000000
00000000
23222120
27262524
2b2a2928
0000002c
b2eb7363
9b7ce98b
f30c09ac
00000099
ebd05907
3340a1c6
705c31a1
812ff15c
0011000d
03020100
07060504
0b0a0908
0f0e0d0c
13121110
17161514
1b1a1918
1f1e1d1c
33323130
37363534
3b3a3938
3f3e3d3c
00000040
00000000
00000000
00000000
23222120
27262524
2b2a2928
0000002c
1bc777bf
c5f1e93d
27ef72b3
0000003a
967c9ac0
79dcfa6e
f520a466
f9e214de
0012000d
03020100
07060504
0b0a0908
0f0e0d0c
13121110
17161514
1b1a1918
1f1e1d1c
33323130
37363534
3b3a3938
3f3e3d3c
00004140
00000000
00000000
00000000
23222120
27262524
2b2a2928
0000002c
0a5fb0b3
9776c508
65b5a349
0000008b
7bbc42d5
f8b0ae4f
41aec3b5
b3175fb8
0013000d
03020100
07060504
0b0a0908
0f0e0d0c
13121110
17161514
1b1a1918
1f1e1d1c
33323130
37363534
3b3a3938
3f3e3d3c
00424140
00000000
00000000
00000000
23222120
27262524
2b2a2928
0000002c
36c167a9
07e089d3
c6fb42ba
00000074
dbb9d64e
dc6b72bb
065bc92e
feafee71
0014000d
03020100
07060504
0b0a0908
0f0e0d0c
13121110
17161514
1b1a1918
1f1e1d1c
33323130
37363534
3b3a3938
3f3e3d3c
43424140
00000000
00000000
00000000
23222120
27262524
2b2a2928
0000002c
3bdefdd7
8abbe1e4
d30b5771
00000046
6559bb9a
c8dc9358
e6404dcf
e917d54e
0015000d
03020100
07060504
0b0a0908
0f0e0d0c
13121110
17161514
1b1a1918
1f1e1d1c
33323130
37363534
3b3a3938
3f3e3d3c
43424140
00000044
00000000
00000000
23222120
27262524
2b2a2928
0000002c
9f1d26cc
2e84b88f
102be282
00000067
1dc1f83e
6a85459c
276ea263
9dd0d165
0016000d
03020100
07060504
0b0a0908
0f0e0d0c
13121110
17161514
1b1a1918
1f1e1d1c
33323130
37363534
3b3a3938
3f3e3d3c
43424140
00004544
00000000
00000000
23222120
27262524
2b2a2928
0000002c
36aba396
6674575e
5c2f5625
000000e7
c1cf0ddf
0f635303
10ae9e29
3997d0fb
0017000d
03020100
07060504
0b0a0908
0f0e0d0c
13121110
17161514
1b1a1918
1f1e1d1c
33323130
37363534
3b3a3938
3f3e3d3c
43424140
00464544
00000000
00000000
23222120
27262524
2b2a2928
0000002c
2e591478
b715e4ea
97eb505c
000000f5
577ef212
71fcdc04
2e336577
c9a2f344
0018000d
03020100
07060504
0b0a0908
0f0e0d0c
13121110
17161514
1b1a1918
1f1e1d1c
33323130
37363534
3b3a3938
3f3e3d3c
43424140
47464544
00000000
00000000
23222120
27262524
2b2a2928
0000002c
d5f9299d
7094df2a
e0bc4caf
000000a4
1187346f
52dc7320
3d63510a
b2a3a7fe
0019000d
03020100
07060504
0b0a0908
0f0e0d0c
13121110
17161514
1b1a1918
1f1e1d1c
33323130
37363534
3b3a3938
3f3e3d3c
43424140
47464544
00000048
00000000
23222120
27262524
2b2a2928
0000002c
e513cb16
e2413585
24386bf3
00000003
8d308255
0db7326f
88be233e
f6c6bd0f
001a000d
03020100
07060504
0b0a0908
0f0e0d0c
13121110
17161514
1b1a1918
1f1e1d1c
33323130
37363534
3b3a3938
3f3e3d3c
43424140
47464544
00004948
00000000
23222120
27262524
2b2a2928
0000002c
0df72ea9
aa0feff2
971fa274
00000039
267acc2f
6865b655
3c277629
64cb2ca2
001b000d
03020100
07060504
0b0a0908
0f0e0d0c
13121110
17161514
1b1a1918
1f1e1d1c
33323130
37363534
3b3a3938
3f3e3d3c
43424140
47464544
004a4948
00000000
23222120
27262524
2b2a2928
0000002c
6bbbc1e4
124f261b
b5abc2ee
00000042
1161162e
57ac0bc5
921be081
a5c43585
001c000d
03020100
07060504
0b0a0908
0f0e0d0c
13121110
17161514
1b1a1918
1f1e1d1c
33323130
37363534
3b3a3938
3f3e3d3c
43424140
47464544
4b4a4948
00000000
23222120
27262524
2b2a2928
0000002c
e16f4752
e719814a
c49636ce
00000089
73cd3293
314bf467
20f20394
7756ab7e
001d000d
03020100
07060504
0b0a0908
0f0e0d0c
13121110
17161514
1b1a1918
1f1e1d1c
33323130
37363534
3b3a3938
3f3e3d3c
43424140
47464544
4b4a4948
0000004c
23222120
27262524
2b2a2928
0000002c
b60c2f43
e45fe772
564bf912
000000cb
b5b7782f
43e1edbd
b308b4d1
7903baad
001e000d
03020100
07060504
0b0a0908
0f0e0d0c
13121110
17161514
1b1a1918
1f1e1d1c
33323130
37363534
3b3a3938
3f3e3d3c
43424140
47464544
4b4a4948
00004d4c
23222120
27262524
2b2a2928
0000002c
b0685956
5ef93d56
5f4e12a9
00000045
babfec6e
be071b52
2c78e5a4
f61b7d1d
001f000d
03020100
07060504
0b0a0908
0f0e0d0c
13121110
17161514
1b1a1918
1f1e1d1c
33323130
37363534
3b3a3938
3f3e3d3c
43424140
47464544
4b4a4948
004e4d4c
23222120
27262524
2b2a2928
0000002c
5f2e394b
bb0c0ea6
b97d54ca
0000006e
b7459116
0d4128c8
eee16040
822b3d6d
0020000d
03020100
07060504
0b0a0908
0f0e0d0c
13121110
17161514
1b1a1918
1f1e1d1c
33323130
37363534
3b3a3938
3f3e3d3c
43424140
47464544
4b4a4948
4f4e4d4c
00000000
00000000
00000000
00000000
23222120
27262524
2b2a2928
0000002c
46d034cb
bf6da660
66859cbe
00000001
0e10f0b9
7592f9f9
7f08a5b0
202a4f23
0000000e
03020100
07060504
0b0a0908
0f0e0d0c
13121110
17161514
1b1a1918
1f1e1d1c
23222120
27262524
2b2a2928
00002d2c
eedec3e8
eac56c24
3172e8e3
00009738
57672cd5
6a30ad34
144cc55b
5d4d9322
0001000e
03020100
07060504
0b0a0908
0f0e0d0c
13121110
17161514
1b1a1918
1f1e1d1c
00000030
00000000
00000000
00000000
23222120
27262524
2b2a2928
00002d2c
8a7d1096
9a52a729
c7bd4179
00001fdf
8e72b684
5e2fc8fc
326d0c5f
87764ee3
0002000e
03020100
07060504
0b0a0908
0f0e0d0c
13121110
17161514
1b1a1918
1f1e1d1c
00003130
00000000
00000000
00000000
23222120
27262524
2b2a2928
00002d2c
adeffc30
f15d2728
c0101ea3
00009557
190add81
80419d98
134ec226
2c52c982
0003000e
03020100
07060504
0b0a0908
0f0e0d0c
13121110
17161514
1b1a1918
1f1e1d1c
00323130
00000000
00000000
00000000
23222120
27262524
2b2a2928
00002d2c
2bd5d066
dcc601f4
dad40a1c
00001dcd
5f9855d7
72ed577c
75b5fdeb
a71ddc6c
0004000e
03020100
07060504
0b0a0908
0f0e0d0c
13121110
17161514
1b1a1918
1f1e1d1c
33323130
00000000
00000000
00000000
23222120
27262524
2b2a2928
00002d2c
fc3753cf
5dc40eb7
3f0c9e17
0000bb51
8520a09c
57823470
6c07eb3d
64728ccc
0005000e
03020100
07060504
0b0a0908
0f0e0d0c
13121110
17161514
1b1a1918
1f1e1d1c
33323130
00000034
00000000
00000000
23222120
27262524
2b2a2928
00002d2c
8c657630
bbf38bba
2faacc6d
00005512
ea038ebf
9625c57c
9d7c7d88
ce6beaee
0006000e
03020100
07060504
0b0a0908
0f0e0d0c
13121110
17161514
1b1a1918
1f1e1d1c
33323130
00003534
00000000
00000000
23222120
27262524
2b2a2928
00002d2c
ddc61093
3ebc9c8e
bf0e6c40
0000a3be
1a4ebc85
3815d93e
e6ae345a
c5253c42
0007000e
03020100
07060504
0b0a0908
0f0e0d0c
13121110
17161514
1b1a1918
1f1e1d1c
33323130
00363534
00000000
00000000
23222120
27262524
2b2a2928
00002d2c
d44b026e
eb86f303
f4561c9d
0000cf59
1844ea75
51f1787a
0d107b14
312b49a7
0008000e
03020100
07060504
0b0a0908
0f0e0d0c
13121110
17161514
1b1a1918
1f1e1d1c
33323130
37363534
00000000
00000000
23222120
27262524
2b2a2928
00002d2c
b12cbefa
32a6ebe7
0f08309a
0000e726
1a144fa9
a749997b
10a3c591
1ef75655
0009000e
03020100
07060504
0b0a0908
0f0e0d0c
13121110
17161514
1b1a1918
1f1e1d1c
33323130
37363534
00000038
00000000
23222120
27262524
2b2a2928
00002d2c
47d779bf
5bb06f6d
79a09188
00008abe
5f99a22a
3fa03a14
52f76839
03265ffb
000a000e
03020100
07060504
0b0a0908
0f0e0d0c
13121110
17161514
1b1a1918
1f1e1d1c
33323130
37363534
00003938
00000000
23222120
27262524
2b2a2928
00002d2c
96290412
53b442da
bc5f5a6e
00009b1d
17d20b1b
4bd8fe65
2a6d8bbf
90b73027
000b000e
03020100
07060504
0b0a0908
0f0e0d0c
13121110
17161514
1b1a1918
1f1e1d1c
33323130
37363534
003a3938
00000000
23222120
27262524
2b2a2928
00002d2c
256ec316
eb93a8fb
c2307346
00000bc8
332d77c6
ea69586a
ad6abc15
9c8829d3
000c000e
03020100
07060504
0b0a0908
0f0e0d0c
13121110
17161514
1b1a1918
1f1e1d1c
33323130
37363534
3b3a3938
00000000
23222120
27262524
2b2a2928
00002d2c
621c3ab8
70c605ad
0e22e9d6
0000d90d
8ab21b5f
ec3b6588
055e91f5
697255c2
000d000e
03020100
07060504
0b0a0908
0f0e0d0c
13121110
17161514
1b1a1918
1f1e1d1c
33323130
37363534
3b3a3938
0000003c
23222120
27262524
2b2a2928
00002d2c
a19b838c
ff194fb0
a2696ce2
0000568f
90f814a9
4816b424
7165ebea
6b87fc9e
000e000e
03020100
07060504
0b0a0908
0f0e0d0c
13121110
17161514
1b1a1918
1f1e1d1c
33323130
37363534
3b3a3938
00003d3c
23222120
27262524
2b2a2928
00002d2c
59988c01
cd3539dc
8438a3ea
0000c859
3e6f6e29
a427ab54
05607894
d80bd57b
000f000e
03020100
07060504
0b0a0908
0f0e0d0c
13121110
17161514
1b1a1918
1f1e1d1c
33323130
37363534
3b3a3938
003e3d3c
23222120
27262524
2b2a2928
00002d2c
da19fd20
c45c1abc
d321a649
0000ac4d
e78616b6
1c290fb3
c3354bf8
d8709dce
0010000e
03020100
07060504
0b0a0908
0f0e0d0c
13121110
17161514
1b1a1918
1f1e1d1c
33323130
37363534
3b3a3938
3f3e3d3c
00000000
00000000
00000000
00000000
23222120
27262524
2b2a2928
00002d2c
b2eb7363
9b7ce98b
f30c09ac
0000c199
ba23a58c
4742f9f7
569cea7e
b51b256b
0011000e
03020100
07060504
0b0a0908
0f0e0d0c
13121110
17161514
1b1a1918
1f1e1d1c
33323130
37363534
3b3a3938
3f3e3d3c
00000040
00000000
00000000
00000000
23222120
27262524
2b2a2928
00002d2c
1bc777bf
c5f1e93d
27ef72b3
0000083a
7fc90069
852c8b3f
8b003160
5a03d2cb
0012000e
03020100
07060504
0b0a0908
0f0e0d0c
13121110
17161514
1b1a1918
1f1e1d1c
33323130
37363534
3b3a3938
3f3e3d3c
00004140
00000000
00000000
00000000
23222120
27262524
2b2a2928
00002d2c
0a5fb0b3
9776c508
65b5a349
0000cb8b
090fb0f4
fdd38a92
3b4e234d
4d590581
0013000e
03020100
07060504
0b0a0908
0f0e0d0c
13121110
17161514
1b1a1918
1f1e1d1c
33323130
37363534
3b3a3938
3f3e3d3c
00424140
00000000
00000000
00000000
23222120
27262524
2b2a2928
00002d2c
36c167a9
07e089d3
c6fb42ba
00007e74
407c3756
efc57146
33b11885
1a92d04a
0014000e
03020100
07060504
0b0a0908
0f0e0d0c
13121110
17161514
1b1a1918
1f1e1d1c
33323130
37363534
3b3a3938
3f3e3d3c
43424140
00000000
00000000
00000000
23222120
27262524
2b2a2928
00002d2c
3bdefdd7
8abbe1e4
d30b5771
0000c446
11e95a79
1f23b650
5193de83
f43acd5b
0015000e
03020100
07060504
0b0a0908
0f0e0d0c
13121110
17161514
1b1a1918
1f1e1d1c
33323130
37363534
3b3a3938
3f3e3d3c
43424140
00000044
00000000
00000000
23222120
27262524
2b2a2928
00002d2c
9f1d26cc
2e84b88f
102be282
00009667
dbf6bbfe
57556caa
39c7a496
52d110b5
0016000e
03020100
07060504
0b0a0908
0f0e0d0c
13121110
17161514
1b1a1918
1f1e1d1c
33323130
37363534
3b3a3938
3f3e3d3c
43424140
00004544
00000000
00000000
23222120
27262524
2b2a2928
00002d2c
36aba396
6674575e
5c2f5625
0000c5e7
e6419586
d5b239d8
6492e195
a9ce2d22
0017000e
03020100
07060504
0b0a0908
0f0e0d0c
13121110
17161514
1b1a1918
1f1e1d1c
33323130
37363534
3b3a3938
3f3e3d3c
43424140
00464544
00000000
00000000
23222120
27262524
2b2a2928
00002d2c
2e591478
b715e4ea
97eb505c
00009bf5
1d232e33
ad9b091a
08af0e85
3f64b56d
0018000e
03020100
07060504
0b0a0908
0f0e0d0c
13121110
17161514
1b1a1918
1f1e1d1c
33323130
37363534
3b3a3938
3f3e3d3c
43424140
47464544
00000000
00000000
23222120
27262524
2b2a2928
00002d2c
d5f9299d
7094df2a
e0bc4caf
000048a4
3681b686
315f92db
97d118cd
de8152ed
0019000e
03020100
07060504
0b0a0908
0f0e0d0c
13121110
17161514
1b1a1918
1f1e1d1c
33323130
37363534
3b3a3938
3f3e3d3c
43424140
47464544
00000048
00000000
23222120
27262524
2b2a2928
00002d2c
e513cb16
e2413585
24386bf3
00006603
23996000
f447ee3b
4ea55b18
b390b9fa
001a000e
03020100
07060504
0b0a0908
0f0e0d0c
13121110
17161514
1b1a1918
1f1e1d1c
33323130
37363534
3b3a3938
3f3e3d3c
43424140
47464544
00004948
00000000
23222120
27262524
2b2a2928
00002d2c
0df72ea9
aa0feff2
971fa274
0000fb39
275bb691
3b3317a8
6510254a
811c9d0e
001b000e
03020100
07060504
0b0a0908
0f0e0d0c
13121110
17161514
1b1a1918
1f1e1d1c
33323130
37363534
3b3a3938
3f3e3d3c
43424140
47464544
004a4948
00000000
23222120
27262524
2b2a2928
00002d2c
6bbbc1e4
124f261b
b5abc2ee
00007642
be9227a3
9416003e
cd7d9ff7
4233a9cd
001c000e
03020100
07060504
0b0a0908
0f0e0d0c
13121110
17161514
1b1a1918
1f1e1d1c
33323130
37363534
3b3a3938
3f3e3d3c
43424140
47464544
4b4a4948
00000000
23222120
27262524
2b2a2928
00002d2c
e16f4752
e719814a
c49636ce
00003089
06398313
c9b39ff3
207fbc2a
cfe6b35d
001d000e
03020100
07060504
0b0a0908
0f0e0d0c
13121110
17161514
1b1a1918
1f1e1d1c
33323130
37363534
3b3a3938
3f3e3d3c
43424140
47464544
4b4a4948
0000004c
23222120
27262524
2b2a2928
00002d2c
b60c2f43
e45fe772
564bf912
00000acb
f28de8ee
bf628669
79a155e8
d842b9af
001e000e
03020100
07060504
0b0a0908
0f0e0d0c
13121110
17161514
1b1a1918
1f1e1d1c
33323130
37363534
3b3a3938
3f3e3d3c
43424140
47464544
4b4a4948
00004d4c
23222120
27262524
2b2a2928
00002d2c
b0685956
5ef93d56
5f4e12a9
00000645
a574dead
1e43851f
f41e3cf4
db2c4983
001f000e
03020100
07060504
0b0a0908
0f0e0d0c
13121110
17161514
1b1a1918
1f1e1d1c
33323130
37363534
3b3a3938
3f3e3d3c
43424140
47464544
4b4a4948
004e4d4c
23222120
27262524
2b2a2928
00002d2c
5f2e394b
bb0c0ea6
b97d54ca
0000326e
46f38a99
f3580ccf
f9eefe20
e131e084
0020000e
03020100
07060504
0b0a0908
0f0e0d0c
13121110
17161514
1b1a1918
1f1e1d1c
33323130
37363534
3b3a3938
3f3e3d3c
43424140
47464544
4b4a4948
4f4e4d4c
00000000
00000000
00000000
00000000
23222120
27262524
2b2a2928
00002d2c
46d034cb
bf6da660
66859cbe
0000f501
cf239734
466d8f93
3aff5685
7263f7b1
0000000f
03020100
07060504
0b0a0908
0f0e0d0c
13121110
17161514
1b1a1918
1f1e1d1c
23222120
27262524
2b2a2928
002e2d2c
eedec3e8
eac56c24
3172e8e3
00a29738
1dccae83
524a83a0
bfc40e94
0464dbcd
0001000f
03020100
07060504
0b0a0908
0f0e0d0c
13121110
17161514
1b1a1918
1f1e1d1c
00000030
00000000
00000000
00000000
23222120
27262524
2b2a2928
002e2d2c
8a7d1096
9a52a729
c7bd4179
00e31fdf
82519170
1f0842ee
ad22169d
e60bf333
0002000f
03020100
07060504
0b0a0908
0f0e0d0c
13121110
17161514
1b1a1918
1f1e1d1c
00003130
00000000
00000000
00000000
23222120
27262524
2b2a2928
002e2d2c
adeffc30
f15d2728
c0101ea3
00c79557
d1a21fa6
69f96ea5
bf1769b1
1e77b471
0003000f
03020100
07060504
0b0a0908
0f0e0d0c
13121110
17161514
1b1a1918
1f1e1d1c
00323130
00000000
00000000
00000000
23222120
27262524
2b2a2928
002e2d2c
2bd5d066
dcc601f4
dad40a1c
00941dcd
76a9056a
c1c312c2
ec384853
ce3fa199
0004000f
03020100
07060504
0b0a0908
0f0e0d0c
13121110
17161514
1b1a1918
1f1e1d1c
33323130
00000000
00000000
00000000
23222120
27262524
2b2a2928
002e2d2c
fc3753cf
5dc40eb7
3f0c9e17
0025bb51
d7c32964
98cc2fd0
b415e29b
368fa35c
0005000f
03020100
07060504
0b0a0908
0f0e0d0c
13121110
17161514
1b1a1918
1f1e1d1c
33323130
00000034
00000000
00000000
23222120
27262524
2b2a2928
002e2d2c
8c657630
bbf38bba
2faacc6d
00ee5512
38e95d53
d295380c
a3d861f5
f68080d5
0006000f
03020100
07060504
0b0a0908
0f0e0d0c
13121110
17161514
1b1a1918
1f1e1d1c
33323130
00003534
00000000
00000000
23222120
27262524
2b2a2928
002e2d2c
ddc61093
3ebc9c8e
bf0e6c40
0012a3be
4c8bdf82
3f3c7e4a
9233b6e9
33b9cc51
0007000f
03020100
07060504
0b0a0908
0f0e0d0c
13121110
17161514
1b1a1918
1f1e1d1c
33323130
00363534
00000000
00000000
23222120
27262524
2b2a2928
002e2d2c
d44b026e
eb86f303
f4561c9d
00dccf59
0cec4d95
1bf76573
ffd83282
91960a46
0008000f
03020100
07060504
0b0a0908
0f0e0d0c
13121110
17161514
1b1a1918
1f1e1d1c
33323130
37363534
00000000
00000000
23222120
27262524
2b2a2928
002e2d2c
b12cbefa
32a6ebe7
0f08309a
00dce726
25a43530
b345e178
2ff63f81
87c1948a
0009000f
03020100
07060504
0b0a0908
0f0e0d0c
13121110
17161514
1b1a1918
1f1e1d1c
33323130
37363534
00000038
00000000
23222120
27262524
2b2a2928
002e2d2c
47d779bf
5bb06f6d
79a09188
00198abe
3057c11c
7c185af7
50a977af
f77df34a
000a000f
03020100
07060504
0b0a0908
0f0e0d0c
13121110
17161514
1b1a1918
1f1e1d1c
33323130
37363534
00003938
00000000
23222120
27262524
2b2a2928
002e2d2c
96290412
53b442da
bc5f5a6e
00239b1d
d7269a69
666b5aa8
f3249408
4d36ab8d
000b000f
03020100
07060504
0b0a0908
0f0e0d0c
13121110
17161514
1b1a1918
1f1e1d1c
33323130
37363534
003a3938
00000000
23222120
27262524
2b2a2928
002e2d2c
256ec316
eb93a8fb
c2307346
00340bc8
65ad9d55
a3d8604e
1d8377b7
d71a7861
000c000f
03020100
07060504
0b0a0908
0f0e0d0c
13121110
17161514
1b1a1918
1f1e1d1c
33323130
37363534
3b3a3938
00000000
23222120
27262524
2b2a2928
002e2d2c
621c3ab8
70c605ad
0e22e9d6
00bed90d
147378b1
3c01a459
6a3c7605
22112e55
000d000f
03020100
07060504
0b0a0908
0f0e0d0c
13121110
17161514
1b1a1918
1f1e1d1c
33323130
37363534
3b3a3938
0000003c
23222120
27262524
2b2a2928
002e2d2c
a19b838c
ff194fb0
a2696ce2
0035568f
5dc38cfe
ae4217d7
d3535639
206cc4c6
000e000f
03020100
07060504
0b0a0908
0f0e0d0c
13121110
17161514
1b1a1918
1f1e1d1c
33323130
37363534
3b3a3938
00003d3c
23222120
27262524
2b2a2928
002e2d2c
59988c01
cd3539dc
8438a3ea
00a7c859
8b568647
12697428
f35ef521
62e27d22
000f000f
03020100
07060504
0b0a0908
0f0e0d0c
13121110
17161514
1b1a1918
1f1e1d1c
33323130
37363534
3b3a3938
003e3d3c
23222120
27262524
2b2a2928
002e2d2c
da19fd20
c45c1abc
d321a649
0060ac4d
f716f3d7
4fe4aef9
7b8d3c26
99c19470
0010000f
03020100
07060504
0b0a0908
0f0e0d0c
13121110
17161514
1b1a1918
1f1e1d1c
33323130
37363534
3b3a3938
3f3e3d3c
00000000
00000000
00000000
00000000
23222120
27262524
2b2a2928
002e2d2c
b2eb7363
9b7ce98b
f30c09ac
003ec199
c8e06b64
7704040b
48eb4103
488917d6
0011000f
03020100
07060504
0b0a0908
0f0e0d0c
13121110
17161514
1b1a1918
1f1e1d1c
33323130
37363534
3b3a3938
3f3e3d3c
00000040
00000000
00000000
00000000
23222120
27262524
2b2a2928
002e2d2c
1bc777bf
c5f1e93d
27ef72b3
00e8083a
dccfcfc1
aa8cbb64
8ae43344
4a01501e
0012000f
03020100
07060504
0b0a0908
0f0e0d0c
13121110
17161514
1b1a1918
1f1e1d1c
33323130
37363534
3b3a3938
3f3e3d3c
00004140
00000000
00000000
00000000
23222120
27262524
2b2a2928
002e2d2c
0a5fb0b3
9776c508
65b5a349
001dcb8b
70294c9c
854b15aa
fdd0c747
a055d42a
0013000f
03020100
07060504
0b0a0908
0f0e0d0c
13121110
17161514
1b1a1918
1f1e1d1c
33323130
37363534
3b3a3938
3f3e3d3c
00424140
00000000
00000000
00000000
23222120
27262524
2b2a2928
002e2d2c
36c167a9
07e089d3
c6fb42ba
00557e74
4c8bdc44
a4ca6422
d6e77c3b
7128fd77
0014000f
03020100
07060504
0b0a0908
0f0e0d0c
13121110
17161514
1b1a1918
1f1e1d1c
33323130
37363534
3b3a3938
3f3e3d3c
43424140
00000000
00000000
00000000
23222120
27262524
2b2a2928
002e2d2c
3bdefdd7
8abbe1e4
d30b5771
0059c446
53ba1625
2405e1d1
9aee4f77
125a3faf
0015000f
03020100
07060504
0b0a0908
0f0e0d0c
13121110
17161514
1b1a1918
1f1e1d1c
33323130
37363534
3b3a3938
3f3e3d3c
43424140
00000044
00000000
00000000
23222120
27262524
2b2a2928
002e2d2c
9f1d26cc
2e84b88f
102be282
00cd9667
b650bce3
ddbd4fee
35c87c98
e5c2a549
0016000f
03020100
07060504
0b0a0908
0f0e0d0c
13121110
17161514
1b1a1918
1f1e1d1c
33323130
37363534
3b3a3938
3f3e3d3c
43424140
00004544
00000000
00000000
23222120
27262524
2b2a2928
002e2d2c
36aba396
6674575e
5c2f5625
0041c5e7
48e00a1b
0853e6e9
71d8fc25
06a92227
0017000f
03020100
07060504
0b0a0908
0f0e0d0c
13121110
17161514
1b1a1918
1f1e1d1c
33323130
37363534
3b3a3938
3f3e3d3c
43424140
00464544
00000000
00000000
23222120
27262524
2b2a2928
002e2d2c
2e591478
b715e4ea
97eb505c
00a59bf5
8593cbea
7f275dac
74b3756f
64814fa1
0018000f
03020100
07060504
0b0a0908
0f0e0d0c
13121110
17161514
1b1a1918
1f1e1d1c
33323130
37363534
3b3a3938
3f3e3d3c
43424140
47464544
00000000
00000000
23222120
27262524
2b2a2928
002e2d2c
d5f9299d
7094df2a
e0bc4caf
001a48a4
5a0060c6
a18f6281
98435966
99e96cab
0019000f
03020100
07060504
0b0a0908
0f0e0d0c
13121110
17161514
1b1a1918
1f1e1d1c
33323130
37363534
3b3a3938
3f3e3d3c
43424140
47464544
00000048
00000000
23222120
27262524
2b2a2928
002e2d2c
e513cb16
e2413585
24386bf3
00ac6603
db5a2625
1852031f
a5eba632
bb117692
001a000f
03020100
07060504
0b0a0908
0f0e0d0c
13121110
17161514
1b1a1918
1f1e1d1c
33323130
37363534
3b3a3938
3f3e3d3c
43424140
47464544
00004948
00000000
23222120
27262524
2b2a2928
002e2d2c
0df72ea9
aa0feff2
971fa274
0089fb39
2dbc401c
dbb4a177
ce1d5ba0
464127ac
001b000f
03020100
07060504
0b0a0908
0f0e0d0c
13121110
17161514
1b1a1918
1f1e1d1c
33323130
37363534
3b3a3938
3f3e3d3c
43424140
47464544
004a4948
00000000
23222120
27262524
2b2a2928
002e2d2c
6bbbc1e4
124f261b
b5abc2ee
001a7642
ac2ad9f6
975fa507
e6ddfdf5
6bd73d6b
001c000f
03020100
07060504
0b0a0908
0f0e0d0c
13121110
17161514
1b1a1918
1f1e1d1c
33323130
37363534
3b3a3938
3f3e3d3c
43424140
47464544
4b4a4948
00000000
23222120
27262524
2b2a2928
002e2d2c
e16f4752
e719814a
c49636ce
00203089
0e08971b
ddc5b2c1
197da254
afd3831d
001d000f
03020100
07060504
0b0a0908
0f0e0d0c
13121110
17161514
1b1a1918
1f1e1d1c
33323130
37363534
3b3a3938
3f3e3d3c
43424140
47464544
4b4a4948
0000004c
23222120
27262524
2b2a2928
002e2d2c
b60c2f43
e45fe772
564bf912
004c0acb
f8c37189
f4783f1e
ef74a511
7cb649a3
001e000f
03020100
07060504
0b0a0908
0f0e0d0c
13121110
17161514
1b1a1918
1f1e1d1c
33323130
37363534
3b3a3938
3f3e3d3c
43424140
47464544
4b4a4948
00004d4c
23222120
27262524
2b2a2928
002e2d2c
b0685956
5ef93d56
5f4e12a9
00bc0645
03501259
342b1c19
3683fe1d
5d53de8a
001f000f
03020100
07060504
0b0a0908
0f0e0d0c
13121110
17161514
1b1a1918
1f1e1d1c
33323130
37363534
3b3a3938
3f3e3d3c
43424140
47464544
4b4a4948
004e4d4c
23222120
27262524
2b2a2928
002e2d2c
5f2e394b
bb0c0ea6
b97d54ca
0062326e
f9fd9ad0
7a581c32
15fbb87f
72bbdfa0
0020000f
03020100
07060504
0b0a0908
0f0e0d0c
13121110
17161514
1b1a1918
1f1e1d1c
33323130
37363534
3b3a3938
3f3e3d3c
43424140
47464544
4b4a4948
4f4e4d4c
00000000
00000000
00000000
00000000
23222120
27262524
2b2a2928
002e2d2c
46d034cb
bf6da660
66859cbe
00b8f501
f50491c7
a9505267
dcea8e8b
beebb836
00000010
03020100
07060504
0b0a0908
0f0e0d0c
13121110
17161514
1b1a1918
1f1e1d1c
23222120
27262524
2b2a2928
2f2e2d2c
00000000
00000000
00000000
00000000
eedec3e8
eac56c24
3172e8e3
bba29738
00000000
00000000
00000000
00000000
5c91aa9e
5d24d39d
248f0477
a7276dd4
00010010
03020100
07060504
0b0a0908
0f0e0d0c
13121110
17161514
1b1a1918
1f1e1d1c
00000030
00000000
00000000
00000000
23222120
27262524
2b2a2928
2f2e2d2c
00000000
00000000
00000000
00000000
8a7d1096
9a52a729
c7bd4179
c6e31fdf
00000000
00000000
00000000
00000000
679186b4
04da223a
fe61c2bc
4d6afde0
00020010
03020100
07060504
0b0a0908
0f0e0d0c
13121110
17161514
1b1a1918
1f1e1d1c
00003130
00000000
00000000
00000000
23222120
27262524
2b2a2928
2f2e2d2c
00000000
00000000
00000000
00000000
adeffc30
f15d2728
c0101ea3
bac79557
00000000
00000000
00000000
00000000
51ab2b26
49112b3a
e0988fcd
de9cd6a8
00030010
03020100
07060504
0b0a0908
0f0e0d0c
13121110
17161514
1b1a1918
1f1e1d1c
00323130
00000000
00000000
00000000
23222120
27262524
2b2a2928
2f2e2d2c
00000000
00000000
00000000
00000000
2bd5d066
dcc601f4
dad40a1c
c4941dcd
00000000
00000000
00000000
00000000
dd27d4fd
41bf2281
f9748537
ad117799
00040010
03020100
07060504
0b0a0908
0f0e0d0c
13121110
17161514
1b1a1918
1f1e1d1c
33323130
00000000
00000000
00000000
23222120
27262524
2b2a2928
2f2e2d2c
00000000
00000000
00000000
00000000
fc3753cf
5dc40eb7
3f0c9e17
ac25bb51
00000000
00000000
00000000
00000000
6064eab2
2340afcf
d2d074e5
592cded9
00050010
03020100
07060504
0b0a0908
0f0e0d0c
13121110
17161514
1b1a1918
1f1e1d1c
33323130
00000034
00000000
00000000
23222120
27262524
2b2a2928
2f2e2d2c
00000000
00000000
00000000
00000000
8c657630
bbf38bba
2faacc6d
2eee5512
00000000
00000000
00000000
00000000
c757f146
896f769a
9643750e
8794e936
00060010
03020100
07060504
0b0a0908
0f0e0d0c
13121110
17161514
1b1a1918
1f1e1d1c
33323130
00003534
00000000
00000000
23222120
27262524
2b2a2928
2f2e2d2c
00000000
00000000
00000000
00000000
ddc61093
3ebc9c8e
bf0e6c40
4312a3be
00000000
00000000
00000000
00000000
18510c13
08a78bf8
3147b738
8459f862
00070010
03020100
07060504
0b0a0908
0f0e0d0c
13121110
17161514
1b1a1918
1f1e1d1c
33323130
00363534
00000000
00000000
23222120
27262524
2b2a2928
2f2e2d2c
00000000
00000000
00000000
00000000
d44b026e
eb86f303
f4561c9d
dedccf59
00000000
00000000
00000000
00000000
56a7c3fc
5ef7277d
b44a558c
ecb6d911
00080010
03020100
07060504
0b0a0908
0f0e0d0c
13121110
17161514
1b1a1918
1f1e1d1c
33323130
37363534
00000000
00000000
23222120
27262524
2b2a2928
2f2e2d2c
00000000
00000000
00000000
00000000
b12cbefa
32a6ebe7
0f08309a
72dce726
00000000
00000000
00000000
00000000
064b3d05
9697936b
58eb5b12
0dfe0930
00090010
03020100
07060504
0b0a0908
0f0e0d0c
13121110
17161514
1b1a1918
1f1e1d1c
33323130
37363534
00000038
00000000
23222120
27262524
2b2a2928
2f2e2d2c
00000000
00000000
00000000
00000000
47d779bf
5bb06f6d
79a09188
92198abe
00000000
00000000
00000000
00000000
4660702d
73bac02f
08b25e9c
e5440c49
000a0010
03020100
07060504
0b0a0908
0f0e0d0c
13121110
17161514
1b1a1918
1f1e1d1c
33323130
37363534
00003938
00000000
23222120
27262524
2b2a2928
2f2e2d2c
00000000
00000000
00000000
00000000
96290412
53b442da
bc5f5a6e
26239b1d
00000000
00000000
00000000
00000000
e6d85ea0
97221c77
e1f892ef
115b11f2
000b0010
03020100
07060504
0b0a0908
0f0e0d0c
13121110
17161514
1b1a1918
1f1e1d1c
33323130
37363534
003a3938
00000000
23222120
27262524
2b2a2928
2f2e2d2c
00000000
00000000
00000000
00000000
256ec316
eb93a8fb
c2307346
da340bc8
00000000
00000000
00000000
00000000
cd4dfd4e
82527fad
139db528
38c3d960
000c0010
03020100
07060504
0b0a0908
0f0e0d0c
13121110
17161514
1b1a1918
1f1e1d1c
33323130
37363534
3b3a3938
00000000
23222120
27262524
2b2a2928
2f2e2d2c
00000000
00000000
00000000
00000000
621c3ab8
70c605ad
0e22e9d6
46bed90d
00000000
00000000
00000000
00000000
85b6d356
a1b3b18b
60633f50
22602df8
000d0010
03020100
07060504
0b0a0908
0f0e0d0c
13121110
17161514
1b1a1918
1f1e1d1c
33323130
37363534
3b3a3938
0000003c
23222120
27262524
2b2a2928
2f2e2d2c
00000000
00000000
00000000
00000000
a19b838c
ff194fb0
a2696ce2
0f35568f
00000000
00000000
00000000
00000000
0be0d6e7
194679e9
a21486b5
0abcd69c
000e0010
03020100
07060504
0b0a0908
0f0e0d0c
13121110
17161514
1b1a1918
1f1e1d1c
33323130
37363534
3b3a3938
00003d3c
23222120
27262524
2b2a2928
2f2e2d2c
00000000
00000000
00000000
00000000
59988c01
cd3539dc
8438a3ea
eba7c859
00000000
00000000
00000000
00000000
5b23d6d7
a14ee8b2
839d9c03
1c603fc6
000f0010
03020100
07060504
0b0a0908
0f0e0d0c
13121110
17161514
1b1a1918
1f1e1d1c
33323130
37363534
3b3a3938
003e3d3c
23222120
27262524
2b2a2928
2f2e2d2c
00000000
00000000
00000000
00000000
da19fd20
c45c1abc
d321a649
1360ac4d
00000000
00000000
00000000
00000000
b78b2472
a7c46cd4
abc1f9f5
b6552278
00100010
03020100
07060504
0b0a0908
0f0e0d0c
13121110
17161514
1b1a1918
1f1e1d1c
33323130
37363534
3b3a3938
3f3e3d3c
00000000
00000000
00000000
00000000
23222120
27262524
2b2a2928
2f2e2d2c
00000000
00000000
00000000
00000000
b2eb7363
9b7ce98b
f30c09ac
f13ec199
00000000
00000000
00000000
00000000
d2c0bf3a
84f4e809
4d81904c
592cf313
00110010
03020100
07060504
0b0a0908
0f0e0d0c
13121110
17161514
1b1a1918
1f1e1d1c
33323130
37363534
3b3a3938
3f3e3d3c
00000040
00000000
00000000
00000000
23222120
27262524
2b2a2928
2f2e2d2c
00000000
00000000
00000000
00000000
1bc777bf
c5f1e93d
27ef72b3
9be8083a
00000000
00000000
00000000
00000000
a5a7676a
0c865c99
c00bf0e8
d6ba2efc
00120010
03020100
07060504
0b0a0908
0f0e0d0c
13121110
17161514
1b1a1918
1f1e1d1c
33323130
37363534
3b3a3938
3f3e3d3c
00004140
00000000
00000000
00000000
23222120
27262524
2b2a2928
2f2e2d2c
00000000
00000000
00000000
00000000
0a5fb0b3
9776c508
65b5a349
401dcb8b
00000000
00000000
00000000
00000000
d6129f97
6eb761ee
2d198ab0
115a387e
00130010
03020100
07060504
0b0a0908
0f0e0d0c
13121110
17161514
1b1a1918
1f1e1d1c
33323130
37363534
3b3a3938
3f3e3d3c
00424140
00000000
00000000
00000000
23222120
27262524
2b2a2928
2f2e2d2c
00000000
00000000
00000000
00000000
36c167a9
07e089d3
c6fb42ba
a6557e74
00000000
00000000
00000000
00000000
5d0adece
8adbb6d5
3fc53fc8
9e8229db
00140010
03020100
07060504
0b0a0908
0f0e0d0c
13121110
17161514
1b1a1918
1f1e1d1c
33323130
37363534
3b3a3938
3f3e3d3c
43424140
00000000
00000000
00000000
23222120
27262524
2b2a2928
2f2e2d2c
00000000
00000000
00000000
00000000
3bdefdd7
8abbe1e4
d30b5771
9659c446
00000000
00000000
00000000
00000000
a5776455
6a110dd8
cb01b912
8d1e0156
00150010
03020100
07060504
0b0a0908
0f0e0d0c
13121110
17161514
1b1a1918
1f1e1d1c
33323130
37363534
3b3a3938
3f3e3d3c
43424140
00000044
00000000
00000000
23222120
27262524
2b2a2928
2f2e2d2c
00000000
00000000
00000000
00000000
9f1d26cc
2e84b88f
102be282
70cd9667
00000000
00000000
00000000
00000000
11c4e261
c9ba0af7
f6ebbc62
fda50ecd
00160010
03020100
07060504
0b0a0908
0f0e0d0c
13121110
17161514
1b1a1918
1f1e1d1c
33323130
37363534
3b3a3938
3f3e3d3c
43424140
00004544
00000000
00000000
23222120
27262524
2b2a2928
2f2e2d2c
00000000
00000000
00000000
00000000
36aba396
6674575e
5c2f5625
0941c5e7
00000000
00000000
00000000
00000000
665c95fa
4f92ae8a
1c7ea60e
a596c37a
00170010
03020100
07060504
0b0a0908
0f0e0d0c
13121110
17161514
1b1a1918
1f1e1d1c
33323130
37363534
3b3a3938
3f3e3d3c
43424140
00464544
00000000
00000000
23222120
27262524
2b2a2928
2f2e2d2c
00000000
00000000
00000000
00000000
2e591478
b715e4ea
97eb505c
54a59bf5
00000000
00000000
00000000
00000000
dbda3f85
aaf4b836
4d7b8ab8
974dd490
00180010
03020100
07060504
0b0a0908
0f0e0d0c
13121110
17161514
1b1a1918
1f1e1d1c
33323130
37363534
3b3a3938
3f3e3d3c
43424140
47464544
00000000
00000000
23222120
27262524
2b2a2928
2f2e2d2c
00000000
00000000
00000000
00000000
d5f9299d
7094df2a
e0bc4caf
c71a48a4
00000000
00000000
00000000
00000000
557e7633
fd5d575c
53cca9e3
9d544001
00190010
03020100
07060504
0b0a0908
0f0e0d0c
13121110
17161514
1b1a1918
1f1e1d1c
33323130
37363534
3b3a3938
3f3e3d3c
43424140
47464544
00000048
00000000
23222120
27262524
2b2a2928
2f2e2d2c
00000000
00000000
00000000
00000000
e513cb16
e2413585
24386bf3
eeac6603
00000000
00000000
00000000
00000000
1b570334
836ddd5e
8475bf30
2690abf2
001a0010
03020100
07060504
0b0a0908
0f0e0d0c
13121110
17161514
1b1a1918
1f1e1d1c
33323130
37363534
3b3a3938
3f3e3d3c
43424140
47464544
00004948
00000000
23222120
27262524
2b2a2928
2f2e2d2c
00000000
00000000
00000000
00000000
0df72ea9
aa0feff2
971fa274
2389fb39
00000000
00000000
00000000
00000000
23b4dd0a
e6696769
9d66aab7
b122b4ef
001b0010
03020100
07060504
0b0a0908
0f0e0d0c
13121110
17161514
1b1a1918
1f1e1d1c
33323130
37363534
3b3a3938
3f3e3d3c
43424140
47464544
004a4948
00000000
23222120
27262524
2b2a2928
2f2e2d2c
00000000
00000000
00000000
00000000
6bbbc1e4
124f261b
b5abc2ee
bb1a7642
00000000
00000000
00000000
00000000
91875ff9
f4b74366
78208ece
64bf77d0
001c0010
03020100
07060504
0b0a0908
0f0e0d0c
13121110
17161514
1b1a1918
1f1e1d1c
33323130
37363534
3b3a3938
3f3e3d3c
43424140
47464544
4b4a4948
00000000
23222120
27262524
2b2a2928
2f2e2d2c
00000000
00000000
00000000
00000000
e16f4752
e719814a
c49636ce
8f203089
00000000
00000000
00000000
00000000
f107be05
2cad54af
992ab3b0
af8b86cc
001d0010
03020100
07060504
0b0a0908
0f0e0d0c
13121110
17161514
1b1a1918
1f1e1d1c
33323130
37363534
3b3a3938
3f3e3d3c
43424140
47464544
4b4a4948
0000004c
23222120
27262524
2b2a2928
2f2e2d2c
00000000
00000000
00000000
00000000
b60c2f43
e45fe772
564bf912
2e4c0acb
00000000
00000000
00000000
00000000
b75838f1
f9ba27b8
fd39d571
bc7b039a
001e0010
03020100
07060504
0b0a0908
0f0e0d0c
13121110
17161514
1b1a1918
1f1e1d1c
33323130
37363534
3b3a3938
3f3e3d3c
43424140
47464544
4b4a4948
00004d4c
23222120
27262524
2b2a2928
2f2e2d2c
00000000
00000000
00000000
00000000
b0685956
5ef93d56
5f4e12a9
64bc0645
00000000
00000000
00000000
00000000
6d0773f7
a8163351
2571b980
383d41f4
001f0010
03020100
07060504
0b0a0908
0f0e0d0c
13121110
17161514
1b1a1918
1f1e1d1c
33323130
37363534
3b3a3938
3f3e3d3c
43424140
47464544
4b4a4948
004e4d4c
23222120
27262524
2b2a2928
2f2e2d2c
00000000
00000000
00000000
00000000
5f2e394b
bb0c0ea6
b97d54ca
bd62326e
00000000
00000000
00000000
00000000
973de9fa
d74d13f6
193ef1a6
f8daa0d5
00200010
03020100
07060504
0b0a0908
0f0e0d0c
13121110
17161514
1b1a1918
1f1e1d1c
33323130
37363534
3b3a3938
3f3e3d3c
43424140
47464544
4b4a4948
4f4e4d4c
00000000
00000000
00000000
00000000
23222120
27262524
2b2a2928
2f2e2d2c
00000000
00000000
00000000
00000000
46d034cb
bf6da660
66859cbe
aab8f501
00000000
00000000
00000000
00000000
a7d0817a
348a7fa3
c66f0f6c
0bd49300
00000011
03020100
07060504
0b0a0908
0f0e0d0c
13121110
17161514
1b1a1918
1f1e1d1c
23222120
27262524
2b2a2928
2f2e2d2c
00000030
00000000
00000000
00000000
eedec3e8
eac56c24
3172e8e3
bba29738
00000060
00000000
00000000
00000000
53021030
7562459d
ea0c0bdd
4438b2b3
00010011
03020100
07060504
0b0a0908
0f0e0d0c
13121110
17161514
1b1a1918
1f1e1d1c
00000030
00000000
00000000
00000000
23222120
27262524
2b2a2928
2f2e2d2c
00000030
00000000
00000000
00000000
8a7d1096
9a52a729
c7bd4179
c6e31fdf
000000c7
00000000
00000000
00000000
98d770ea
cd597b6e
3972350d
f55bd2f5
00020011
03020100
07060504
0b0a0908
0f0e0d0c
13121110
17161514
1b1a1918
1f1e1d1c
00003130
00000000
00000000
00000000
23222120
27262524
2b2a2928
2f2e2d2c
00000030
00000000
00000000
00000000
adeffc30
f15d2728
c0101ea3
bac79557
000000c7
00000000
00000000
00000000
e22d6851
ef002fba
9f1a8cca
15d6f303
00030011
03020100
07060504
0b0a0908
0f0e0d0c
13121110
17161514
1b1a1918
1f1e1d1c
00323130
00000000
00000000
00000000
23222120
27262524
2b2a2928
2f2e2d2c
00000030
00000000
00000000
00000000
2bd5d066
dcc601f4
dad40a1c
c4941dcd
000000f3
00000000
00000000
00000000
27e74548
72bf496e
a2c73f1c
45095ff8
00040011
03020100
07060504
0b0a0908
0f0e0d0c
13121110
17161514
1b1a1918
1f1e1d1c
33323130
00000000
00000000
00000000
23222120
27262524
2b2a2928
2f2e2d2c
00000030
00000000
00000000
00000000
fc3753cf
5dc40eb7
3f0c9e17
ac25bb51
00000096
00000000
00000000
00000000
d41c2d91
ceb868e6
79aa17bd
bf244a15
00050011
03020100
07060504
0b0a0908
0f0e0d0c
13121110
17161514
1b1a1918
1f1e1d1c
33323130
00000034
00000000
00000000
23222120
27262524
2b2a2928
2f2e2d2c
00000030
00000000
00000000
00000000
8c657630
bbf38bba
2faacc6d
2eee5512
0000007d
00000000
00000000
00000000
cd389660
4dcdc644
ed32bf5f
14ccef95
00060011
03020100
07060504
0b0a0908
0f0e0d0c
13121110
17161514
1b1a1918
1f1e1d1c
33323130
00003534
00000000
00000000
23222120
27262524
2b2a2928
2f2e2d2c
00000030
00000000
00000000
00000000
ddc61093
3ebc9c8e
bf0e6c40
4312a3be
0000005f
00000000
00000000
00000000
0a18bcd1
ff9a98f9
7e63c0c8
99521db8
00070011
03020100
07060504
0b0a0908
0f0e0d0c
13121110
17161514
1b1a1918
1f1e1d1c
33323130
00363534
00000000
00000000
23222120
27262524
2b2a2928
2f2e2d2c
00000030
00000000
00000000
00000000
d44b026e
eb86f303
f4561c9d
dedccf59
0000001b
00000000
00000000
00000000
f1a53579
4c750c71
d391a466
b1fec561
00080011
03020100
07060504
0b0a0908
0f0e0d0c
13121110
17161514
1b1a1918
1f1e1d1c
33323130
37363534
00000000
00000000
23222120
27262524
2b2a2928
2f2e2d2c
00000030
00000000
00000000
00000000
b12cbefa
32a6ebe7
0f08309a
72dce726
00000050
00000000
00000000
00000000
4db3ee69
08144952
6a6ed8db
f46ee4dc
00090011
03020100
07060504
0b0a0908
0f0e0d0c
13121110
17161514
1b1a1918
1f1e1d1c
33323130
37363534
00000038
00000000
23222120
27262524
2b2a2928
2f2e2d2c
00000030
00000000
00000000
00000000
47d779bf
5bb06f6d
79a09188
92198abe
000000b6
00000000
00000000
00000000
a40cab3d
bb38019c
1a16bd79
a303640e
000a0011
03020100
07060504
0b0a0908
0f0e0d0c
13121110
17161514
1b1a1918
1f1e1d1c
33323130
37363534
00003938
00000000
23222120
27262524
2b2a2928
2f2e2d2c
00000030
00000000
00000000
00000000
96290412
53b442da
bc5f5a6e
26239b1d
000000b3
00000000
00000000
00000000
cd83a9a2
b540403c
b0eaa5bd
ff616cb8
000b0011
03020100
07060504
0b0a0908
0f0e0d0c
13121110
17161514
1b1a1918
1f1e1d1c
33323130
37363534
003a3938
00000000
23222120
27262524
2b2a2928
2f2e2d2c
00000030
00000000
00000000
00000000
256ec316
eb93a8fb
c2307346
da340bc8
0000003d
00000000
00000000
00000000
1b9fbef1
34d50e4e
60d9e334
0c210628
000c0011
03020100
07060504
0b0a0908
0f0e0d0c
13121110
17161514
1b1a1918
1f1e1d1c
33323130
37363534
3b3a3938
00000000
23222120
27262524
2b2a2928
2f2e2d2c
00000030
00000000
00000000
00000000
621c3ab8
70c605ad
0e22e9d6
46bed90d
000000e4
00000000
00000000
00000000
91657dc6
ffef1dbf
f4f68cbe
34d4082a
000d0011
03020100
07060504
0b0a0908
0f0e0d0c
13121110
17161514
1b1a1918
1f1e1d1c
33323130
37363534
3b3a3938
0000003c
23222120
27262524
2b2a2928
2f2e2d2c
00000030
00000000
00000000
00000000
a19b838c
ff194fb0
a2696ce2
0f35568f
000000f2
00000000
00000000
00000000
f58071e2
278f8675
3277ceec
107b8713
000e0011
03020100
07060504
0b0a0908
0f0e0d0c
13121110
17161514
1b1a1918
1f1e1d1c
33323130
37363534
3b3a3938
00003d3c
23222120
27262524
2b2a2928
2f2e2d2c
00000030
00000000
00000000
00000000
59988c01
cd3539dc
8438a3ea
eba7c859
00000034
00000000
00000000
00000000
02aaf428
709aa796
33b6d481
e3a3aed7
000f0011
03020100
07060504
0b0a0908
0f0e0d0c
13121110
17161514
1b1a1918
1f1e1d1c
33323130
37363534
3b3a3938
003e3d3c
23222120
27262524
2b2a2928
2f2e2d2c
00000030
00000000
00000000
00000000
da19fd20
c45c1abc
d321a649
1360ac4d
000000ef
00000000
00000000
00000000
630b2d18
aa654384
12514f80
8d8b8f4f
00100011
03020100
07060504
0b0a0908
0f0e0d0c
13121110
17161514
1b1a1918
1f1e1d1c
33323130
37363534
3b3a3938
3f3e3d3c
00000000
00000000
00000000
00000000
23222120
27262524
2b2a2928
2f2e2d2c
00000030
00000000
00000000
00000000
b2eb7363
9b7ce98b
f30c09ac
f13ec199
0000004e
00000000
00000000
00000000
e6b4e897
4cafb670
4b04dbb7
5af88526
00110011
03020100
07060504
0b0a0908
0f0e0d0c
13121110
17161514
1b1a1918
1f1e1d1c
33323130
37363534
3b3a3938
3f3e3d3c
00000040
00000000
00000000
00000000
23222120
27262524
2b2a2928
2f2e2d2c
00000030
00000000
00000000
00000000
1bc777bf
c5f1e93d
27ef72b3
9be8083a
000000e9
00000000
00000000
00000000
b3d707d5
79e9aec2
f791e711
35660d97
00120011
03020100
07060504
0b0a0908
0f0e0d0c
13121110
17161514
1b1a1918
1f1e1d1c
33323130
37363534
3b3a3938
3f3e3d3c
00004140
00000000
00000000
00000000
23222120
27262524
2b2a2928
2f2e2d2c
00000030
00000000
00000000
00000000
0a5fb0b3
9776c508
65b5a349
401dcb8b
0000009c
00000000
00000000
00000000
a4b9b654
b908b640
468711ba
f1900910
00130011
03020100
07060504
0b0a0908
0f0e0d0c
13121110
17161514
1b1a1918
1f1e1d1c
33323130
37363534
3b3a3938
3f3e3d3c
00424140
00000000
00000000
00000000
23222120
27262524
2b2a2928
2f2e2d2c
00000030
00000000
00000000
00000000
36c167a9
07e089d3
c6fb42ba
a6557e74
00000089
00000000
00000000
00000000
435ea014
944fb759
52831ef0
d91b60b2
00140011
03020100
07060504
0b0a0908
0f0e0d0c
13121110
17161514
1b1a1918
1f1e1d1c
33323130
37363534
3b3a3938
3f3e3d3c
43424140
00000000
00000000
00000000
23222120
27262524
2b2a2928
2f2e2d2c
00000030
00000000
00000000
00000000
3bdefdd7
8abbe1e4
d30b5771
9659c446
00000089
00000000
00000000
00000000
d657a2c0
e29c9471
37f34fcf
3d0de8de
00150011
03020100
07060504
0b0a0908
0f0e0d0c
13121110
17161514
1b1a1918
1f1e1d1c
33323130
37363534
3b3a3938
3f3e3d3c
43424140
00000044
00000000
00000000
23222120
27262524
2b2a2928
2f2e2d2c
00000030
00000000
00000000
00000000
9f1d26cc
2e84b88f
102be282
70cd9667
0000008b
00000000
00000000
00000000
623ecfc1
b9dde970
8248b0dd
e626ba0d
00160011
03020100
07060504
0b0a0908
0f0e0d0c
13121110
17161514
1b1a1918
1f1e1d1c
33323130
37363534
3b3a3938
3f3e3d3c
43424140
00004544
00000000
00000000
23222120
27262524
2b2a2928
2f2e2d2c
00000030
00000000
00000000
00000000
36aba396
6674575e
5c2f5625
0941c5e7
000000bf
00000000
00000000
00000000
3761b5a1
80a8d1d5
57fed5c9
f177b63d
00170011
03020100
07060504
0b0a0908
0f0e0d0c
13121110
17161514
1b1a1918
1f1e1d1c
33323130
37363534
3b3a3938
3f3e3d3c
43424140
00464544
00000000
00000000
23222120
27262524
2b2a2928
2f2e2d2c
00000030
00000000
00000000
00000000
2e591478
b715e4ea
97eb505c
54a59bf5
0000004f
00000000
00000000
00000000
78cc1f80
5f1f5552
29aa5c66
b4866b28
00180011
03020100
07060504
0b0a0908
0f0e0d0c
13121110
17161514
1b1a1918
1f1e1d1c
33323130
37363534
3b3a3938
3f3e3d3c
43424140
47464544
00000000
00000000
23222120
27262524
2b2a2928
2f2e2d2c
00000030
00000000
00000000
00000000
d5f9299d
7094df2a
e0bc4caf
c71a48a4
000000fc
00000000
00000000
00000000
1355ce76
bc907ff0
74c297ba
d6ac3aec
00190011
03020100
07060504
0b0a0908
0f0e0d0c
13121110
17161514
1b1a1918
1f1e1d1c
33323130
37363534
3b3a3938
3f3e3d3c
43424140
47464544
00000048
00000000
23222120
27262524
2b2a2928
2f2e2d2c
00000030
00000000
00000000
00000000
e513cb16
e2413585
24386bf3
eeac6603
00000048
00000000
00000000
00000000
44759a68
56273a8a
0ef10271
ea4374b0
001a0011
03020100
07060504
0b0a0908
0f0e0d0c
13121110
17161514
1b1a1918
1f1e1d1c
33323130
37363534
3b3a3938
3f3e3d3c
43424140
47464544
00004948
00000000
23222120
27262524
2b2a2928
2f2e2d2c
00000030
00000000
00000000
00000000
0df72ea9
aa0feff2
971fa274
2389fb39
0000007d
00000000
00000000
00000000
4006f924
f4c66718
ddce5a71
4a5f54a4
001b0011
03020100
07060504
0b0a0908
0f0e0d0c
13121110
17161514
1b1a1918
1f1e1d1c
33323130
37363534
3b3a3938
3f3e3d3c
43424140
47464544
004a4948
00000000
23222120
27262524
2b2a2928
2f2e2d2c
00000030
00000000
00000000
00000000
6bbbc1e4
124f261b
b5abc2ee
bb1a7642
000000c0
00000000
00000000
00000000
1bb6be21
c97f96f6
c48ba888
1367c853
001c0011
03020100
07060504
0b0a0908
0f0e0d0c
13121110
17161514
1b1a1918
1f1e1d1c
33323130
37363534
3b3a3938
3f3e3d3c
43424140
47464544
4b4a4948
00000000
23222120
27262524
2b2a2928
2f2e2d2c
00000030
00000000
00000000
00000000
e16f4752
e719814a
c49636ce
8f203089
0000003d
00000000
00000000
00000000
891f8346
ce25266a
cf934eea
c163b62a
001d0011
03020100
07060504
0b0a0908
0f0e0d0c
13121110
17161514
1b1a1918
1f1e1d1c
33323130
37363534
3b3a3938
3f3e3d3c
43424140
47464544
4b4a4948
0000004c
23222120
27262524
2b2a2928
2f2e2d2c
00000030
00000000
00000000
00000000
b60c2f43
e45fe772
564bf912
2e4c0acb
00000042
00000000
00000000
00000000
b32a31f0
a8b75ddd
b80fdc77
d223c136
001e0011
03020100
07060504
0b0a0908
0f0e0d0c
13121110
17161514
1b1a1918
1f1e1d1c
33323130
37363534
3b3a3938
3f3e3d3c
43424140
47464544
4b4a4948
00004d4c
23222120
27262524
2b2a2928
2f2e2d2c
00000030
00000000
00000000
00000000
b0685956
5ef93d56
5f4e12a9
64bc0645
000000f5
00000000
00000000
00000000
f8a7031e
7fc919d7
9dacb4aa
61feaa4a
001f0011
03020100
07060504
0b0a0908
0f0e0d0c
13121110
17161514
1b1a1918
1f1e1d1c
33323130
37363534
3b3a3938
3f3e3d3c
43424140
47464544
4b4a4948
004e4d4c
23222120
27262524
2b2a2928
2f2e2d2c
00000030
00000000
00000000
00000000
5f2e394b
bb0c0ea6
b97d54ca
bd62326e
00000083
00000000
00000000
00000000
8f5cc7ec
765ca8f4
bcf20895
2142fe99
00200011
03020100
07060504
0b0a0908
0f0e0d0c
13121110
17161514
1b1a1918
1f1e1d1c
33323130
37363534
3b3a3938
3f3e3d3c
43424140
47464544
4b4a4948
4f4e4d4c
00000000
00000000
00000000
00000000
23222120
27262524
2b2a2928
2f2e2d2c
00000030
00000000
00000000
00000000
46d034cb
bf6da660
66859cbe
aab8f501
00000051
00000000
00000000
00000000
b9aa7c0d
5114fc12
3a92df45
5fa80324
00000012
03020100
07060504
0b0a0908
0f0e0d0c
13121110
17161514
1b1a1918
1f1e1d1c
23222120
27262524
2b2a2928
2f2e2d2c
00003130
00000000
00000000
00000000
eedec3e8
eac56c24
3172e8e3
bba29738
00008960
00000000
00000000
00000000
7d51f722
0b009d28
39441844
da52ad47
00010012
03020100
07060504
0b0a0908
0f0e0d0c
13121110
17161514
1b1a1918
1f1e1d1c
00000030
00000000
00000000
00000000
23222120
27262524
2b2a2928
2f2e2d2c
00003130
00000000
00000000
00000000
8a7d1096
9a52a729
c7bd4179
c6e31fdf
000021c7
00000000
00000000
00000000
7396ee47
54d667fb
1777e8ab
835687ab
00020012
03020100
07060504
0b0a0908
0f0e0d0c
13121110
17161514
1b1a1918
1f1e1d1c
00003130
00000000
00000000
00000000
23222120
27262524
2b2a2928
2f2e2d2c
00003130
00000000
00000000
00000000
adeffc30
f15d2728
c0101ea3
bac79557
000052c7
00000000
00000000
00000000
51b2a275
65b278be
469f4ac5
bd52569a
00030012
03020100
07060504
0b0a0908
0f0e0d0c
13121110
17161514
1b1a1918
1f1e1d1c
00323130
00000000
00000000
00000000
23222120
27262524
2b2a2928
2f2e2d2c
00003130
00000000
00000000
00000000
2bd5d066
dcc601f4
dad40a1c
c4941dcd
0000f1f3
00000000
00000000
00000000
41ab1579
20457888
7f10ccaa
c52ea8f4
00040012
03020100
07060504
0b0a0908
0f0e0d0c
13121110
17161514
1b1a1918
1f1e1d1c
33323130
00000000
00000000
00000000
23222120
27262524
2b2a2928
2f2e2d2c
00003130
00000000
00000000
00000000
fc3753cf
5dc40eb7
3f0c9e17
ac25bb51
00007a96
00000000
00000000
00000000
ee62702e
a60dd89b
9b3a2ec7
e0d9ae43
00050012
03020100
07060504
0b0a0908
0f0e0d0c
13121110
17161514
1b1a1918
1f1e1d1c
33323130
00000034
00000000
00000000
23222120
27262524
2b2a2928
2f2e2d2c
00003130
00000000
00000000
00000000
8c657630
bbf38bba
2faacc6d
2eee5512
0000b67d
00000000
00000000
00000000
763c49f6
685ff698
3a43a760
6c1e560f
00060012
03020100
07060504
0b0a0908
0f0e0d0c
13121110
17161514
1b1a1918
1f1e1d1c
33323130
00003534
00000000
00000000
23222120
27262524
2b2a2928
2f2e2d2c
00003130
00000000
00000000
00000000
ddc61093
3ebc9c8e
bf0e6c40
4312a3be
00002c5f
00000000
00000000
00000000
f3fa7569
7eb1b2b6
0325eaf1
f51ed3c3
00070012
03020100
07060504
0b0a0908
0f0e0d0c
13121110
17161514
1b1a1918
1f1e1d1c
33323130
00363534
00000000
00000000
23222120
27262524
2b2a2928
2f2e2d2c
00003130
00000000
00000000
00000000
d44b026e
eb86f303
f4561c9d
dedccf59
00002f1b
00000000
00000000
00000000
bed88fdf
7605af2f
218d1ec8
8a8fddc0
00080012
03020100
07060504
0b0a0908
0f0e0d0c
13121110
17161514
1b1a1918
1f1e1d1c
33323130
37363534
00000000
00000000
23222120
27262524
2b2a2928
2f2e2d2c
00003130
00000000
00000000
00000000
b12cbefa
32a6ebe7
0f08309a
72dce726
00003d50
00000000
00000000
00000000
def457fc
b734a306
03caadeb
e9734bb4
00090012
03020100
07060504
0b0a0908
0f0e0d0c
13121110
17161514
1b1a1918
1f1e1d1c
33323130
37363534
00000038
00000000
23222120
27262524
2b2a2928
2f2e2d2c
00003130
00000000
00000000
00000000
47d779bf
5bb06f6d
79a09188
92198abe
00003fb6
00000000
00000000
00000000
57125455
be0dc621
41110194
f918ebb4
000a0012
03020100
07060504
0b0a0908
0f0e0d0c
13121110
17161514
1b1a1918
1f1e1d1c
33323130
37363534
00003938
00000000
23222120
27262524
2b2a2928
2f2e2d2c
00003130
00000000
00000000
00000000
96290412
53b442da
bc5f5a6e
26239b1d
000001b3
00000000
00000000
00000000
6f7cbc16
61c6864c
b604863d
5572679b
000b0012
03020100
07060504
0b0a0908
0f0e0d0c
13121110
17161514
1b1a1918
1f1e1d1c
33323130
37363534
003a3938
00000000
23222120
27262524
2b2a2928
2f2e2d2c
00003130
00000000
00000000
00000000
256ec316
eb93a8fb
c2307346
da340bc8
0000f83d
00000000
00000000
00000000
b2c5c827
9b022b53
b197ebf4
855c0961
000c0012
03020100
07060504
0b0a0908
0f0e0d0c
13121110
17161514
1b1a1918
1f1e1d1c
33323130
37363534
3b3a3938
00000000
23222120
27262524
2b2a2928
2f2e2d2c
00003130
00000000
00000000
00000000
621c3ab8
70c605ad
0e22e9d6
46bed90d
00003de4
00000000
00000000
00000000
4c4e9174
be6524b8
04650a86
7e8ed404
000d0012
03020100
07060504
0b0a0908
0f0e0d0c
13121110
17161514
1b1a1918
1f1e1d1c
33323130
37363534
3b3a3938
0000003c
23222120
27262524
2b2a2928
2f2e2d2c
00003130
00000000
00000000
00000000
a19b838c
ff194fb0
a2696ce2
0f35568f
0000d7f2
00000000
00000000
00000000
c03521da
d33312c7
ecc694fe
15f22fa2
000e0012
03020100
07060504
0b0a0908
0f0e0d0c
13121110
17161514
1b1a1918
1f1e1d1c
33323130
37363534
3b3a3938
00003d3c
23222120
27262524
2b2a2928
2f2e2d2c
00003130
00000000
00000000
00000000
59988c01
cd3539dc
8438a3ea
eba7c859
0000be34
00000000
00000000
00000000
99364308
17dca536
7015d427
257b8869
000f0012
03020100
07060504
0b0a0908
0f0e0d0c
13121110
17161514
1b1a1918
1f1e1d1c
33323130
37363534
3b3a3938
003e3d3c
23222120
27262524
2b2a2928
2f2e2d2c
00003130
00000000
00000000
00000000
da19fd20
c45c1abc
d321a649
1360ac4d
000043ef
00000000
00000000
00000000
79739a19
d1d67090
6107327d
c04bbaf4
00100012
03020100
07060504
0b0a0908
0f0e0d0c
13121110
17161514
1b1a1918
1f1e1d1c
33323130
37363534
3b3a3938
3f3e3d3c
00000000
00000000
00000000
00000000
23222120
27262524
2b2a2928
2f2e2d2c
00003130
00000000
00000000
00000000
b2eb7363
9b7ce98b
f30c09ac
f13ec199
0000a64e
00000000
00000000
00000000
c8b5e1a4
a417de36
8948d84b
0119fcdf
00110012
03020100
07060504
0b0a0908
0f0e0d0c
13121110
17161514
1b1a1918
1f1e1d1c
33323130
37363534
3b3a3938
3f3e3d3c
00000040
00000000
00000000
00000000
23222120
27262524
2b2a2928
2f2e2d2c
00003130
00000000
00000000
00000000
1bc777bf
c5f1e93d
27ef72b3
9be8083a
000067e9
00000000
00000000
00000000
f64ff9c7
298b6248
58e16023
3d375de5
00120012
03020100
07060504
0b0a0908
0f0e0d0c
13121110
17161514
1b1a1918
1f1e1d1c
33323130
37363534
3b3a3938
3f3e3d3c
00004140
00000000
00000000
00000000
23222120
27262524
2b2a2928
2f2e2d2c
00003130
00000000
00000000
00000000
0a5fb0b3
9776c508
65b5a349
401dcb8b
0000759c
00000000
00000000
00000000
1237453e
11a4435e
7f63bad2
ab193244
00130012
03020100
07060504
0b0a0908
0f0e0d0c
13121110
17161514
1b1a1918
1f1e1d1c
33323130
37363534
3b3a3938
3f3e3d3c
00424140
00000000
00000000
00000000
23222120
27262524
2b2a2928
2f2e2d2c
00003130
00000000
00000000
00000000
36c167a9
07e089d3
c6fb42ba
a6557e74
0000fc89
00000000
00000000
00000000
31ac4ae7
24435b9f
f1cf017b
b5fb17ae
00140012
03020100
07060504
0b0a0908
0f0e0d0c
13121110
17161514
1b1a1918
1f1e1d1c
33323130
37363534
3b3a3938
3f3e3d3c
43424140
00000000
00000000
00000000
23222120
27262524
2b2a2928
2f2e2d2c
00003130
00000000
00000000
00000000
3bdefdd7
8abbe1e4
d30b5771
9659c446
0000fc89
00000000
00000000
00000000
49f95778
e64c6b8c
e57a3ed3
90bd535c
00150012
03020100
07060504
0b0a0908
0f0e0d0c
13121110
17161514
1b1a1918
1f1e1d1c
33323130
37363534
3b3a3938
3f3e3d3c
43424140
00000044
00000000
00000000
23222120
27262524
2b2a2928
2f2e2d2c
00003130
00000000
00000000
00000000
9f1d26cc
2e84b88f
102be282
70cd9667
0000238b
00000000
00000000
00000000
9ec33acb
89eb76e7
51bf3e9a
d7e404fe
00160012
03020100
07060504
0b0a0908
0f0e0d0c
13121110
17161514
1b1a1918
1f1e1d1c
33323130
37363534
3b3a3938
3f3e3d3c
43424140
00004544
00000000
00000000
23222120
27262524
2b2a2928
2f2e2d2c
00003130
00000000
00000000
00000000
36aba396
6674575e
5c2f5625
0941c5e7
00000ebf
00000000
00000000
00000000
84d8c316
c42bf982
2e4719f4
a46e106c
00170012
03020100
07060504
0b0a0908
0f0e0d0c
13121110
17161514
1b1a1918
1f1e1d1c
33323130
37363534
3b3a3938
3f3e3d3c
43424140
00464544
00000000
00000000
23222120
27262524
2b2a2928
2f2e2d2c
00003130
00000000
00000000
00000000
2e591478
b715e4ea
97eb505c
54a59bf5
00007d4f
00000000
00000000
00000000
0718d290
d00706fe
918257fd
9a0e6f2d
00180012
03020100
07060504
0b0a0908
0f0e0d0c
13121110
17161514
1b1a1918
1f1e1d1c
33323130
37363534
3b3a3938
3f3e3d3c
43424140
47464544
00000000
00000000
23222120
27262524
2b2a2928
2f2e2d2c
00003130
00000000
00000000
00000000
d5f9299d
7094df2a
e0bc4caf
c71a48a4
0000b1fc
00000000
00000000
00000000
06c06260
e8330d20
7392a14f
28d99544
00190012
03020100
07060504
0b0a0908
0f0e0d0c
13121110
17161514
1b1a1918
1f1e1d1c
33323130
37363534
3b3a3938
3f3e3d3c
43424140
47464544
00000048
00000000
23222120
27262524
2b2a2928
2f2e2d2c
00003130
00000000
00000000
00000000
e513cb16
e2413585
24386bf3
eeac6603
0000e048
00000000
00000000
00000000
a27d8502
ea532baa
f70adfb9
16a48754
001a0012
03020100
07060504
0b0a0908
0f0e0d0c
13121110
17161514
1b1a1918
1f1e1d1c
33323130
37363534
3b3a3938
3f3e3d3c
43424140
47464544
00004948
00000000
23222120
27262524
2b2a2928
2f2e2d2c
00003130
00000000
00000000
00000000
0df72ea9
aa0feff2
971fa274
2389fb39
0000f67d
00000000
00000000
00000000
09e4ee7d
276cda09
f1be09ee
92d9cfa5
001b0012
03020100
07060504
0b0a0908
0f0e0d0c
13121110
17161514
1b1a1918
1f1e1d1c
33323130
37363534
3b3a3938
3f3e3d3c
43424140
47464544
004a4948
00000000
23222120
27262524
2b2a2928
2f2e2d2c
00003130
00000000
00000000
00000000
6bbbc1e4
124f261b
b5abc2ee
bb1a7642
0000d8c0
00000000
00000000
00000000
37b82e67
b385fbfb
b046c163
c6255d7a
001c0012
03020100
07060504
0b0a0908
0f0e0d0c
13121110
17161514
1b1a1918
1f1e1d1c
33323130
37363534
3b3a3938
3f3e3d3c
43424140
47464544
4b4a4948
00000000
23222120
27262524
2b2a2928
2f2e2d2c
00003130
00000000
00000000
00000000
e16f4752
e719814a
c49636ce
8f203089
0000ae3d
00000000
00000000
00000000
1eaf1fd9
91103817
b62063e1
ac95d2fd
001d0012
03020100
07060504
0b0a0908
0f0e0d0c
13121110
17161514
1b1a1918
1f1e1d1c
33323130
37363534
3b3a3938
3f3e3d3c
43424140
47464544
4b4a4948
0000004c
23222120
27262524
2b2a2928
2f2e2d2c
00003130
00000000
00000000
00000000
b60c2f43
e45fe772
564bf912
2e4c0acb
0000f342
00000000
00000000
00000000
7d7960e7
c3916352
9ace0854
e13953b5
001e0012
03020100
07060504
0b0a0908
0f0e0d0c
13121110
17161514
1b1a1918
1f1e1d1c
33323130
37363534
3b3a3938
3f3e3d3c
43424140
47464544
4b4a4948
00004d4c
23222120
27262524
2b2a2928
2f2e2d2c
00003130
00000000
00000000
00000000
b0685956
5ef93d56
5f4e12a9
64bc0645
000077f5
00000000
00000000
00000000
b2ac3c8a
0e4dd2f8
742eb302
6bce3c88
001f0012
03020100
07060504
0b0a0908
0f0e0d0c
13121110
17161514
1b1a1918
1f1e1d1c
33323130
37363534
3b3a3938
3f3e3d3c
43424140
47464544
4b4a4948
004e4d4c
23222120
27262524
2b2a2928
2f2e2d2c
00003130
00000000
00000000
00000000
5f2e394b
bb0c0ea6
b97d54ca
bd62326e
00008283
00000000
00000000
00000000
a5fc1124
9f4dd543
49d8e259
4772ee0d
00200012
03020100
07060504
0b0a0908
0f0e0d0c
13121110
17161514
1b1a1918
1f1e1d1c
33323130
37363534
3b3a3938
3f3e3d3c
43424140
47464544
4b4a4948
4f4e4d4c
00000000
00000000
00000000
00000000
23222120
27262524
2b2a2928
2f2e2d2c
00003130
00000000
00000000
00000000
46d034cb
bf6da660
66859cbe
aab8f501
0000a451
00000000
00000000
00000000
bc8ef637
e6613412
2557f64b
51ebbdf6
00000013
03020100
07060504
0b0a0908
0f0e0d0c
13121110
17161514
1b1a1918
1f1e1d1c
23222120
27262524
2b2a2928
2f2e2d2c
00323130
00000000
00000000
00000000
eedec3e8
eac56c24
3172e8e3
bba29738
00aa8960
00000000
00000000
00000000
9a09e426
aa067c8f
206abf8c
616d31a0
00010013
03020100
07060504
0b0a0908
0f0e0d0c
13121110
17161514
1b1a1918
1f1e1d1c
00000030
00000000
00000000
00000000
23222120
27262524
2b2a2928
2f2e2d2c
00323130
00000000
00000000
00000000
8a7d1096
9a52a729
c7bd4179
c6e31fdf
000321c7
00000000
00000000
00000000
1a6a58eb
518bf664
5d5923af
fad7e6dd
00020013
03020100
07060504
0b0a0908
0f0e0d0c
13121110
17161514
1b1a1918
1f1e1d1c
00003130
00000000
00000000
00000000
23222120
27262524
2b2a2928
2f2e2d2c
00323130
00000000
00000000
00000000
adeffc30
f15d2728
c0101ea3
bac79557
003652c7
00000000
00000000
00000000
c36373b1
f027075b
375f33d6
c1c33efd
00030013
03020100
07060504
0b0a0908
0f0e0d0c
13121110
17161514
1b1a1918
1f1e1d1c
00323130
00000000
00000000
00000000
23222120
27262524
2b2a2928
2f2e2d2c
00323130
00000000
00000000
00000000
2bd5d066
dcc601f4
dad40a1c
c4941dcd
0030f1f3
00000000
00000000
00000000
cea6ccf9
73dcd5d6
ec48b5ba
a5c340ad
00040013
03020100
07060504
0b0a0908
0f0e0d0c
13121110
17161514
1b1a1918
1f1e1d1c
33323130
00000000
00000000
00000000
23222120
27262524
2b2a2928
2f2e2d2c
00323130
00000000
00000000
00000000
fc3753cf
5dc40eb7
3f0c9e17
ac25bb51
00507a96
00000000
00000000
00000000
5e9e3bd7
550ad36f
ad65ea24
79f33bee
00050013
03020100
07060504
0b0a0908
0f0e0d0c
13121110
17161514
1b1a1918
1f1e1d1c
33323130
00000034
00000000
00000000
23222120
27262524
2b2a2928
2f2e2d2c
00323130
00000000
00000000
00000000
8c657630
bbf38bba
2faacc6d
2eee5512
00c1b67d
00000000
00000000
00000000
3d8c9034
a1783798
cc1ad9ee
28cb8120
00060013
03020100
07060504
0b0a0908
0f0e0d0c
13121110
17161514
1b1a1918
1f1e1d1c
33323130
00003534
00000000
00000000
23222120
27262524
2b2a2928
2f2e2d2c
00323130
00000000
00000000
00000000
ddc61093
3ebc9c8e
bf0e6c40
4312a3be
00892c5f
00000000
00000000
00000000
fd569643
ec4e4762
fe3cd512
6ccd0f6c
00070013
03020100
07060504
0b0a0908
0f0e0d0c
13121110
17161514
1b1a1918
1f1e1d1c
33323130
00363534
00000000
00000000
23222120
27262524
2b2a2928
2f2e2d2c
00323130
00000000
00000000
00000000
d44b026e
eb86f303
f4561c9d
dedccf59
00642f1b
00000000
00000000
00000000
2806f04c
5aad20a7
aa736e42
3d705c8c
00080013
03020100
07060504
0b0a0908
0f0e0d0c
13121110
17161514
1b1a1918
1f1e1d1c
33323130
37363534
00000000
00000000
23222120
27262524
2b2a2928
2f2e2d2c
00323130
00000000
00000000
00000000
b12cbefa
32a6ebe7
0f08309a
72dce726
002e3d50
00000000
00000000
00000000
5376a4aa
f9523648
65f9101b
a3db9de7
00090013
03020100
07060504
0b0a0908
0f0e0d0c
13121110
17161514
1b1a1918
1f1e1d1c
33323130
37363534
00000038
00000000
23222120
27262524
2b2a2928
2f2e2d2c
00323130
00000000
00000000
00000000
47d779bf
5bb06f6d
79a09188
92198abe
00fe3fb6
00000000
00000000
00000000
c2928f06
89a48500
8e805d30
9c2e56d6
000a0013
03020100
07060504
0b0a0908
0f0e0d0c
13121110
17161514
1b1a1918
1f1e1d1c
33323130
37363534
00003938
00000000
23222120
27262524
2b2a2928
2f2e2d2c
00323130
00000000
00000000
00000000
96290412
53b442da
bc5f5a6e
26239b1d
006f01b3
00000000
00000000
00000000
60e53a55
6d4a9c9e
50c0fdb0
a95fc5a9
000b0013
03020100
07060504
0b0a0908
0f0e0d0c
13121110
17161514
1b1a1918
1f1e1d1c
33323130
37363534
003a3938
00000000
23222120
27262524
2b2a2928
2f2e2d2c
00323130
00000000
00000000
00000000
256ec316
eb93a8fb
c2307346
da340bc8
006bf83d
00000000
00000000
00000000
efe5df8c
eb7e7532
fb9d5fc8
a1c30804
000c0013
03020100
07060504
0b0a0908
0f0e0d0c
13121110
17161514
1b1a1918
1f1e1d1c
33323130
37363534
3b3a3938
00000000
23222120
27262524
2b2a2928
2f2e2d2c
00323130
00000000
00000000
00000000
621c3ab8
70c605ad
0e22e9d6
46bed90d
008d3de4
00000000
00000000
00000000
00b50322
d58cbdef
812cf358
efea50c6
000d0013
03020100
07060504
0b0a0908
0f0e0d0c
13121110
17161514
1b1a1918
1f1e1d1c
33323130
37363534
3b3a3938
0000003c
23222120
27262524
2b2a2928
2f2e2d2c
00323130
00000000
00000000
00000000
a19b838c
ff194fb0
a2696ce2
0f35568f
000cd7f2
00000000
00000000
00000000
ed54d311
7b243457
94b2047b
d5ba6988
000e0013
03020100
07060504
0b0a0908
0f0e0d0c
13121110
17161514
1b1a1918
1f1e1d1c
33323130
37363534
3b3a3938
00003d3c
23222120
27262524
2b2a2928
2f2e2d2c
00323130
00000000
00000000
00000000
59988c01
cd3539dc
8438a3ea
eba7c859
007dbe34
00000000
00000000
00000000
744af98f
8f64f079
691b0fed
575bfc8c
000f0013
03020100
07060504
0b0a0908
0f0e0d0c
13121110
17161514
1b1a1918
1f1e1d1c
33323130
37363534
3b3a3938
003e3d3c
23222120
27262524
2b2a2928
2f2e2d2c
00323130
00000000
00000000
00000000
da19fd20
c45c1abc
d321a649
1360ac4d
00f543ef
00000000
00000000
00000000
f7cb45dd
4eccdb28
30680ac4
7494e6a3
00100013
03020100
07060504
0b0a0908
0f0e0d0c
13121110
17161514
1b1a1918
1f1e1d1c
33323130
37363534
3b3a3938
3f3e3d3c
00000000
00000000
00000000
00000000
23222120
27262524
2b2a2928
2f2e2d2c
00323130
00000000
00000000
00000000
b2eb7363
9b7ce98b
f30c09ac
f13ec199
00c5a64e
00000000
00000000
00000000
492a8666
43fc9244
cf14bd5f
944989fd
00110013
03020100
07060504
0b0a0908
0f0e0d0c
13121110
17161514
1b1a1918
1f1e1d1c
33323130
37363534
3b3a3938
3f3e3d3c
00000040
00000000
00000000
00000000
23222120
27262524
2b2a2928
2f2e2d2c
00323130
00000000
00000000
00000000
1bc777bf
c5f1e93d
27ef72b3
9be8083a
005a67e9
00000000
00000000
00000000
530aa3c9
d4b1c2be
1440e649
7790ebcf
00120013
03020100
07060504
0b0a0908
0f0e0d0c
13121110
17161514
1b1a1918
1f1e1d1c
33323130
37363534
3b3a3938
3f3e3d3c
00004140
00000000
00000000
00000000
23222120
27262524
2b2a2928
2f2e2d2c
00323130
00000000
00000000
00000000
0a5fb0b3
9776c508
65b5a349
401dcb8b
00aa759c
00000000
00000000
00000000
c75203a7
19a5754b
f59d36bf
4c8527ce
00130013
03020100
07060504
0b0a0908
0f0e0d0c
13121110
17161514
1b1a1918
1f1e1d1c
33323130
37363534
3b3a3938
3f3e3d3c
00424140
00000000
00000000
00000000
23222120
27262524
2b2a2928
2f2e2d2c
00323130
00000000
00000000
00000000
36c167a9
07e089d3
c6fb42ba
a6557e74
00fafc89
00000000
00000000
00000000
fd22315f
404d8dab
467ffd2e
3db61fdb
00140013
03020100
07060504
0b0a0908
0f0e0d0c
13121110
17161514
1b1a1918
1f1e1d1c
33323130
37363534
3b3a3938
3f3e3d3c
43424140
00000000
00000000
00000000
23222120
27262524
2b2a2928
2f2e2d2c
00323130
00000000
00000000
00000000
3bdefdd7
8abbe1e4
d30b5771
9659c446
009ffc89
00000000
00000000
00000000
104de452
9fb46d01
6598ec89
79993274
00150013
03020100
07060504
0b0a0908
0f0e0d0c
13121110
17161514
1b1a1918
1f1e1d1c
33323130
37363534
3b3a3938
3f3e3d3c
43424140
00000044
00000000
00000000
23222120
27262524
2b2a2928
2f2e2d2c
00323130
00000000
00000000
00000000
9f1d26cc
2e84b88f
102be282
70cd9667
0042238b
00000000
00000000
00000000
10624f6c
a645592d
3c7cf5c7
19ad8746
00160013
03020100
07060504
0b0a0908
0f0e0d0c
13121110
17161514
1b1a1918
1f1e1d1c
33323130
37363534
3b3a3938
3f3e3d3c
43424140
00004544
00000000
00000000
23222120
27262524
2b2a2928
2f2e2d2c
00323130
00000000
00000000
00000000
36aba396
6674575e
5c2f5625
0941c5e7
00ab0ebf
00000000
00000000
00000000
8afdb92c
e6b827c5
759d9825
a3591f9c
00170013
03020100
07060504
0b0a0908
0f0e0d0c
13121110
17161514
1b1a1918
1f1e1d1c
33323130
37363534
3b3a3938
3f3e3d3c
43424140
00464544
00000000
00000000
23222120
27262524
2b2a2928
2f2e2d2c
00323130
00000000
00000000
00000000
2e591478
b715e4ea
97eb505c
54a59bf5
00a77d4f
00000000
00000000
00000000
99dd8fe0
3d284c49
6e1e782a
0fbc5836
00180013
03020100
07060504
0b0a0908
0f0e0d0c
13121110
17161514
1b1a1918
1f1e1d1c
33323130
37363534
3b3a3938
3f3e3d3c
43424140
47464544
00000000
00000000
23222120
27262524
2b2a2928
2f2e2d2c
00323130
00000000
00000000
00000000
d5f9299d
7094df2a
e0bc4caf
c71a48a4
00b3b1fc
00000000
00000000
00000000
4b0e8809
903c7b98
e6ed4cc1
7d4d9868
00190013
03020100
07060504
0b0a0908
0f0e0d0c
13121110
17161514
1b1a1918
1f1e1d1c
33323130
37363534
3b3a3938
3f3e3d3c
43424140
47464544
00000048
00000000
23222120
27262524
2b2a2928
2f2e2d2c
00323130
00000000
00000000
00000000
e513cb16
e2413585
24386bf3
eeac6603
00b2e048
00000000
00000000
00000000
563da942
b3183872
de3b1c19
69fff4cd
001a0013
03020100
07060504
0b0a0908
0f0e0d0c
13121110
17161514
1b1a1918
1f1e1d1c
33323130
37363534
3b3a3938
3f3e3d3c
43424140
47464544
00004948
00000000
23222120
27262524
2b2a2928
2f2e2d2c
00323130
00000000
00000000
00000000
0df72ea9
aa0feff2
971fa274
2389fb39
002ff67d
00000000
00000000
00000000
3a154fc1
8dcfcc35
bec04c74
aaeff03b
001b0013
03020100
07060504
0b0a0908
0f0e0d0c
13121110
17161514
1b1a1918
1f1e1d1c
33323130
37363534
3b3a3938
3f3e3d3c
43424140
47464544
004a4948
00000000
23222120
27262524
2b2a2928
2f2e2d2c
00323130
00000000
00000000
00000000
6bbbc1e4
124f261b
b5abc2ee
bb1a7642
0028d8c0
00000000
00000000
00000000
52d4e6f7
2d8618f6
70be4c50
e9219ee4
001c0013
03020100
07060504
0b0a0908
0f0e0d0c
13121110
17161514
1b1a1918
1f1e1d1c
33323130
37363534
3b3a3938
3f3e3d3c
43424140
47464544
4b4a4948
00000000
23222120
27262524
2b2a2928
2f2e2d2c
00323130
00000000
00000000
00000000
e16f4752
e719814a
c49636ce
8f203089
00a7ae3d
00000000
00000000
00000000
c8fd2b65
b8a7c6f7
2be35d56
5ea56e19
001d0013
03020100
07060504
0b0a0908
0f0e0d0c
13121110
17161514
1b1a1918
1f1e1d1c
33323130
37363534
3b3a3938
3f3e3d3c
43424140
47464544
4b4a4948
0000004c
23222120
27262524
2b2a2928
2f2e2d2c
00323130
00000000
00000000
00000000
b60c2f43
e45fe772
564bf912
2e4c0acb
00fcf342
00000000
00000000
00000000
c651d940
22704895
b33d1a3e
aa607c1c
001e0013
03020100
07060504
0b0a0908
0f0e0d0c
13121110
17161514
1b1a1918
1f1e1d1c
33323130
37363534
3b3a3938
3f3e3d3c
43424140
47464544
4b4a4948
00004d4c
23222120
27262524
2b2a2928
2f2e2d2c
00323130
00000000
00000000
00000000
b0685956
5ef93d56
5f4e12a9
64bc0645
007977f5
00000000
00000000
00000000
8dd71439
8c4796b7
0bbf8ad3
23665a5d
001f0013
03020100
07060504
0b0a0908
0f0e0d0c
13121110
17161514
1b1a1918
1f1e1d1c
33323130
37363534
3b3a3938
3f3e3d3c
43424140
47464544
4b4a4948
004e4d4c
23222120
27262524
2b2a2928
2f2e2d2c
00323130
00000000
00000000
00000000
5f2e394b
bb0c0ea6
b97d54ca
bd62326e
00d68283
00000000
00000000
00000000
d498c342
8e168630
1d026b24
809a5e98
00200013
03020100
07060504
0b0a0908
0f0e0d0c
13121110
17161514
1b1a1918
1f1e1d1c
33323130
37363534
3b3a3938
3f3e3d3c
43424140
47464544
4b4a4948
4f4e4d4c
00000000
00000000
00000000
00000000
23222120
27262524
2b2a2928
2f2e2d2c
00323130
00000000
00000000
00000000
46d034cb
bf6da660
66859cbe
aab8f501
0099a451
00000000
00000000
00000000
b3ed0456
96766710
ffb82f05
745983e7
00000014
03020100
07060504
0b0a0908
0f0e0d0c
13121110
17161514
1b1a1918
1f1e1d1c
23222120
27262524
2b2a2928
2f2e2d2c
33323130
00000000
00000000
00000000
eedec3e8
eac56c24
3172e8e3
bba29738
3eaa8960
00000000
00000000
00000000
e53b01a2
7ee8b774
0a65fbe1
3af9f4c5
00010014
03020100
07060504
0b0a0908
0f0e0d0c
13121110
17161514
1b1a1918
1f1e1d1c
00000030
00000000
00000000
00000000
23222120
27262524
2b2a2928
2f2e2d2c
33323130
00000000
00000000
00000000
8a7d1096
9a52a729
c7bd4179
c6e31fdf
360321c7
00000000
00000000
00000000
266c59b7
b6a7cdf9
49df843d
f046d5b0
00020014
03020100
07060504
0b0a0908
0f0e0d0c
13121110
17161514
1b1a1918
1f1e1d1c
00003130
00000000
00000000
00000000
23222120
27262524
2b2a2928
2f2e2d2c
33323130
00000000
00000000
00000000
adeffc30
f15d2728
c0101ea3
bac79557
283652c7
00000000
00000000
00000000
3172d703
327ffc5b
c4fed9d0
266f02a4
00030014
03020100
07060504
0b0a0908
0f0e0d0c
13121110
17161514
1b1a1918
1f1e1d1c
00323130
00000000
00000000
00000000
23222120
27262524
2b2a2928
2f2e2d2c
33323130
00000000
00000000
00000000
2bd5d066
dcc601f4
dad40a1c
c4941dcd
5630f1f3
00000000
00000000
00000000
1bbc471b
53e9a434
0a0abd93
7d1e04d4
00040014
03020100
07060504
0b0a0908
0f0e0d0c
13121110
17161514
1b1a1918
1f1e1d1c
33323130
00000000
00000000
00000000
23222120
27262524
2b2a2928
2f2e2d2c
33323130
00000000
00000000
00000000
fc3753cf
5dc40eb7
3f0c9e17
ac25bb51
94507a96
00000000
00000000
00000000
9944e756
28afbd7a
8a1cb4ce
08271bac
00050014
03020100
07060504
0b0a0908
0f0e0d0c
13121110
17161514
1b1a1918
1f1e1d1c
33323130
00000034
00000000
00000000
23222120
27262524
2b2a2928
2f2e2d2c
33323130
00000000
00000000
00000000
8c657630
bbf38bba
2faacc6d
2eee5512
fac1b67d
00000000
00000000
00000000
642ff939
5d18cba6
4e988586
110b1775
00060014
03020100
07060504
0b0a0908
0f0e0d0c
13121110
17161514
1b1a1918
1f1e1d1c
33323130
00003534
00000000
00000000
23222120
27262524
2b2a2928
2f2e2d2c
33323130
00000000
00000000
00000000
ddc61093
3ebc9c8e
bf0e6c40
4312a3be
4a892c5f
00000000
00000000
00000000
3a9a383f
f29d5417
ceed0387
6729e891
00070014
03020100
07060504
0b0a0908
0f0e0d0c
13121110
17161514
1b1a1918
1f1e1d1c
33323130
00363534
00000000
00000000
23222120
27262524
2b2a2928
2f2e2d2c
33323130
00000000
00000000
00000000
d44b026e
eb86f303
f4561c9d
dedccf59
62642f1b
00000000
00000000
00000000
1d446bd9
490038a4
39cbe0cf
1ef53f46
00080014
03020100
07060504
0b0a0908
0f0e0d0c
13121110
17161514
1b1a1918
1f1e1d1c
33323130
37363534
00000000
00000000
23222120
27262524
2b2a2928
2f2e2d2c
33323130
00000000
00000000
00000000
b12cbefa
32a6ebe7
0f08309a
72dce726
3c2e3d50
00000000
00000000
00000000
a3b80f4f
cfa2ba08
da43dacd
0f886b20
00090014
03020100
07060504
0b0a0908
0f0e0d0c
13121110
17161514
1b1a1918
1f1e1d1c
33323130
37363534
00000038
00000000
23222120
27262524
2b2a2928
2f2e2d2c
33323130
00000000
00000000
00000000
47d779bf
5bb06f6d
79a09188
92198abe
31fe3fb6
00000000
00000000
00000000
be6ab8fb
af81353b
28fe18cd
c944f9b2
000a0014
03020100
07060504
0b0a0908
0f0e0d0c
13121110
17161514
1b1a1918
1f1e1d1c
33323130
37363534
00003938
00000000
23222120
27262524
2b2a2928
2f2e2d2c
33323130
00000000
00000000
00000000
96290412
53b442da
bc5f5a6e
26239b1d
936f01b3
00000000
00000000
00000000
acded91e
512ebfe2
c74be7e6
71d19dfa
000b0014
03020100
07060504
0b0a0908
0f0e0d0c
13121110
17161514
1b1a1918
1f1e1d1c
33323130
37363534
003a3938
00000000
23222120
27262524
2b2a2928
2f2e2d2c
33323130
00000000
00000000
00000000
256ec316
eb93a8fb
c2307346
da340bc8
056bf83d
00000000
00000000
00000000
1659f572
aa4f57ac
c89f87b0
a4a5679e
000c0014
03020100
07060504
0b0a0908
0f0e0d0c
13121110
17161514
1b1a1918
1f1e1d1c
33323130
37363534
3b3a3938
00000000
23222120
27262524
2b2a2928
2f2e2d2c
33323130
00000000
00000000
00000000
621c3ab8
70c605ad
0e22e9d6
46bed90d
6c8d3de4
00000000
00000000
00000000
f27a6420
a16f725e
40134ccd
24c84c43
000d0014
03020100
07060504
0b0a0908
0f0e0d0c
13121110
17161514
1b1a1918
1f1e1d1c
33323130
37363534
3b3a3938
0000003c
23222120
27262524
2b2a2928
2f2e2d2c
33323130
00000000
00000000
00000000
a19b838c
ff194fb0
a2696ce2
0f35568f
860cd7f2
00000000
00000000
00000000
cb50d5a3
d56074e8
efe3bd2d
35d3ebfc
000e0014
03020100
07060504
0b0a0908
0f0e0d0c
13121110
17161514
1b1a1918
1f1e1d1c
33323130
37363534
3b3a3938
00003d3c
23222120
27262524
2b2a2928
2f2e2d2c
33323130
00000000
00000000
00000000
59988c01
cd3539dc
8438a3ea
eba7c859
f77dbe34
00000000
00000000
00000000
87420902
139260f3
88f627eb
ec97b951
000f0014
03020100
07060504
0b0a0908
0f0e0d0c
13121110
17161514
1b1a1918
1f1e1d1c
33323130
37363534
3b3a3938
003e3d3c
23222120
27262524
2b2a2928
2f2e2d2c
33323130
00000000
00000000
00000000
da19fd20
c45c1abc
d321a649
1360ac4d
97f543ef
00000000
00000000
00000000
923499b1
62521963
fae84671
20f6a568
00100014
03020100
07060504
0b0a0908
0f0e0d0c
13121110
17161514
1b1a1918
1f1e1d1c
33323130
37363534
3b3a3938
3f3e3d3c
00000000
00000000
00000000
00000000
23222120
27262524
2b2a2928
2f2e2d2c
33323130
00000000
00000000
00000000
b2eb7363
9b7ce98b
f30c09ac
f13ec199
e5c5a64e
00000000
00000000
00000000
368caff2
a2b4609c
205ebb48
c6820c4a
00110014
03020100
07060504
0b0a0908
0f0e0d0c
13121110
17161514
1b1a1918
1f1e1d1c
33323130
37363534
3b3a3938
3f3e3d3c
00000040
00000000
00000000
00000000
23222120
27262524
2b2a2928
2f2e2d2c
33323130
00000000
00000000
00000000
1bc777bf
c5f1e93d
27ef72b3
9be8083a
dc5a67e9
00000000
00000000
00000000
008cb883
b45a56a0
35c8a13e
a9b8568c
00120014
03020100
07060504
0b0a0908
0f0e0d0c
13121110
17161514
1b1a1918
1f1e1d1c
33323130
37363534
3b3a3938
3f3e3d3c
00004140
00000000
00000000
00000000
23222120
27262524
2b2a2928
2f2e2d2c
33323130
00000000
00000000
00000000
0a5fb0b3
9776c508
65b5a349
401dcb8b
d1aa759c
00000000
00000000
00000000
2af68c65
49d33862
fef02854
7bf72414
00130014
03020100
07060504
0b0a0908
0f0e0d0c
13121110
17161514
1b1a1918
1f1e1d1c
33323130
37363534
3b3a3938
3f3e3d3c
00424140
00000000
00000000
00000000
23222120
27262524
2b2a2928
2f2e2d2c
33323130
00000000
00000000
00000000
36c167a9
07e089d3
c6fb42ba
a6557e74
c9fafc89
00000000
00000000
00000000
1addb18c
0702b5d5
67d6e14d
39f940b1
00140014
03020100
07060504
0b0a0908
0f0e0d0c
13121110
17161514
1b1a1918
1f1e1d1c
33323130
37363534
3b3a3938
3f3e3d3c
43424140
00000000
00000000
00000000
23222120
27262524
2b2a2928
2f2e2d2c
33323130
00000000
00000000
00000000
3bdefdd7
8abbe1e4
d30b5771
9659c446
1e9ffc89
00000000
00000000
00000000
82ff6a04
73274639
5faad5df
5d927f42
00150014
03020100
07060504
0b0a0908
0f0e0d0c
13121110
17161514
1b1a1918
1f1e1d1c
33323130
37363534
3b3a3938
3f3e3d3c
43424140
00000044
00000000
00000000
23222120
27262524
2b2a2928
2f2e2d2c
33323130
00000000
00000000
00000000
9f1d26cc
2e84b88f
102be282
70cd9667
2b42238b
00000000
00000000
00000000
6718aa7e
2dea36ca
3fa36b80
3f6f191b
00160014
03020100
07060504
0b0a0908
0f0e0d0c
13121110
17161514
1b1a1918
1f1e1d1c
33323130
37363534
3b3a3938
3f3e3d3c
43424140
00004544
00000000
00000000
23222120
27262524
2b2a2928
2f2e2d2c
33323130
00000000
00000000
00000000
36aba396
6674575e
5c2f5625
0941c5e7
afab0ebf
00000000
00000000
00000000
9c2e7e05
f699a07e
0c60813c
5a9d72b8
00170014
03020100
07060504
0b0a0908
0f0e0d0c
13121110
17161514
1b1a1918
1f1e1d1c
33323130
37363534
3b3a3938
3f3e3d3c
43424140
00464544
00000000
00000000
23222120
27262524
2b2a2928
2f2e2d2c
33323130
00000000
00000000
00000000
2e591478
b715e4ea
97eb505c
54a59bf5
c8a77d4f
00000000
00000000
00000000
92a17167
94d19899
5a85afb8
9dd8c57a
00180014
03020100
07060504
0b0a0908
0f0e0d0c
13121110
17161514
1b1a1918
1f1e1d1c
33323130
37363534
3b3a3938
3f3e3d3c
43424140
47464544
00000000
00000000
23222120
27262524
2b2a2928
2f2e2d2c
33323130
00000000
00000000
00000000
d5f9299d
7094df2a
e0bc4caf
c71a48a4
29b3b1fc
00000000
00000000
00000000
8653f453
54b8ab61
60e4e91a
5923b05e
00190014
03020100
07060504
0b0a0908
0f0e0d0c
13121110
17161514
1b1a1918
1f1e1d1c
33323130
37363534
3b3a3938
3f3e3d3c
43424140
47464544
00000048
00000000
23222120
27262524
2b2a2928
2f2e2d2c
33323130
00000000
00000000
00000000
e513cb16
e2413585
24386bf3
eeac6603
1db2e048
00000000
00000000
00000000
8256a609
ad60d17a
ae8dce9a
b2e3e1b4
001a0014
03020100
07060504
0b0a0908
0f0e0d0c
13121110
17161514
1b1a1918
1f1e1d1c
33323130
37363534
3b3a3938
3f3e3d3c
43424140
47464544
00004948
00000000
23222120
27262524
2b2a2928
2f2e2d2c
33323130
00000000
00000000
00000000
0df72ea9
aa0feff2
971fa274
2389fb39
9a2ff67d
00000000
00000000
00000000
7ee1224e
3c2cfa4e
d238c93e
9fc067ee
001b0014
03020100
07060504
0b0a0908
0f0e0d0c
13121110
17161514
1b1a1918
1f1e1d1c
33323130
37363534
3b3a3938
3f3e3d3c
43424140
47464544
004a4948
00000000
23222120
27262524
2b2a2928
2f2e2d2c
33323130
00000000
00000000
00000000
6bbbc1e4
124f261b
b5abc2ee
bb1a7642
6f28d8c0
00000000
00000000
00000000
b4f5049c
e4c900c6
c95e37f5
ff380ee6
001c0014
03020100
07060504
0b0a0908
0f0e0d0c
13121110
17161514
1b1a1918
1f1e1d1c
33323130
37363534
3b3a3938
3f3e3d3c
43424140
47464544
4b4a4948
00000000
23222120
27262524
2b2a2928
2f2e2d2c
33323130
00000000
00000000
00000000
e16f4752
e719814a
c49636ce
8f203089
7da7ae3d
00000000
00000000
00000000
58ad4b00
f74d9636
01da9a4b
aa486307
001d0014
03020100
07060504
0b0a0908
0f0e0d0c
13121110
17161514
1b1a1918
1f1e1d1c
33323130
37363534
3b3a3938
3f3e3d3c
43424140
47464544
4b4a4948
0000004c
23222120
27262524
2b2a2928
2f2e2d2c
33323130
00000000
00000000
00000000
b60c2f43
e45fe772
564bf912
2e4c0acb
84fcf342
00000000
00000000
00000000
c29683aa
dc7ebb59
eaae66bb
6398d842
001e0014
03020100
07060504
0b0a0908
0f0e0d0c
13121110
17161514
1b1a1918
1f1e1d1c
33323130
37363534
3b3a3938
3f3e3d3c
43424140
47464544
4b4a4948
00004d4c
23222120
27262524
2b2a2928
2f2e2d2c
33323130
00000000
00000000
00000000
b0685956
5ef93d56
5f4e12a9
64bc0645
d67977f5
00000000
00000000
00000000
0e64b5ba
07f86174
255bc7b5
a7624c90
001f0014
03020100
07060504
0b0a0908
0f0e0d0c
13121110
17161514
1b1a1918
1f1e1d1c
33323130
37363534
3b3a3938
3f3e3d3c
43424140
47464544
4b4a4948
004e4d4c
23222120
27262524
2b2a2928
2f2e2d2c
33323130
00000000
00000000
00000000
5f2e394b
bb0c0ea6
b97d54ca
bd62326e
c0d68283
00000000
00000000
00000000
ba4d1679
f75538ff
2a6d46cc
33dc7e51
00200014
03020100
07060504
0b0a0908
0f0e0d0c
13121110
17161514
1b1a1918
1f1e1d1c
33323130
37363534
3b3a3938
3f3e3d3c
43424140
47464544
4b4a4948
4f4e4d4c
00000000
00000000
00000000
00000000
23222120
27262524
2b2a2928
2f2e2d2c
33323130
00000000
00000000
00000000
46d034cb
bf6da660
66859cbe
aab8f501
b599a451
00000000
00000000
00000000
9c20dbb9
659786bc
ba3f17f3
ef9a722f
00000015
03020100
07060504
0b0a0908
0f0e0d0c
13121110
17161514
1b1a1918
1f1e1d1c
23222120
27262524
2b2a2928
2f2e2d2c
33323130
00000034
00000000
00000000
eedec3e8
eac56c24
3172e8e3
bba29738
3eaa8960
00000015
00000000
00000000
5bb3b014
37fb135c
f7a98eba
9270763a
00010015
03020100
07060504
0b0a0908
0f0e0d0c
13121110
17161514
1b1a1918
1f1e1d1c
00000030
00000000
00000000
00000000
23222120
27262524
2b2a2928
2f2e2d2c
33323130
00000034
00000000
00000000
8a7d1096
9a52a729
c7bd4179
c6e31fdf
360321c7
000000ab
00000000
00000000
88a6d99f
c5863367
ea59d338
42bdb7b5
00020015
03020100
07060504
0b0a0908
0f0e0d0c
13121110
17161514
1b1a1918
1f1e1d1c
00003130
00000000
00000000
00000000
23222120
27262524
2b2a2928
2f2e2d2c
33323130
00000034
00000000
00000000
adeffc30
f15d2728
c0101ea3
bac79557
283652c7
00000057
00000000
00000000
1edc5f3f
ecb8ed00
94fd8df5
fefc0acf
00030015
03020100
07060504
0b0a0908
0f0e0d0c
13121110
17161514
1b1a1918
1f1e1d1c
00323130
00000000
00000000
00000000
23222120
27262524
2b2a2928
2f2e2d2c
33323130
00000034
00000000
00000000
2bd5d066
dcc601f4
dad40a1c
c4941dcd
5630f1f3
000000b0
00000000
00000000
63b56374
aaf2a94a
0b334ce9
642811ea
00040015
03020100
07060504
0b0a0908
0f0e0d0c
13121110
17161514
1b1a1918
1f1e1d1c
33323130
00000000
00000000
00000000
23222120
27262524
2b2a2928
2f2e2d2c
33323130
00000034
00000000
00000000
fc3753cf
5dc40eb7
3f0c9e17
ac25bb51
94507a96
00000015
00000000
00000000
9ec41d81
860efe28
4cc76d1b
81c62ad5
00050015
03020100
07060504
0b0a0908
0f0e0d0c
13121110
17161514
1b1a1918
1f1e1d1c
33323130
00000034
00000000
00000000
23222120
27262524
2b2a2928
2f2e2d2c
33323130
00000034
00000000
00000000
8c657630
bbf38bba
2faacc6d
2eee5512
fac1b67d
0000009b
00000000
00000000
e896462c
8eac3da2
1f6c4f8e
679dfeb1
00060015
03020100
07060504
0b0a0908
0f0e0d0c
13121110
17161514
1b1a1918
1f1e1d1c
33323130
00003534
00000000
00000000
23222120
27262524
2b2a2928
2f2e2d2c
33323130
00000034
00000000
00000000
ddc61093
3ebc9c8e
bf0e6c40
4312a3be
4a892c5f
0000006e
00000000
00000000
6cab62aa
8f7fca68
ff005a8d
6511fc8b
00070015
03020100
07060504
0b0a0908
0f0e0d0c
13121110
17161514
1b1a1918
1f1e1d1c
33323130
00363534
00000000
00000000
23222120
27262524
2b2a2928
2f2e2d2c
33323130
00000034
00000000
00000000
d44b026e
eb86f303
f4561c9d
dedccf59
62642f1b
000000f2
00000000
00000000
2079a04c
c20c75d7
063d2d3f
1a717341
00080015
03020100
07060504
0b0a0908
0f0e0d0c
13121110
17161514
1b1a1918
1f1e1d1c
33323130
37363534
00000000
00000000
23222120
27262524
2b2a2928
2f2e2d2c
33323130
00000034
00000000
00000000
b12cbefa
32a6ebe7
0f08309a
72dce726
3c2e3d50
000000ce
00000000
00000000
0a0f2451
3de3a3ce
6a43ef82
2476580d
00090015
03020100
07060504
0b0a0908
0f0e0d0c
13121110
17161514
1b1a1918
1f1e1d1c
33323130
37363534
00000038
00000000
23222120
27262524
2b2a2928
2f2e2d2c
33323130
00000034
00000000
00000000
47d779bf
5bb06f6d
79a09188
92198abe
31fe3fb6
00000006
00000000
00000000
7fedb124
42e91795
7e70ef47
6d609ddb
000a0015
03020100
07060504
0b0a0908
0f0e0d0c
13121110
17161514
1b1a1918
1f1e1d1c
33323130
37363534
00003938
00000000
23222120
27262524
2b2a2928
2f2e2d2c
33323130
00000034
00000000
00000000
96290412
53b442da
bc5f5a6e
26239b1d
936f01b3
00000092
00000000
00000000
d838d266
1ef791e8
cff99b84
316a259e
000b0015
03020100
07060504
0b0a0908
0f0e0d0c
13121110
17161514
1b1a1918
1f1e1d1c
33323130
37363534
003a3938
00000000
23222120
27262524
2b2a2928
2f2e2d2c
33323130
00000034
00000000
00000000
256ec316
eb93a8fb
c2307346
da340bc8
056bf83d
00000089
00000000
00000000
367380f7
5dcab38d
c5897535
00164d82
000c0015
03020100
07060504
0b0a0908
0f0e0d0c
13121110
17161514
1b1a1918
1f1e1d1c
33323130
37363534
3b3a3938
00000000
23222120
27262524
2b2a2928
2f2e2d2c
33323130
00000034
00000000
00000000
621c3ab8
70c605ad
0e22e9d6
46bed90d
6c8d3de4
00000006
00000000
00000000
b3a53283
d6d4b9bc
1baa99f9
a95e664f
000d0015
03020100
07060504
0b0a0908
0f0e0d0c
13121110
17161514
1b1a1918
1f1e1d1c
33323130
37363534
3b3a3938
0000003c
23222120
27262524
2b2a2928
2f2e2d2c
33323130
00000034
00000000
00000000
a19b838c
ff194fb0
a2696ce2
0f35568f
860cd7f2
00000049
00000000
00000000
5ec5d4d8
219dad9e
9d41f425
8cc64e7a
000e0015
03020100
07060504
0b0a0908
0f0e0d0c
13121110
17161514
1b1a1918
1f1e1d1c
33323130
37363534
3b3a3938
00003d3c
23222120
27262524
2b2a2928
2f2e2d2c
33323130
00000034
00000000
00000000
59988c01
cd3539dc
8438a3ea
eba7c859
f77dbe34
00000068
00000000
00000000
a751f744
16a0f208
6f203fff
77f7c6ab
000f0015
03020100
07060504
0b0a0908
0f0e0d0c
13121110
17161514
1b1a1918
1f1e1d1c
33323130
37363534
3b3a3938
003e3d3c
23222120
27262524
2b2a2928
2f2e2d2c
33323130
00000034
00000000
00000000
da19fd20
c45c1abc
d321a649
1360ac4d
97f543ef
000000df
00000000
00000000
3b6c4d5f
51a6987e
b729a6d7
710f3e5f
00100015
03020100
07060504
0b0a0908
0f0e0d0c
13121110
17161514
1b1a1918
1f1e1d1c
33323130
37363534
3b3a3938
3f3e3d3c
00000000
00000000
00000000
00000000
23222120
27262524
2b2a2928
2f2e2d2c
33323130
00000034
00000000
00000000
b2eb7363
9b7ce98b
f30c09ac
f13ec199
e5c5a64e
00000019
00000000
00000000
cec6a8a7
c9d95f50
9cf9058d
ac92c82e
00110015
03020100
07060504
0b0a0908
0f0e0d0c
13121110
17161514
1b1a1918
1f1e1d1c
33323130
37363534
3b3a3938
3f3e3d3c
00000040
00000000
00000000
00000000
23222120
27262524
2b2a2928
2f2e2d2c
33323130
00000034
00000000
00000000
1bc777bf
c5f1e93d
27ef72b3
9be8083a
dc5a67e9
00000057
00000000
00000000
6a02786b
c5e98cb3
10471554
faaf2583
00120015
03020100
07060504
0b0a0908
0f0e0d0c
13121110
17161514
1b1a1918
1f1e1d1c
33323130
37363534
3b3a3938
3f3e3d3c
00004140
00000000
00000000
00000000
23222120
27262524
2b2a2928
2f2e2d2c
33323130
00000034
00000000
00000000
0a5fb0b3
9776c508
65b5a349
401dcb8b
d1aa759c
000000e8
00000000
00000000
39f285f9
4fe2906d
ffa5c63a
0672361a
00130015
03020100
07060504
0b0a0908
0f0e0d0c
13121110
17161514
1b1a1918
1f1e1d1c
33323130
37363534
3b3a3938
3f3e3d3c
00424140
00000000
00000000
00000000
23222120
27262524
2b2a2928
2f2e2d2c
33323130
00000034
00000000
00000000
36c167a9
07e089d3
c6fb42ba
a6557e74
c9fafc89
0000004e
00000000
00000000
bc1f2c40
6b856271
5b71a190
7ee32f05
00140015
03020100
07060504
0b0a0908
0f0e0d0c
13121110
17161514
1b1a1918
1f1e1d1c
33323130
37363534
3b3a3938
3f3e3d3c
43424140
00000000
00000000
00000000
23222120
27262524
2b2a2928
2f2e2d2c
33323130
00000034
00000000
00000000
3bdefdd7
8abbe1e4
d30b5771
9659c446
1e9ffc89
00000068
00000000
00000000
da28934e
f1849eda
a5fe6aac
ea009a5c
00150015
03020100
07060504
0b0a0908
0f0e0d0c
13121110
17161514
1b1a1918
1f1e1d1c
33323130
37363534
3b3a3938
3f3e3d3c
43424140
00000044
00000000
00000000
23222120
27262524
2b2a2928
2f2e2d2c
33323130
00000034
00000000
00000000
9f1d26cc
2e84b88f
102be282
70cd9667
2b42238b
000000e0
00000000
00000000
c7068854
0e630e60
175a1ef0
4200b0c3
00160015
03020100
07060504
0b0a0908
0f0e0d0c
13121110
17161514
1b1a1918
1f1e1d1c
33323130
37363534
3b3a3938
3f3e3d3c
43424140
00004544
00000000
00000000
23222120
27262524
2b2a2928
2f2e2d2c
33323130
00000034
00000000
00000000
36aba396
6674575e
5c2f5625
0941c5e7
afab0ebf
0000004a
00000000
00000000
c8194a28
9b0c7347
4ef5ca7c
ff3d9e06
00170015
03020100
07060504
0b0a0908
0f0e0d0c
13121110
17161514
1b1a1918
1f1e1d1c
33323130
37363534
3b3a3938
3f3e3d3c
43424140
00464544
00000000
00000000
23222120
27262524
2b2a2928
2f2e2d2c
33323130
00000034
00000000
00000000
2e591478
b715e4ea
97eb505c
54a59bf5
c8a77d4f
0000002f
00000000
00000000
be2500eb
2304ec9f
c129ecbe
7febe233
00180015
03020100
07060504
0b0a0908
0f0e0d0c
13121110
17161514
1b1a1918
1f1e1d1c
33323130
37363534
3b3a3938
3f3e3d3c
43424140
47464544
00000000
00000000
23222120
27262524
2b2a2928
2f2e2d2c
33323130
00000034
00000000
00000000
d5f9299d
7094df2a
e0bc4caf
c71a48a4
29b3b1fc
00000076
00000000
00000000
031974fc
17e762a2
0ec5452d
b2d4eafe
00190015
03020100
07060504
0b0a0908
0f0e0d0c
13121110
17161514
1b1a1918
1f1e1d1c
33323130
37363534
3b3a3938
3f3e3d3c
43424140
47464544
00000048
00000000
23222120
27262524
2b2a2928
2f2e2d2c
33323130
00000034
00000000
00000000
e513cb16
e2413585
24386bf3
eeac6603
1db2e048
0000008a
00000000
00000000
447f14e9
b5a1d667
ca0651c5
a2621c4e
001a0015
03020100
07060504
0b0a0908
0f0e0d0c
13121110
17161514
1b1a1918
1f1e1d1c
33323130
37363534
3b3a3938
3f3e3d3c
43424140
47464544
00004948
00000000
23222120
27262524
2b2a2928
2f2e2d2c
33323130
00000034
00000000
00000000
0df72ea9
aa0feff2
971fa274
2389fb39
9a2ff67d
0000002b
00000000
00000000
3c50a257
0b4c3797
2320dc12
b3f7ea8f
001b0015
03020100
07060504
0b0a0908
0f0e0d0c
13121110
17161514
1b1a1918
1f1e1d1c
33323130
37363534
3b3a3938
3f3e3d3c
43424140
47464544
004a4948
00000000
23222120
27262524
2b2a2928
2f2e2d2c
33323130
00000034
00000000
00000000
6bbbc1e4
124f261b
b5abc2ee
bb1a7642
6f28d8c0
000000b9
00000000
00000000
39735e87
b8f0ddf1
b2c78f5b
62c5cf42
001c0015
03020100
07060504
0b0a0908
0f0e0d0c
13121110
17161514
1b1a1918
1f1e1d1c
33323130
37363534
3b3a3938
3f3e3d3c
43424140
47464544
4b4a4948
00000000
23222120
27262524
2b2a2928
2f2e2d2c
33323130
00000034
00000000
00000000
e16f4752
e719814a
c49636ce
8f203089
7da7ae3d
00000067
00000000
00000000
0721895a
28b03001
41a431e8
8d330741
001d0015
03020100
07060504
0b0a0908
0f0e0d0c
13121110
17161514
1b1a1918
1f1e1d1c
33323130
37363534
3b3a3938
3f3e3d3c
43424140
47464544
4b4a4948
0000004c
23222120
27262524
2b2a2928
2f2e2d2c
33323130
00000034
00000000
00000000
b60c2f43
e45fe772
564bf912
2e4c0acb
84fcf342
00000096
00000000
00000000
e4e59d97
ff2030e4
04a28b87
0931b6c4
001e0015
03020100
07060504
0b0a0908
0f0e0d0c
13121110
17161514
1b1a1918
1f1e1d1c
33323130
37363534
3b3a3938
3f3e3d3c
43424140
47464544
4b4a4948
00004d4c
23222120
27262524
2b2a2928
2f2e2d2c
33323130
00000034
00000000
00000000
b0685956
5ef93d56
5f4e12a9
64bc0645
d67977f5
00000078
00000000
00000000
69ed40a4
20030072
ff053740
6ba32685
001f0015
03020100
07060504
0b0a0908
0f0e0d0c
13121110
17161514
1b1a1918
1f1e1d1c
33323130
37363534
3b3a3938
3f3e3d3c
43424140
47464544
4b4a4948
004e4d4c
23222120
27262524
2b2a2928
2f2e2d2c
33323130
00000034
00000000
00000000
5f2e394b
bb0c0ea6
b97d54ca
bd62326e
c0d68283
000000e6
00000000
00000000
54982418
d27ff078
3943953a
5f5626fc
00200015
03020100
07060504
0b0a0908
0f0e0d0c
13121110
17161514
1b1a1918
1f1e1d1c
33323130
37363534
3b3a3938
3f3e3d3c
43424140
47464544
4b4a4948
4f4e4d4c
00000000
00000000
00000000
00000000
23222120
27262524
2b2a2928
2f2e2d2c
33323130
00000034
00000000
00000000
46d034cb
bf6da660
66859cbe
aab8f501
b599a451
0000005a
00000000
00000000
963efd7d
77655038
c61a71e5
3ed93d15
00000016
03020100
07060504
0b0a0908
0f0e0d0c
13121110
17161514
1b1a1918
1f1e1d1c
23222120
27262524
2b2a2928
2f2e2d2c
33323130
00003534
00000000
00000000
eedec3e8
eac56c24
3172e8e3
bba29738
3eaa8960
0000e815
00000000
00000000
456a6c71
37626e71
c65a6c9b
82d1115e
00010016
03020100
07060504
0b0a0908
0f0e0d0c
13121110
17161514
1b1a1918
1f1e1d1c
00000030
00000000
00000000
00000000
23222120
27262524
2b2a2928
2f2e2d2c
33323130
00003534
00000000
00000000
8a7d1096
9a52a729
c7bd4179
c6e31fdf
360321c7
00005bab
00000000
00000000
b204298b
c129ef20
510e3ef1
f24c821f
00020016
03020100
07060504
0b0a0908
0f0e0d0c
13121110
17161514
1b1a1918
1f1e1d1c
00003130
00000000
00000000
00000000
23222120
27262524
2b2a2928
2f2e2d2c
33323130
00003534
00000000
00000000
adeffc30
f15d2728
c0101ea3
bac79557
283652c7
0000c857
00000000
00000000
a7a83e87
82a21194
f7ec58bb
a8052964
00030016
03020100
07060504
0b0a0908
0f0e0d0c
13121110
17161514
1b1a1918
1f1e1d1c
00323130
00000000
00000000
00000000
23222120
27262524
2b2a2928
2f2e2d2c
33323130
00003534
00000000
00000000
2bd5d066
dcc601f4
dad40a1c
c4941dcd
5630f1f3
00009bb0
00000000
00000000
5d290163
9ff91a50
bd54898e
7f55cdd2
00040016
03020100
07060504
0b0a0908
0f0e0d0c
13121110
17161514
1b1a1918
1f1e1d1c
33323130
00000000
00000000
00000000
23222120
27262524
2b2a2928
2f2e2d2c
33323130
00003534
00000000
00000000
fc3753cf
5dc40eb7
3f0c9e17
ac25bb51
94507a96
00002f15
00000000
00000000
e670554d
8c9f3bbd
1c5573d8
0319de9a
00050016
03020100
07060504
0b0a0908
0f0e0d0c
13121110
17161514
1b1a1918
1f1e1d1c
33323130
00000034
00000000
00000000
23222120
27262524
2b2a2928
2f2e2d2c
33323130
00003534
00000000
00000000
8c657630
bbf38bba
2faacc6d
2eee5512
fac1b67d
00001d9b
00000000
00000000
271541c4
68b5155d
e51a1ccb
847fd28f
00060016
03020100
07060504
0b0a0908
0f0e0d0c
13121110
17161514
1b1a1918
1f1e1d1c
33323130
00003534
00000000
00000000
23222120
27262524
2b2a2928
2f2e2d2c
33323130
00003534
00000000
00000000
ddc61093
3ebc9c8e
bf0e6c40
4312a3be
4a892c5f
0000976e
00000000
00000000
26ea625d
2855c944
ecbaf334
49509eb8
00070016
03020100
07060504
0b0a0908
0f0e0d0c
13121110
17161514
1b1a1918
1f1e1d1c
33323130
00363534
00000000
00000000
23222120
27262524
2b2a2928
2f2e2d2c
33323130
00003534
00000000
00000000
d44b026e
eb86f303
f4561c9d
dedccf59
62642f1b
00007ff2
00000000
00000000
3ee36ed6
5def62c9
4e4085f1
a9b3c4a4
00080016
03020100
07060504
0b0a0908
0f0e0d0c
13121110
17161514
1b1a1918
1f1e1d1c
33323130
37363534
00000000
00000000
23222120
27262524
2b2a2928
2f2e2d2c
33323130
00003534
00000000
00000000
b12cbefa
32a6ebe7
0f08309a
72dce726
3c2e3d50
00007cce
00000000
00000000
9fb058f7
c163338c
2ba878ce
7b085738
00090016
03020100
07060504
0b0a0908
0f0e0d0c
13121110
17161514
1b1a1918
1f1e1d1c
33323130
37363534
00000038
00000000
23222120
27262524
2b2a2928
2f2e2d2c
33323130
00003534
00000000
00000000
47d779bf
5bb06f6d
79a09188
92198abe
31fe3fb6
00002d06
00000000
00000000
e7d8f94b
a27e87cf
004a9fa0
3b610dc6
000a0016
03020100
07060504
0b0a0908
0f0e0d0c
13121110
17161514
1b1a1918
1f1e1d1c
33323130
37363534
00003938
00000000
23222120
27262524
2b2a2928
2f2e2d2c
33323130
00003534
00000000
00000000
96290412
53b442da
bc5f5a6e
26239b1d
936f01b3
0000ba92
00000000
00000000
b70c2c63
94d04b50
ad3fbe52
a591d10f
000b0016
03020100
07060504
0b0a0908
0f0e0d0c
13121110
17161514
1b1a1918
1f1e1d1c
33323130
37363534
003a3938
00000000
23222120
27262524
2b2a2928
2f2e2d2c
33323130
00003534
00000000
00000000
256ec316
eb93a8fb
c2307346
da340bc8
056bf83d
00002a89
00000000
00000000
da1240fb
a0484f5c
e7934e14
407733fa
000c0016
03020100
07060504
0b0a0908
0f0e0d0c
13121110
17161514
1b1a1918
1f1e1d1c
33323130
37363534
3b3a3938
00000000
23222120
27262524
2b2a2928
2f2e2d2c
33323130
00003534
00000000
00000000
621c3ab8
70c605ad
0e22e9d6
46bed90d
6c8d3de4
0000da06
00000000
00000000
2856f387
5aa7c3ee
46f8fa60
2d96302c
000d0016
03020100
07060504
0b0a0908
0f0e0d0c
13121110
17161514
1b1a1918
1f1e1d1c
33323130
37363534
3b3a3938
0000003c
23222120
27262524
2b2a2928
2f2e2d2c
33323130
00003534
00000000
00000000
a19b838c
ff194fb0
a2696ce2
0f35568f
860cd7f2
0000eb49
00000000
00000000
757b3866
615e2a81
9098cfc2
0cbb4238
000e0016
03020100
07060504
0b0a0908
0f0e0d0c
13121110
17161514
1b1a1918
1f1e1d1c
33323130
37363534
3b3a3938
00003d3c
23222120
27262524
2b2a2928
2f2e2d2c
33323130
00003534
00000000
00000000
59988c01
cd3539dc
8438a3ea
eba7c859
f77dbe34
0000ae68
00000000
00000000
671b33a7
107036e9
f065d9d2
b391514b
000f0016
03020100
07060504
0b0a0908
0f0e0d0c
13121110
17161514
1b1a1918
1f1e1d1c
33323130
37363534
3b3a3938
003e3d3c
23222120
27262524
2b2a2928
2f2e2d2c
33323130
00003534
00000000
00000000
da19fd20
c45c1abc
d321a649
1360ac4d
97f543ef
000000df
00000000
00000000
40b153c5
8b2474db
ea4709c8
218bc232
00100016
03020100
07060504
0b0a0908
0f0e0d0c
13121110
17161514
1b1a1918
1f1e1d1c
33323130
37363534
3b3a3938
3f3e3d3c
00000000
00000000
00000000
00000000
23222120
27262524
2b2a2928
2f2e2d2c
33323130
00003534
00000000
00000000
b2eb7363
9b7ce98b
f30c09ac
f13ec199
e5c5a64e
0000e319
00000000
00000000
ef0ac50a
88423075
5272861f
fa0994b0
00110016
03020100
07060504
0b0a0908
0f0e0d0c
13121110
17161514
1b1a1918
1f1e1d1c
33323130
37363534
3b3a3938
3f3e3d3c
00000040
00000000
00000000
00000000
23222120
27262524
2b2a2928
2f2e2d2c
33323130
00003534
00000000
00000000
1bc777bf
c5f1e93d
27ef72b3
9be8083a
dc5a67e9
00007757
00000000
00000000
d4884702
9f2e564c
2299cebb
51b1fcf6
00120016
03020100
07060504
0b0a0908
0f0e0d0c
13121110
17161514
1b1a1918
1f1e1d1c
33323130
37363534
3b3a3938
3f3e3d3c
00004140
00000000
00000000
00000000
23222120
27262524
2b2a2928
2f2e2d2c
33323130
00003534
00000000
00000000
0a5fb0b3
9776c508
65b5a349
401dcb8b
d1aa759c
000056e8
00000000
00000000
9548d5c0
06a282f3
ccf67c5a
0b286d79
00130016
03020100
07060504
0b0a0908
0f0e0d0c
13121110
17161514
1b1a1918
1f1e1d1c
33323130
37363534
3b3a3938
3f3e3d3c
00424140
00000000
00000000
00000000
23222120
27262524
2b2a2928
2f2e2d2c
33323130
00003534
00000000
00000000
36c167a9
07e089d3
c6fb42ba
a6557e74
c9fafc89
0000e24e
00000000
00000000
7b2464bd
95ed31ec
0a7f3aa6
8b51b721
00140016
03020100
07060504
0b0a0908
0f0e0d0c
13121110
17161514
1b1a1918
1f1e1d1c
33323130
37363534
3b3a3938
3f3e3d3c
43424140
00000000
00000000
00000000
23222120
27262524
2b2a2928
2f2e2d2c
33323130
00003534
00000000
00000000
3bdefdd7
8abbe1e4
d30b5771
9659c446
1e9ffc89
0000db68
00000000
00000000
124546a7
3e2d7321
b3cad842
7cfebf4d
00150016
03020100
07060504
0b0a0908
0f0e0d0c
13121110
17161514
1b1a1918
1f1e1d1c
33323130
37363534
3b3a3938
3f3e3d3c
43424140
00000044
00000000
00000000
23222120
27262524
2b2a2928
2f2e2d2c
33323130
00003534
00000000
00000000
9f1d26cc
2e84b88f
102be282
70cd9667
2b42238b
000018e0
00000000
00000000
a9f2ba9e
1fd42b0d
0e49765c
95174542
00160016
03020100
07060504
0b0a0908
0f0e0d0c
13121110
17161514
1b1a1918
1f1e1d1c
33323130
37363534
3b3a3938
3f3e3d3c
43424140
00004544
00000000
00000000
23222120
27262524
2b2a2928
2f2e2d2c
33323130
00003534
00000000
00000000
36aba396
6674575e
5c2f5625
0941c5e7
afab0ebf
00000d4a
00000000
00000000
feb2d320
f8211d93
72d352a4
57610993
00170016
03020100
07060504
0b0a0908
0f0e0d0c
13121110
17161514
1b1a1918
1f1e1d1c
33323130
37363534
3b3a3938
3f3e3d3c
43424140
00464544
00000000
00000000
23222120
27262524
2b2a2928
2f2e2d2c
33323130
00003534
00000000
00000000
2e591478
b715e4ea
97eb505c
54a59bf5
c8a77d4f
0000ee2f
00000000
00000000
9fdacb3e
43e383f5
b709e36e
f788225a
00180016
03020100
07060504
0b0a0908
0f0e0d0c
13121110
17161514
1b1a1918
1f1e1d1c
33323130
37363534
3b3a3938
3f3e3d3c
43424140
47464544
00000000
00000000
23222120
27262524
2b2a2928
2f2e2d2c
33323130
00003534
00000000
00000000
d5f9299d
7094df2a
e0bc4caf
c71a48a4
29b3b1fc
00004676
00000000
00000000
96cc8042
8729cb22
be7aa192
979057bb
00190016
03020100
07060504
0b0a0908
0f0e0d0c
13121110
17161514
1b1a1918
1f1e1d1c
33323130
37363534
3b3a3938
3f3e3d3c
43424140
47464544
00000048
00000000
23222120
27262524
2b2a2928
2f2e2d2c
33323130
00003534
00000000
00000000
e513cb16
e2413585
24386bf3
eeac6603
1db2e048
0000348a
00000000
00000000
2035af43
3c97be24
480a7f68
2c7b8913
001a0016
03020100
07060504
0b0a0908
0f0e0d0c
13121110
17161514
1b1a1918
1f1e1d1c
33323130
37363534
3b3a3938
3f3e3d3c
43424140
47464544
00004948
00000000
23222120
27262524
2b2a2928
2f2e2d2c
33323130
00003534
00000000
00000000
0df72ea9
aa0feff2
971fa274
2389fb39
9a2ff67d
0000402b
00000000
00000000
aa6aa3e9
d59287d6
d6067e1e
2cec609b
001b0016
03020100
07060504
0b0a0908
0f0e0d0c
13121110
17161514
1b1a1918
1f1e1d1c
33323130
37363534
3b3a3938
3f3e3d3c
43424140
47464544
004a4948
00000000
23222120
27262524
2b2a2928
2f2e2d2c
33323130
00003534
00000000
00000000
6bbbc1e4
124f261b
b5abc2ee
bb1a7642
6f28d8c0
000090b9
00000000
00000000
372dea61
16fed736
d8c8be8d
18772a9d
001c0016
03020100
07060504
0b0a0908
0f0e0d0c
13121110
17161514
1b1a1918
1f1e1d1c
33323130
37363534
3b3a3938
3f3e3d3c
43424140
47464544
4b4a4948
00000000
23222120
27262524
2b2a2928
2f2e2d2c
33323130
00003534
00000000
00000000
e16f4752
e719814a
c49636ce
8f203089
7da7ae3d
00001467
00000000
00000000
248c424d
d37c050e
c25f05c2
85a18725
001d0016
03020100
07060504
0b0a0908
0f0e0d0c
13121110
17161514
1b1a1918
1f1e1d1c
33323130
37363534
3b3a3938
3f3e3d3c
43424140
47464544
4b4a4948
0000004c
23222120
27262524
2b2a2928
2f2e2d2c
33323130
00003534
00000000
00000000
b60c2f43
e45fe772
564bf912
2e4c0acb
84fcf342
0000ad96
00000000
00000000
00890a5e
ed84f704
c1a9ee5d
7d554bb3
001e0016
03020100
07060504
0b0a0908
0f0e0d0c
13121110
17161514
1b1a1918
1f1e1d1c
33323130
37363534
3b3a3938
3f3e3d3c
43424140
47464544
4b4a4948
00004d4c
23222120
27262524
2b2a2928
2f2e2d2c
33323130
00003534
00000000
00000000
b0685956
5ef93d56
5f4e12a9
64bc0645
d67977f5
0000db78
00000000
00000000
ce98beba
fb3f67fd
7b1adbcb
2baca32a
001f0016
03020100
07060504
0b0a0908
0f0e0d0c
13121110
17161514
1b1a1918
1f1e1d1c
33323130
37363534
3b3a3938
3f3e3d3c
43424140
47464544
4b4a4948
004e4d4c
23222120
27262524
2b2a2928
2f2e2d2c
33323130
00003534
00000000
00000000
5f2e394b
bb0c0ea6
b97d54ca
bd62326e
c0d68283
000008e6
00000000
00000000
77640eef
e7649325
819e224f
4d95528a
00200016
03020100
07060504
0b0a0908
0f0e0d0c
13121110
17161514
1b1a1918
1f1e1d1c
33323130
37363534
3b3a3938
3f3e3d3c
43424140
47464544
4b4a4948
4f4e4d4c
00000000
00000000
00000000
00000000
23222120
27262524
2b2a2928
2f2e2d2c
33323130
00003534
00000000
00000000
46d034cb
bf6da660
66859cbe
aab8f501
b599a451
0000c85a
00000000
00000000
32aa14e3
37a40504
5adeffa3
de651c60
00000017
03020100
07060504
0b0a0908
0f0e0d0c
13121110
17161514
1b1a1918
1f1e1d1c
23222120
27262524
2b2a2928
2f2e2d2c
33323130
00363534
00000000
00000000
eedec3e8
eac56c24
3172e8e3
bba29738
3eaa8960
0003e815
00000000
00000000
33b3910c
4cfaf179
3ed8ddd0
cd54ab72
00010017
03020100
07060504
0b0a0908
0f0e0d0c
13121110
17161514
1b1a1918
1f1e1d1c
00000030
00000000
00000000
00000000
23222120
27262524
2b2a2928
2f2e2d2c
33323130
00363534
00000000
00000000
8a7d1096
9a52a729
c7bd4179
c6e31fdf
360321c7
001e5bab
00000000
00000000
e18ed155
710672fd
bdec0506
3a66322d
00020017
03020100
07060504
0b0a0908
0f0e0d0c
13121110
17161514
1b1a1918
1f1e1d1c
00003130
00000000
00000000
00000000
23222120
27262524
2b2a2928
2f2e2d2c
33323130
00363534
00000000
00000000
adeffc30
f15d2728
c0101ea3
bac79557
283652c7
00dbc857
00000000
00000000
7ff4ad90
601aeb7c
d9f08336
823fc052
00030017
03020100
07060504
0b0a0908
0f0e0d0c
13121110
17161514
1b1a1918
1f1e1d1c
00323130
00000000
00000000
00000000
23222120
27262524
2b2a2928
2f2e2d2c
33323130
00363534
00000000
00000000
2bd5d066
dcc601f4
dad40a1c
c4941dcd
5630f1f3
00179bb0
00000000
00000000
ef88eddf
3a49fe49
38d9a3d8
bf2dcd3f
00040017
03020100
07060504
0b0a0908
0f0e0d0c
13121110
17161514
1b1a1918
1f1e1d1c
33323130
00000000
00000000
00000000
23222120
27262524
2b2a2928
2f2e2d2c
33323130
00363534
00000000
00000000
fc3753cf
5dc40eb7
3f0c9e17
ac25bb51
94507a96
00af2f15
00000000
00000000
7e81cc64
5443d944
986bb05b
7f6a7d47
00050017
03020100
07060504
0b0a0908
0f0e0d0c
13121110
17161514
1b1a1918
1f1e1d1c
33323130
00000034
00000000
00000000
23222120
27262524
2b2a2928
2f2e2d2c
33323130
00363534
00000000
00000000
8c657630
bbf38bba
2faacc6d
2eee5512
fac1b67d
001e1d9b
00000000
00000000
31112794
fd27d1b6
6f7f7ac8
63266f82
00060017
03020100
07060504
0b0a0908
0f0e0d0c
13121110
17161514
1b1a1918
1f1e1d1c
33323130
00003534
00000000
00000000
23222120
27262524
2b2a2928
2f2e2d2c
33323130
00363534
00000000
00000000
ddc61093
3ebc9c8e
bf0e6c40
4312a3be
4a892c5f
008a976e
00000000
00000000
eda48cd2
deb4b4be
10e73e93
c85488fd
00070017
03020100
07060504
0b0a0908
0f0e0d0c
13121110
17161514
1b1a1918
1f1e1d1c
33323130
00363534
00000000
00000000
23222120
27262524
2b2a2928
2f2e2d2c
33323130
00363534
00000000
00000000
d44b026e
eb86f303
f4561c9d
dedccf59
62642f1b
00587ff2
00000000
00000000
881a7f12
0e5d4e64
ed07a079
72d57c23
00080017
03020100
07060504
0b0a0908
0f0e0d0c
13121110
17161514
1b1a1918
1f1e1d1c
33323130
37363534
00000000
00000000
23222120
27262524
2b2a2928
2f2e2d2c
33323130
00363534
00000000
00000000
b12cbefa
32a6ebe7
0f08309a
72dce726
3c2e3d50
009f7cce
00000000
00000000
2c375ba8
dd9b7131
216982ca
e811eaf9
00090017
03020100
07060504
0b0a0908
0f0e0d0c
13121110
17161514
1b1a1918
1f1e1d1c
33323130
37363534
00000038
00000000
23222120
27262524
2b2a2928
2f2e2d2c
33323130
00363534
00000000
00000000
47d779bf
5bb06f6d
79a09188
92198abe
31fe3fb6
00c72d06
00000000
00000000
79c714d7
5e32ee0a
d7c82fc9
b95b70db
000a0017
03020100
07060504
0b0a0908
0f0e0d0c
13121110
17161514
1b1a1918
1f1e1d1c
33323130
37363534
00003938
00000000
23222120
27262524
2b2a2928
2f2e2d2c
33323130
00363534
00000000
00000000
96290412
53b442da
bc5f5a6e
26239b1d
936f01b3
0049ba92
00000000
00000000
1dc53be6
72afe7d0
89b20e8e
505b25b3
000b0017
03020100
07060504
0b0a0908
0f0e0d0c
13121110
17161514
1b1a1918
1f1e1d1c
33323130
37363534
003a3938
00000000
23222120
27262524
2b2a2928
2f2e2d2c
33323130
00363534
00000000
00000000
256ec316
eb93a8fb
c2307346
da340bc8
056bf83d
00bf2a89
00000000
00000000
bc816c62
2b25ab35
bf57e21e
0706d5c0
000c0017
03020100
07060504
0b0a0908
0f0e0d0c
13121110
17161514
1b1a1918
1f1e1d1c
33323130
37363534
3b3a3938
00000000
23222120
27262524
2b2a2928
2f2e2d2c
33323130
00363534
00000000
00000000
621c3ab8
70c605ad
0e22e9d6
46bed90d
6c8d3de4
0058da06
00000000
00000000
d03ab52a
3fdd43ae
7f050bc1
21beedaf
000d0017
03020100
07060504
0b0a0908
0f0e0d0c
13121110
17161514
1b1a1918
1f1e1d1c
33323130
37363534
3b3a3938
0000003c
23222120
27262524
2b2a2928
2f2e2d2c
33323130
00363534
00000000
00000000
a19b838c
ff194fb0
a2696ce2
0f35568f
860cd7f2
00cfeb49
00000000
00000000
ef799363
dc771a38
db76ac75
63965eb8
000e0017
03020100
07060504
0b0a0908
0f0e0d0c
13121110
17161514
1b1a1918
1f1e1d1c
33323130
37363534
3b3a3938
00003d3c
23222120
27262524
2b2a2928
2f2e2d2c
33323130
00363534
00000000
00000000
59988c01
cd3539dc
8438a3ea
eba7c859
f77dbe34
0095ae68
00000000
00000000
5752e257
882a4c41
2b5f51a7
f4532eab
000f0017
03020100
07060504
0b0a0908
0f0e0d0c
13121110
17161514
1b1a1918
1f1e1d1c
33323130
37363534
3b3a3938
003e3d3c
23222120
27262524
2b2a2928
2f2e2d2c
33323130
00363534
00000000
00000000
da19fd20
c45c1abc
d321a649
1360ac4d
97f543ef
00a400df
00000000
00000000
2ebdb5ab
f86633e4
31fe7851
fdce3e7a
00100017
03020100
07060504
0b0a0908
0f0e0d0c
13121110
17161514
1b1a1918
1f1e1d1c
33323130
37363534
3b3a3938
3f3e3d3c
00000000
00000000
00000000
00000000
23222120
27262524
2b2a2928
2f2e2d2c
33323130
00363534
00000000
00000000
b2eb7363
9b7ce98b
f30c09ac
f13ec199
e5c5a64e
000ae319
00000000
00000000
eb5a30c2
58681478
e12dffca
6a9a623a
00110017
03020100
07060504
0b0a0908
0f0e0d0c
13121110
17161514
1b1a1918
1f1e1d1c
33323130
37363534
3b3a3938
3f3e3d3c
00000040
00000000
00000000
00000000
23222120
27262524
2b2a2928
2f2e2d2c
33323130
00363534
00000000
00000000
1bc777bf
c5f1e93d
27ef72b3
9be8083a
dc5a67e9
00347757
00000000
00000000
857111ca
f9b2ceed
79266579
bad0db0c
00120017
03020100
07060504
0b0a0908
0f0e0d0c
13121110
17161514
1b1a1918
1f1e1d1c
33323130
37363534
3b3a3938
3f3e3d3c
00004140
00000000
00000000
00000000
23222120
27262524
2b2a2928
2f2e2d2c
33323130
00363534
00000000
00000000
0a5fb0b3
9776c508
65b5a349
401dcb8b
d1aa759c
004956e8
00000000
00000000
ec6b7821
72446f37
add41f31
b6cd4664
00130017
03020100
07060504
0b0a0908
0f0e0d0c
13121110
17161514
1b1a1918
1f1e1d1c
33323130
37363534
3b3a3938
3f3e3d3c
00424140
00000000
00000000
00000000
23222120
27262524
2b2a2928
2f2e2d2c
33323130
00363534
00000000
00000000
36c167a9
07e089d3
c6fb42ba
a6557e74
c9fafc89
00dde24e
00000000
00000000
ad51d73a
08e642f3
5c3255cb
854dafa1
00140017
03020100
07060504
0b0a0908
0f0e0d0c
13121110
17161514
1b1a1918
1f1e1d1c
33323130
37363534
3b3a3938
3f3e3d3c
43424140
00000000
00000000
00000000
23222120
27262524
2b2a2928
2f2e2d2c
33323130
00363534
00000000
00000000
3bdefdd7
8abbe1e4
d30b5771
9659c446
1e9ffc89
002cdb68
00000000
00000000
9a215bce
612b671d
20a8415c
176ffd56
00150017
03020100
07060504
0b0a0908
0f0e0d0c
13121110
17161514
1b1a1918
1f1e1d1c
33323130
37363534
3b3a3938
3f3e3d3c
43424140
00000044
00000000
00000000
23222120
27262524
2b2a2928
2f2e2d2c
33323130
00363534
00000000
00000000
9f1d26cc
2e84b88f
102be282
70cd9667
2b42238b
00e518e0
00000000
00000000
cac31f4c
34e296dd
57ee978a
3de41a5b
00160017
03020100
07060504
0b0a0908
0f0e0d0c
13121110
17161514
1b1a1918
1f1e1d1c
33323130
37363534
3b3a3938
3f3e3d3c
43424140
00004544
00000000
00000000
23222120
27262524
2b2a2928
2f2e2d2c
33323130
00363534
00000000
00000000
36aba396
6674575e
5c2f5625
0941c5e7
afab0ebf
00020d4a
00000000
00000000
7273e13c
4577f642
864722c0
b9d37909
00170017
03020100
07060504
0b0a0908
0f0e0d0c
13121110
17161514
1b1a1918
1f1e1d1c
33323130
37363534
3b3a3938
3f3e3d3c
43424140
00464544
00000000
00000000
23222120
27262524
2b2a2928
2f2e2d2c
33323130
00363534
00000000
00000000
2e591478
b715e4ea
97eb505c
54a59bf5
c8a77d4f
00d0ee2f
00000000
00000000
058d8b45
3955cd54
232cb459
007582cb
00180017
03020100
07060504
0b0a0908
0f0e0d0c
13121110
17161514
1b1a1918
1f1e1d1c
33323130
37363534
3b3a3938
3f3e3d3c
43424140
47464544
00000000
00000000
23222120
27262524
2b2a2928
2f2e2d2c
33323130
00363534
00000000
00000000
d5f9299d
7094df2a
e0bc4caf
c71a48a4
29b3b1fc
00984676
00000000
00000000
6325e599
1c633d64
aa6e3d51
886948ba
00190017
03020100
07060504
0b0a0908
0f0e0d0c
13121110
17161514
1b1a1918
1f1e1d1c
33323130
37363534
3b3a3938
3f3e3d3c
43424140
47464544
00000048
00000000
23222120
27262524
2b2a2928
2f2e2d2c
33323130
00363534
00000000
00000000
e513cb16
e2413585
24386bf3
eeac6603
1db2e048
0024348a
00000000
00000000
5dd7323f
a3780730
bcb54bbd
2f81d55c
001a0017
03020100
07060504
0b0a0908
0f0e0d0c
13121110
17161514
1b1a1918
1f1e1d1c
33323130
37363534
3b3a3938
3f3e3d3c
43424140
47464544
00004948
00000000
23222120
27262524
2b2a2928
2f2e2d2c
33323130
00363534
00000000
00000000
0df72ea9
aa0feff2
971fa274
2389fb39
9a2ff67d
0080402b
00000000
00000000
30e05e8f
c9eb7f38
294208ef
482ac00a
001b0017
03020100
07060504
0b0a0908
0f0e0d0c
13121110
17161514
1b1a1918
1f1e1d1c
33323130
37363534
3b3a3938
3f3e3d3c
43424140
47464544
004a4948
00000000
23222120
27262524
2b2a2928
2f2e2d2c
33323130
00363534
00000000
00000000
6bbbc1e4
124f261b
b5abc2ee
bb1a7642
6f28d8c0
00cb90b9
00000000
00000000
a32f4619
8a63c703
13589c69
277a4128
001c0017
03020100
07060504
0b0a0908
0f0e0d0c
13121110
17161514
1b1a1918
1f1e1d1c
33323130
37363534
3b3a3938
3f3e3d3c
43424140
47464544
4b4a4948
00000000
23222120
27262524
2b2a2928
2f2e2d2c
33323130
00363534
00000000
00000000
e16f4752
e719814a
c49636ce
8f203089
7da7ae3d
002d1467
00000000
00000000
924c1ab8
c48de7c5
f20e3460
1b8f98af
001d0017
03020100
07060504
0b0a0908
0f0e0d0c
13121110
17161514
1b1a1918
1f1e1d1c
33323130
37363534
3b3a3938
3f3e3d3c
43424140
47464544
4b4a4948
0000004c
23222120
27262524
2b2a2928
2f2e2d2c
33323130
00363534
00000000
00000000
b60c2f43
e45fe772
564bf912
2e4c0acb
84fcf342
00d6ad96
00000000
00000000
19a7c5d1
b7d59818
0540aedf
1819e41f
001e0017
03020100
07060504
0b0a0908
0f0e0d0c
13121110
17161514
1b1a1918
1f1e1d1c
33323130
37363534
3b3a3938
3f3e3d3c
43424140
47464544
4b4a4948
00004d4c
23222120
27262524
2b2a2928
2f2e2d2c
33323130
00363534
00000000
00000000
b0685956
5ef93d56
5f4e12a9
64bc0645
d67977f5
0087db78
00000000
00000000
ab50bbf3
7afe93de
1217450a
0ac74d4a
001f0017
03020100
07060504
0b0a0908
0f0e0d0c
13121110
17161514
1b1a1918
1f1e1d1c
33323130
37363534
3b3a3938
3f3e3d3c
43424140
47464544
4b4a4948
004e4d4c
23222120
27262524
2b2a2928
2f2e2d2c
33323130
00363534
00000000
00000000
5f2e394b
bb0c0ea6
b97d54ca
bd62326e
c0d68283
00e208e6
00000000
00000000
5a031119
3dea42e8
7314ff24
45b34b77
00200017
03020100
07060504
0b0a0908
0f0e0d0c
13121110
17161514
1b1a1918
1f1e1d1c
33323130
37363534
3b3a3938
3f3e3d3c
43424140
47464544
4b4a4948
4f4e4d4c
00000000
00000000
00000000
00000000
23222120
27262524
2b2a2928
2f2e2d2c
33323130
00363534
00000000
00000000
46d034cb
bf6da660
66859cbe
aab8f501
b599a451
00f7c85a
00000000
00000000
5342b18e
d5a3efc9
bd505c06
473980f1
00000018
03020100
07060504
0b0a0908
0f0e0d0c
13121110
17161514
1b1a1918
1f1e1d1c
23222120
27262524
2b2a2928
2f2e2d2c
33323130
37363534
00000000
00000000
eedec3e8
eac56c24
3172e8e3
bba29738
3eaa8960
0703e815
00000000
00000000
070bd0f2
3b34cb54
a142a70e
47364296
00010018
03020100
07060504
0b0a0908
0f0e0d0c
13121110
17161514
1b1a1918
1f1e1d1c
00000030
00000000
00000000
00000000
23222120
27262524
2b2a2928
2f2e2d2c
33323130
37363534
00000000
00000000
8a7d1096
9a52a729
c7bd4179
c6e31fdf
360321c7
b91e5bab
00000000
00000000
65fb48d7
0fec7ce5
2b757919
c890c190
00020018
03020100
07060504
0b0a0908
0f0e0d0c
13121110
17161514
1b1a1918
1f1e1d1c
00003130
00000000
00000000
00000000
23222120
27262524
2b2a2928
2f2e2d2c
33323130
37363534
00000000
00000000
adeffc30
f15d2728
c0101ea3
bac79557
283652c7
c0dbc857
00000000
00000000
c6ac3654
e7913d18
c9bd07fe
68c2f4cd
00030018
03020100
07060504
0b0a0908
0f0e0d0c
13121110
17161514
1b1a1918
1f1e1d1c
00323130
00000000
00000000
00000000
23222120
27262524
2b2a2928
2f2e2d2c
33323130
37363534
00000000
00000000
2bd5d066
dcc601f4
dad40a1c
c4941dcd
5630f1f3
97179bb0
00000000
00000000
a867ff6f
4f609735
11c205cb
2f5ae332
00040018
03020100
07060504
0b0a0908
0f0e0d0c
13121110
17161514
1b1a1918
1f1e1d1c
33323130
00000000
00000000
00000000
23222120
27262524
2b2a2928
2f2e2d2c
33323130
37363534
00000000
00000000
fc3753cf
5dc40eb7
3f0c9e17
ac25bb51
94507a96
73af2f15
00000000
00000000
6be78fe0
31e362ca
4334cb4f
207b0b71
00050018
03020100
07060504
0b0a0908
0f0e0d0c
13121110
17161514
1b1a1918
1f1e1d1c
33323130
00000034
00000000
00000000
23222120
27262524
2b2a2928
2f2e2d2c
33323130
37363534
00000000
00000000
8c657630
bbf38bba
2faacc6d
2eee5512
fac1b67d
5f1e1d9b
00000000
00000000
06523cdc
4f8f6695
cf4fb37f
55e9931c
00060018
03020100
07060504
0b0a0908
0f0e0d0c
13121110
17161514
1b1a1918
1f1e1d1c
33323130
00003534
00000000
00000000
23222120
27262524
2b2a2928
2f2e2d2c
33323130
37363534
00000000
00000000
ddc61093
3ebc9c8e
bf0e6c40
4312a3be
4a892c5f
908a976e
00000000
00000000
69121221
b78b843a
739e669a
63ec4253
00070018
03020100
07060504
0b0a0908
0f0e0d0c
13121110
17161514
1b1a1918
1f1e1d1c
33323130
00363534
00000000
00000000
23222120
27262524
2b2a2928
2f2e2d2c
33323130
37363534
00000000
00000000
d44b026e
eb86f303
f4561c9d
dedccf59
62642f1b
76587ff2
00000000
00000000
baf506a6
a96e507c
814f8a40
31e2a6c0
00080018
03020100
07060504
0b0a0908
0f0e0d0c
13121110
17161514
1b1a1918
1f1e1d1c
33323130
37363534
00000000
00000000
23222120
27262524
2b2a2928
2f2e2d2c
33323130
37363534
00000000
00000000
b12cbefa
32a6ebe7
0f08309a
72dce726
3c2e3d50
5b9f7cce
00000000
00000000
8086bee8
155a0c03
648e72a9
730390a3
00090018
03020100
07060504
0b0a0908
0f0e0d0c
13121110
17161514
1b1a1918
1f1e1d1c
33323130
37363534
00000038
00000000
23222120
27262524
2b2a2928
2f2e2d2c
33323130
37363534
00000000
00000000
47d779bf
5bb06f6d
79a09188
92198abe
31fe3fb6
aac72d06
00000000
00000000
31bc2913
4a26a3ce
116c4b44
887f60cf
000a0018
03020100
07060504
0b0a0908
0f0e0d0c
13121110
17161514
1b1a1918
1f1e1d1c
33323130
37363534
00003938
00000000
23222120
27262524
2b2a2928
2f2e2d2c
33323130
37363534
00000000
00000000
96290412
53b442da
bc5f5a6e
26239b1d
936f01b3
be49ba92
00000000
00000000
fa591896
03f7ea27
fc11edf9
c2734774
000b0018
03020100
07060504
0b0a0908
0f0e0d0c
13121110
17161514
1b1a1918
1f1e1d1c
33323130
37363534
003a3938
00000000
23222120
27262524
2b2a2928
2f2e2d2c
33323130
37363534
00000000
00000000
256ec316
eb93a8fb
c2307346
da340bc8
056bf83d
59bf2a89
00000000
00000000
6ecde362
e2e073c5
56d287c0
e98522e7
000c0018
03020100
07060504
0b0a0908
0f0e0d0c
13121110
17161514
1b1a1918
1f1e1d1c
33323130
37363534
3b3a3938
00000000
23222120
27262524
2b2a2928
2f2e2d2c
33323130
37363534
00000000
00000000
621c3ab8
70c605ad
0e22e9d6
46bed90d
6c8d3de4
6c58da06
00000000
00000000
d9d70f7b
170e0068
bd575bbd
9499c77b
000d0018
03020100
07060504
0b0a0908
0f0e0d0c
13121110
17161514
1b1a1918
1f1e1d1c
33323130
37363534
3b3a3938
0000003c
23222120
27262524
2b2a2928
2f2e2d2c
33323130
37363534
00000000
00000000
a19b838c
ff194fb0
a2696ce2
0f35568f
860cd7f2
facfeb49
00000000
00000000
bbc318dc
7a094b93
54737c67
2bb4d0d6
000e0018
03020100
07060504
0b0a0908
0f0e0d0c
13121110
17161514
1b1a1918
1f1e1d1c
33323130
37363534
3b3a3938
00003d3c
23222120
27262524
2b2a2928
2f2e2d2c
33323130
37363534
00000000
00000000
59988c01
cd3539dc
8438a3ea
eba7c859
f77dbe34
b695ae68
00000000
00000000
4233442f
98f01267
78d992b5
1c4fa2e1
000f0018
03020100
07060504
0b0a0908
0f0e0d0c
13121110
17161514
1b1a1918
1f1e1d1c
33323130
37363534
3b3a3938
003e3d3c
23222120
27262524
2b2a2928
2f2e2d2c
33323130
37363534
00000000
00000000
da19fd20
c45c1abc
d321a649
1360ac4d
97f543ef
fca400df
00000000
00000000
f3284b84
cd5adcaf
441fd307
a99c49cf
00100018
03020100
07060504
0b0a0908
0f0e0d0c
13121110
17161514
1b1a1918
1f1e1d1c
33323130
37363534
3b3a3938
3f3e3d3c
00000000
00000000
00000000
00000000
23222120
27262524
2b2a2928
2f2e2d2c
33323130
37363534
00000000
00000000
b2eb7363
9b7ce98b
f30c09ac
f13ec199
e5c5a64e
5c0ae319
00000000
00000000
5e0b2b39
61a8a610
a15037de
d459473d
00110018
03020100
07060504
0b0a0908
0f0e0d0c
13121110
17161514
1b1a1918
1f1e1d1c
33323130
37363534
3b3a3938
3f3e3d3c
00000040
00000000
00000000
00000000
23222120
27262524
2b2a2928
2f2e2d2c
33323130
37363534
00000000
00000000
1bc777bf
c5f1e93d
27ef72b3
9be8083a
dc5a67e9
2f347757
00000000
00000000
ba8a0bf6
f5909d72
db59451e
21d7fc4c
00120018
03020100
07060504
0b0a0908
0f0e0d0c
13121110
17161514
1b1a1918
1f1e1d1c
33323130
37363534
3b3a3938
3f3e3d3c
00004140
00000000
00000000
00000000
23222120
27262524
2b2a2928
2f2e2d2c
33323130
37363534
00000000
00000000
0a5fb0b3
9776c508
65b5a349
401dcb8b
d1aa759c
744956e8
00000000
00000000
44ff9f25
93a0581d
cfa5ba29
d85dead2
00130018
03020100
07060504
0b0a0908
0f0e0d0c
13121110
17161514
1b1a1918
1f1e1d1c
33323130
37363534
3b3a3938
3f3e3d3c
00424140
00000000
00000000
00000000
23222120
27262524
2b2a2928
2f2e2d2c
33323130
37363534
00000000
00000000
36c167a9
07e089d3
c6fb42ba
a6557e74
c9fafc89
e3dde24e
00000000
00000000
7690d555
d0cfb984
7163a3fd
de55dbd0
00140018
03020100
07060504
0b0a0908
0f0e0d0c
13121110
17161514
1b1a1918
1f1e1d1c
33323130
37363534
3b3a3938
3f3e3d3c
43424140
00000000
00000000
00000000
23222120
27262524
2b2a2928
2f2e2d2c
33323130
37363534
00000000
00000000
3bdefdd7
8abbe1e4
d30b5771
9659c446
1e9ffc89
1e2cdb68
00000000
00000000
dd343d6a
0572832b
650a5e5c
c2f84e9d
00150018
03020100
07060504
0b0a0908
0f0e0d0c
13121110
17161514
1b1a1918
1f1e1d1c
33323130
37363534
3b3a3938
3f3e3d3c
43424140
00000044
00000000
00000000
23222120
27262524
2b2a2928
2f2e2d2c
33323130
37363534
00000000
00000000
9f1d26cc
2e84b88f
102be282
70cd9667
2b42238b
53e518e0
00000000
00000000
8003426f
700ed000
9b022d52
d2cca126
00160018
03020100
07060504
0b0a0908
0f0e0d0c
13121110
17161514
1b1a1918
1f1e1d1c
33323130
37363534
3b3a3938
3f3e3d3c
43424140
00004544
00000000
00000000
23222120
27262524
2b2a2928
2f2e2d2c
33323130
37363534
00000000
00000000
36aba396
6674575e
5c2f5625
0941c5e7
afab0ebf
74020d4a
00000000
00000000
fee6e2f2
08765fec
e20fe75a
69019852
00170018
03020100
07060504
0b0a0908
0f0e0d0c
13121110
17161514
1b1a1918
1f1e1d1c
33323130
37363534
3b3a3938
3f3e3d3c
43424140
00464544
00000000
00000000
23222120
27262524
2b2a2928
2f2e2d2c
33323130
37363534
00000000
00000000
2e591478
b715e4ea
97eb505c
54a59bf5
c8a77d4f
7ad0ee2f
00000000
00000000
c7e2bbf0
19cbb327
398e84f6
d1d6fb30
00180018
03020100
07060504
0b0a0908
0f0e0d0c
13121110
17161514
1b1a1918
1f1e1d1c
33323130
37363534
3b3a3938
3f3e3d3c
43424140
47464544
00000000
00000000
23222120
27262524
2b2a2928
2f2e2d2c
33323130
37363534
00000000
00000000
d5f9299d
7094df2a
e0bc4caf
c71a48a4
29b3b1fc
92984676
00000000
00000000
44afebdf
9bec0552
2c029d01
59ae4270
00190018
03020100
07060504
0b0a0908
0f0e0d0c
13121110
17161514
1b1a1918
1f1e1d1c
33323130
37363534
3b3a3938
3f3e3d3c
43424140
47464544
00000048
00000000
23222120
27262524
2b2a2928
2f2e2d2c
33323130
37363534
00000000
00000000
e513cb16
e2413585
24386bf3
eeac6603
1db2e048
7324348a
00000000
00000000
e3f54779
8d87cfeb
2d4672c9
f035fe67
001a0018
03020100
07060504
0b0a0908
0f0e0d0c
13121110
17161514
1b1a1918
1f1e1d1c
33323130
37363534
3b3a3938
3f3e3d3c
43424140
47464544
00004948
00000000
23222120
27262524
2b2a2928
2f2e2d2c
33323130
37363534
00000000
00000000
0df72ea9
aa0feff2
971fa274
2389fb39
9a2ff67d
b880402b
00000000
00000000
681cca58
a9214801
cde22da9
8acf5023
001b0018
03020100
07060504
0b0a0908
0f0e0d0c
13121110
17161514
1b1a1918
1f1e1d1c
33323130
37363534
3b3a3938
3f3e3d3c
43424140
47464544
004a4948
00000000
23222120
27262524
2b2a2928
2f2e2d2c
33323130
37363534
00000000
00000000
6bbbc1e4
124f261b
b5abc2ee
bb1a7642
6f28d8c0
04cb90b9
00000000
00000000
9c3b06bd
6e5f5721
fb4a939d
6202caea
001c0018
03020100
07060504
0b0a0908
0f0e0d0c
13121110
17161514
1b1a1918
1f1e1d1c
33323130
37363534
3b3a3938
3f3e3d3c
43424140
47464544
4b4a4948
00000000
23222120
27262524
2b2a2928
2f2e2d2c
33323130
37363534
00000000
00000000
e16f4752
e719814a
c49636ce
8f203089
7da7ae3d
c92d1467
00000000
00000000
64f135fe
2777bee0
7d7ee9c7
347c7a7e
001d0018
03020100
07060504
0b0a0908
0f0e0d0c
13121110
17161514
1b1a1918
1f1e1d1c
33323130
37363534
3b3a3938
3f3e3d3c
43424140
47464544
4b4a4948
0000004c
23222120
27262524
2b2a2928
2f2e2d2c
33323130
37363534
00000000
00000000
b60c2f43
e45fe772
564bf912
2e4c0acb
84fcf342
9ad6ad96
00000000
00000000
6ddf4806
542ba9ce
01615d86
52d4eb28
001e0018
03020100
07060504
0b0a0908
0f0e0d0c
13121110
17161514
1b1a1918
1f1e1d1c
33323130
37363534
3b3a3938
3f3e3d3c
43424140
47464544
4b4a4948
00004d4c
23222120
27262524
2b2a2928
2f2e2d2c
33323130
37363534
00000000
00000000
b0685956
5ef93d56
5f4e12a9
64bc0645
d67977f5
9e87db78
00000000
00000000
0fec3baa
3c469bee
b9bf31ae
d37e4a75
001f0018
03020100
07060504
0b0a0908
0f0e0d0c
13121110
17161514
1b1a1918
1f1e1d1c
33323130
37363534
3b3a3938
3f3e3d3c
43424140
47464544
4b4a4948
004e4d4c
23222120
27262524
2b2a2928
2f2e2d2c
33323130
37363534
00000000
00000000
5f2e394b
bb0c0ea6
b97d54ca
bd62326e
c0d68283
4fe208e6
00000000
00000000
753bbb0e
2fdac314
966e2269
28b6352a
00200018
03020100
07060504
0b0a0908
0f0e0d0c
13121110
17161514
1b1a1918
1f1e1d1c
33323130
37363534
3b3a3938
3f3e3d3c
43424140
47464544
4b4a4948
4f4e4d4c
00000000
00000000
00000000
00000000
23222120
27262524
2b2a2928
2f2e2d2c
33323130
37363534
00000000
00000000
46d034cb
bf6da660
66859cbe
aab8f501
b599a451
fbf7c85a
00000000
00000000
25446638
7e6d8732
dabc8df8
b5924c97
00000019
03020100
07060504
0b0a0908
0f0e0d0c
13121110
17161514
1b1a1918
1f1e1d1c
23222120
27262524
2b2a2928
2f2e2d2c
33323130
37363534
00000038
00000000
eedec3e8
eac56c24
3172e8e3
bba29738
3eaa8960
0703e815
00000097
00000000
ec437678
26a0228f
74efcc6e
56b526d3
00010019
03020100
07060504
0b0a0908
0f0e0d0c
13121110
17161514
1b1a1918
1f1e1d1c
00000030
00000000
00000000
00000000
23222120
27262524
2b2a2928
2f2e2d2c
33323130
37363534
00000038
00000000
8a7d1096
9a52a729
c7bd4179
c6e31fdf
360321c7
b91e5bab
0000004c
00000000
3b569fb6
d6d7759e
d81048a9
d6f36aff
00020019
03020100
07060504
0b0a0908
0f0e0d0c
13121110
17161514
1b1a1918
1f1e1d1c
00003130
00000000
00000000
00000000
23222120
27262524
2b2a2928
2f2e2d2c
33323130
37363534
00000038
00000000
adeffc30
f15d2728
c0101ea3
bac79557
283652c7
c0dbc857
000000ce
00000000
0d8f2fb6
952120af
09bcd1ea
7da02e5b
00030019
03020100
07060504
0b0a0908
0f0e0d0c
13121110
17161514
1b1a1918
1f1e1d1c
00323130
00000000
00000000
00000000
23222120
27262524
2b2a2928
2f2e2d2c
33323130
37363534
00000038
00000000
2bd5d066
dcc601f4
dad40a1c
c4941dcd
5630f1f3
97179bb0
000000a1
00000000
27a07e08
4ae3087f
e449b366
4e894087
00040019
03020100
07060504
0b0a0908
0f0e0d0c
13121110
17161514
1b1a1918
1f1e1d1c
33323130
00000000
00000000
00000000
23222120
27262524
2b2a2928
2f2e2d2c
33323130
37363534
00000038
00000000
fc3753cf
5dc40eb7
3f0c9e17
ac25bb51
94507a96
73af2f15
00000082
00000000
1edd5dcf
b52e8ca7
e66ef2e2
919f737d
00050019
03020100
07060504
0b0a0908
0f0e0d0c
13121110
17161514
1b1a1918
1f1e1d1c
33323130
00000034
00000000
00000000
23222120
27262524
2b2a2928
2f2e2d2c
33323130
37363534
00000038
00000000
8c657630
bbf38bba
2faacc6d
2eee5512
fac1b67d
5f1e1d9b
0000009e
00000000
7fdcd873
fb58e039
13554646
2c2d127b
00060019
03020100
07060504
0b0a0908
0f0e0d0c
13121110
17161514
1b1a1918
1f1e1d1c
33323130
00003534
00000000
00000000
23222120
27262524
2b2a2928
2f2e2d2c
33323130
37363534
00000038
00000000
ddc61093
3ebc9c8e
bf0e6c40
4312a3be
4a892c5f
908a976e
000000fd
00000000
ca65e6a9
4bbe01a1
463d27a4
ef3ad92b
00070019
03020100
07060504
0b0a0908
0f0e0d0c
13121110
17161514
1b1a1918
1f1e1d1c
33323130
00363534
00000000
00000000
23222120
27262524
2b2a2928
2f2e2d2c
33323130
37363534
00000038
00000000
d44b026e
eb86f303
f4561c9d
dedccf59
62642f1b
76587ff2
00000064
00000000
19ae4abd
949aeff4
169eaf51
800a4719
00080019
03020100
07060504
0b0a0908
0f0e0d0c
13121110
17161514
1b1a1918
1f1e1d1c
33323130
37363534
00000000
00000000
23222120
27262524
2b2a2928
2f2e2d2c
33323130
37363534
00000038
00000000
b12cbefa
32a6ebe7
0f08309a
72dce726
3c2e3d50
5b9f7cce
000000c5
00000000
3ef4f432
06e23c4d
97a77328
4ad87e7f
00090019
03020100
07060504
0b0a0908
0f0e0d0c
13121110
17161514
1b1a1918
1f1e1d1c
33323130
37363534
00000038
00000000
23222120
27262524
2b2a2928
2f2e2d2c
33323130
37363534
00000038
00000000
47d779bf
5bb06f6d
79a09188
92198abe
31fe3fb6
aac72d06
000000e2
00000000
8658e3af
bc1fbcbf
1f0edf06
ba227dea
000a0019
03020100
07060504
0b0a0908
0f0e0d0c
13121110
17161514
1b1a1918
1f1e1d1c
33323130
37363534
00003938
00000000
23222120
27262524
2b2a2928
2f2e2d2c
33323130
37363534
00000038
00000000
96290412
53b442da
bc5f5a6e
26239b1d
936f01b3
be49ba92
0000003c
00000000
69938c7f
158e94b8
4258a8f5
0c742503
000b0019
03020100
07060504
0b0a0908
0f0e0d0c
13121110
17161514
1b1a1918
1f1e1d1c
33323130
37363534
003a3938
00000000
23222120
27262524
2b2a2928
2f2e2d2c
33323130
37363534
00000038
00000000
256ec316
eb93a8fb
c2307346
da340bc8
056bf83d
59bf2a89
00000001
00000000
1e46604b
2f2e5851
55c003d6
5188ee67
000c0019
03020100
07060504
0b0a0908
0f0e0d0c
13121110
17161514
1b1a1918
1f1e1d1c
33323130
37363534
3b3a3938
00000000
23222120
27262524
2b2a2928
2f2e2d2c
33323130
37363534
00000038
00000000
621c3ab8
70c605ad
0e22e9d6
46bed90d
6c8d3de4
6c58da06
000000ee
00000000
0957a800
edd51a4a
8685782f
9e9e5533
000d0019
03020100
07060504
0b0a0908
0f0e0d0c
13121110
17161514
1b1a1918
1f1e1d1c
33323130
37363534
3b3a3938
0000003c
23222120
27262524
2b2a2928
2f2e2d2c
33323130
37363534
00000038
00000000
a19b838c
ff194fb0
a2696ce2
0f35568f
860cd7f2
facfeb49
00000024
00000000
374985a3
742261f6
7b5a4ea2
fb6d87b8
000e0019
03020100
07060504
0b0a0908
0f0e0d0c
13121110
17161514
1b1a1918
1f1e1d1c
33323130
37363534
3b3a3938
00003d3c
23222120
27262524
2b2a2928
2f2e2d2c
33323130
37363534
00000038
00000000
59988c01
cd3539dc
8438a3ea
eba7c859
f77dbe34
b695ae68
00000033
00000000
4abcb85b
c2d6eb4c
5a4abdc4
e432864b
000f0019
03020100
07060504
0b0a0908
0f0e0d0c
13121110
17161514
1b1a1918
1f1e1d1c
33323130
37363534
3b3a3938
003e3d3c
23222120
27262524
2b2a2928
2f2e2d2c
33323130
37363534
00000038
00000000
da19fd20
c45c1abc
d321a649
1360ac4d
97f543ef
fca400df
000000c9
00000000
b19bdb16
af58b58c
d07205b4
b4f963a8
00100019
03020100
07060504
0b0a0908
0f0e0d0c
13121110
17161514
1b1a1918
1f1e1d1c
33323130
37363534
3b3a3938
3f3e3d3c
00000000
00000000
00000000
00000000
23222120
27262524
2b2a2928
2f2e2d2c
33323130
37363534
00000038
00000000
b2eb7363
9b7ce98b
f30c09ac
f13ec199
e5c5a64e
5c0ae319
0000006e
00000000
3f3af839
c868f1cc
edbbe727
fcd1ec08
00110019
03020100
07060504
0b0a0908
0f0e0d0c
13121110
17161514
1b1a1918
1f1e1d1c
33323130
37363534
3b3a3938
3f3e3d3c
00000040
00000000
00000000
00000000
23222120
27262524
2b2a2928
2f2e2d2c
33323130
37363534
00000038
00000000
1bc777bf
c5f1e93d
27ef72b3
9be8083a
dc5a67e9
2f347757
0000001d
00000000
f1865739
399d95bf
b6e0d752
56f13c2d
00120019
03020100
07060504
0b0a0908
0f0e0d0c
13121110
17161514
1b1a1918
1f1e1d1c
33323130
37363534
3b3a3938
3f3e3d3c
00004140
00000000
00000000
00000000
23222120
27262524
2b2a2928
2f2e2d2c
33323130
37363534
00000038
00000000
0a5fb0b3
9776c508
65b5a349
401dcb8b
d1aa759c
744956e8
000000c6
00000000
3b898cec
3d3fb006
84342234
64da3f98
00130019
03020100
07060504
0b0a0908
0f0e0d0c
13121110
17161514
1b1a1918
1f1e1d1c
33323130
37363534
3b3a3938
3f3e3d3c
00424140
00000000
00000000
00000000
23222120
27262524
2b2a2928
2f2e2d2c
33323130
37363534
00000038
00000000
36c167a9
07e089d3
c6fb42ba
a6557e74
c9fafc89
e3dde24e
00000096
00000000
a9659802
f3fd6d03
647db287
eca7c3cf
00140019
03020100
07060504
0b0a0908
0f0e0d0c
13121110
17161514
1b1a1918
1f1e1d1c
33323130
37363534
3b3a3938
3f3e3d3c
43424140
00000000
00000000
00000000
23222120
27262524
2b2a2928
2f2e2d2c
33323130
37363534
00000038
00000000
3bdefdd7
8abbe1e4
d30b5771
9659c446
1e9ffc89
1e2cdb68
0000006a
00000000
69620c8d
f6ff9f44
340389a0
7a789204
00150019
03020100
07060504
0b0a0908
0f0e0d0c
13121110
17161514
1b1a1918
1f1e1d1c
33323130
37363534
3b3a3938
3f3e3d3c
43424140
00000044
00000000
00000000
23222120
27262524
2b2a2928
2f2e2d2c
33323130
37363534
00000038
00000000
9f1d26cc
2e84b88f
102be282
70cd9667
2b42238b
53e518e0
0000003c
00000000
911c7769
6799d58a
156472bf
2dc2ff16
00160019
03020100
07060504
0b0a0908
0f0e0d0c
13121110
17161514
1b1a1918
1f1e1d1c
33323130
37363534
3b3a3938
3f3e3d3c
43424140
00004544
00000000
00000000
23222120
27262524
2b2a2928
2f2e2d2c
33323130
37363534
00000038
00000000
36aba396
6674575e
5c2f5625
0941c5e7
afab0ebf
74020d4a
000000f5
00000000
ae8bc56b
00c2f1ff
3c0d6ded
12692d2e
00170019
03020100
07060504
0b0a0908
0f0e0d0c
13121110
17161514
1b1a1918
1f1e1d1c
33323130
37363534
3b3a3938
3f3e3d3c
43424140
00464544
00000000
00000000
23222120
27262524
2b2a2928
2f2e2d2c
33323130
37363534
00000038
00000000
2e591478
b715e4ea
97eb505c
54a59bf5
c8a77d4f
7ad0ee2f
00000082
00000000
c5fa4ad7
4211282a
2551f797
2be2cba2
00180019
03020100
07060504
0b0a0908
0f0e0d0c
13121110
17161514
1b1a1918
1f1e1d1c
33323130
37363534
3b3a3938
3f3e3d3c
43424140
47464544
00000000
00000000
23222120
27262524
2b2a2928
2f2e2d2c
33323130
37363534
00000038
00000000
d5f9299d
7094df2a
e0bc4caf
c71a48a4
29b3b1fc
92984676
000000d5
00000000
f9401b87
294c777e
d211db77
087cffce
00190019
03020100
07060504
0b0a0908
0f0e0d0c
13121110
17161514
1b1a1918
1f1e1d1c
33323130
37363534
3b3a3938
3f3e3d3c
43424140
47464544
00000048
00000000
23222120
27262524
2b2a2928
2f2e2d2c
33323130
37363534
00000038
00000000
e513cb16
e2413585
24386bf3
eeac6603
1db2e048
7324348a
0000009f
00000000
a462ee36
346a5752
a02453f7
c51f986c
001a0019
03020100
07060504
0b0a0908
0f0e0d0c
13121110
17161514
1b1a1918
1f1e1d1c
33323130
37363534
3b3a3938
3f3e3d3c
43424140
47464544
00004948
00000000
23222120
27262524
2b2a2928
2f2e2d2c
33323130
37363534
00000038
00000000
0df72ea9
aa0feff2
971fa274
2389fb39
9a2ff67d
b880402b
00000050
00000000
e3039908
dae7adfb
b90cdc98
87fb23a8
001b0019
03020100
07060504
0b0a0908
0f0e0d0c
13121110
17161514
1b1a1918
1f1e1d1c
33323130
37363534
3b3a3938
3f3e3d3c
43424140
47464544
004a4948
00000000
23222120
27262524
2b2a2928
2f2e2d2c
33323130
37363534
00000038
00000000
6bbbc1e4
124f261b
b5abc2ee
bb1a7642
6f28d8c0
04cb90b9
0000000d
00000000
26799cd5
53277da3
6c8fe545
1d8b5289
001c0019
03020100
07060504
0b0a0908
0f0e0d0c
13121110
17161514
1b1a1918
1f1e1d1c
33323130
37363534
3b3a3938
3f3e3d3c
43424140
47464544
4b4a4948
00000000
23222120
27262524
2b2a2928
2f2e2d2c
33323130
37363534
00000038
00000000
e16f4752
e719814a
c49636ce
8f203089
7da7ae3d
c92d1467
0000007e
00000000
a85c3940
02032e47
96fd3737
84df4b01
001d0019
03020100
07060504
0b0a0908
0f0e0d0c
13121110
17161514
1b1a1918
1f1e1d1c
33323130
37363534
3b3a3938
3f3e3d3c
43424140
47464544
4b4a4948
0000004c
23222120
27262524
2b2a2928
2f2e2d2c
33323130
37363534
00000038
00000000
b60c2f43
e45fe772
564bf912
2e4c0acb
84fcf342
9ad6ad96
000000bc
00000000
dd8bda13
f89bc393
f6bee2eb
a4ce151d
001e0019
03020100
07060504
0b0a0908
0f0e0d0c
13121110
17161514
1b1a1918
1f1e1d1c
33323130
37363534
3b3a3938
3f3e3d3c
43424140
47464544
4b4a4948
00004d4c
23222120
27262524
2b2a2928
2f2e2d2c
33323130
37363534
00000038
00000000
b0685956
5ef93d56
5f4e12a9
64bc0645
d67977f5
9e87db78
000000ff
00000000
af7ed8f7
8b357f83
47572021
9f0bbefe
001f0019
03020100
07060504
0b0a0908
0f0e0d0c
13121110
17161514
1b1a1918
1f1e1d1c
33323130
37363534
3b3a3938
3f3e3d3c
43424140
47464544
4b4a4948
004e4d4c
23222120
27262524
2b2a2928
2f2e2d2c
33323130
37363534
00000038
00000000
5f2e394b
bb0c0ea6
b97d54ca
bd62326e
c0d68283
4fe208e6
00000044
00000000
88b369dd
8a23a280
affb9464
7b04bd0b
00200019
03020100
07060504
0b0a0908
0f0e0d0c
13121110
17161514
1b1a1918
1f1e1d1c
33323130
37363534
3b3a3938
3f3e3d3c
43424140
47464544
4b4a4948
4f4e4d4c
00000000
00000000
00000000
00000000
23222120
27262524
2b2a2928
2f2e2d2c
33323130
37363534
00000038
00000000
46d034cb
bf6da660
66859cbe
aab8f501
b599a451
fbf7c85a
000000ef
00000000
349c696b
646e562d
a4a0b5b5
dac237bf
0000001a
03020100
07060504
0b0a0908
0f0e0d0c
13121110
17161514
1b1a1918
1f1e1d1c
23222120
27262524
2b2a2928
2f2e2d2c
33323130
37363534
00003938
00000000
eedec3e8
eac56c24
3172e8e3
bba29738
3eaa8960
0703e815
00000f97
00000000
fe1faf27
07716952
1ed9a080
afd31bab
0001001a
03020100
07060504
0b0a0908
0f0e0d0c
13121110
17161514
1b1a1918
1f1e1d1c
00000030
00000000
00000000
00000000
23222120
27262524
2b2a2928
2f2e2d2c
33323130
37363534
00003938
00000000
8a7d1096
9a52a729
c7bd4179
c6e31fdf
360321c7
b91e5bab
0000fc4c
00000000
db6a02fc
ee09eda8
6d33a54d
50ec0873
0002001a
03020100
07060504
0b0a0908
0f0e0d0c
13121110
17161514
1b1a1918
1f1e1d1c
00003130
00000000
00000000
00000000
23222120
27262524
2b2a2928
2f2e2d2c
33323130
37363534
00003938
00000000
adeffc30
f15d2728
c0101ea3
bac79557
283652c7
c0dbc857
00001ace
00000000
b4f79f03
52818349
e4fa1b73
2f89cdf2
0003001a
03020100
07060504
0b0a0908
0f0e0d0c
13121110
17161514
1b1a1918
1f1e1d1c
00323130
00000000
00000000
00000000
23222120
27262524
2b2a2928
2f2e2d2c
33323130
37363534
00003938
00000000
2bd5d066
dcc601f4
dad40a1c
c4941dcd
5630f1f3
97179bb0
000027a1
00000000
5373b848
3f6826cd
c7a2e1ca
c0f11126
0004001a
03020100
07060504
0b0a0908
0f0e0d0c
13121110
17161514
1b1a1918
1f1e1d1c
33323130
00000000
00000000
00000000
23222120
27262524
2b2a2928
2f2e2d2c
33323130
37363534
00003938
00000000
fc3753cf
5dc40eb7
3f0c9e17
ac25bb51
94507a96
73af2f15
0000d882
00000000
a5b77aa4
39073b20
1de76b52
8988272e
0005001a
03020100
07060504
0b0a0908
0f0e0d0c
13121110
17161514
1b1a1918
1f1e1d1c
33323130
00000034
00000000
00000000
23222120
27262524
2b2a2928
2f2e2d2c
33323130
37363534
00003938
00000000
8c657630
bbf38bba
2faacc6d
2eee5512
fac1b67d
5f1e1d9b
0000599e
00000000
be5b58b7
a3f043bc
f9d37b56
01724f87
0006001a
03020100
07060504
0b0a0908
0f0e0d0c
13121110
17161514
1b1a1918
1f1e1d1c
33323130
00003534
00000000
00000000
23222120
27262524
2b2a2928
2f2e2d2c
33323130
37363534
00003938
00000000
ddc61093
3ebc9c8e
bf0e6c40
4312a3be
4a892c5f
908a976e
0000b1fd
00000000
b16c7d21
39d1e78b
e25cb16f
0eafddab
0007001a
03020100
07060504
0b0a0908
0f0e0d0c
13121110
17161514
1b1a1918
1f1e1d1c
33323130
00363534
00000000
00000000
23222120
27262524
2b2a2928
2f2e2d2c
33323130
37363534
00003938
00000000
d44b026e
eb86f303
f4561c9d
dedccf59
62642f1b
76587ff2
00001564
00000000
e5200d98
cd49658a
6ce89749
d23dba99
0008001a
03020100
07060504
0b0a0908
0f0e0d0c
13121110
17161514
1b1a1918
1f1e1d1c
33323130
37363534
00000000
00000000
23222120
27262524
2b2a2928
2f2e2d2c
33323130
37363534
00003938
00000000
b12cbefa
32a6ebe7
0f08309a
72dce726
3c2e3d50
5b9f7cce
0000e4c5
00000000
570b8933
283835df
cbb71a0e
b5b4bd10
0009001a
03020100
07060504
0b0a0908
0f0e0d0c
13121110
17161514
1b1a1918
1f1e1d1c
33323130
37363534
00000038
00000000
23222120
27262524
2b2a2928
2f2e2d2c
33323130
37363534
00003938
00000000
47d779bf
5bb06f6d
79a09188
92198abe
31fe3fb6
aac72d06
000054e2
00000000
57c59c5d
b667fab1
8996d3c9
873e0939
000a001a
03020100
07060504
0b0a0908
0f0e0d0c
13121110
17161514
1b1a1918
1f1e1d1c
33323130
37363534
00003938
00000000
23222120
27262524
2b2a2928
2f2e2d2c
33323130
37363534
00003938
00000000
96290412
53b442da
bc5f5a6e
26239b1d
936f01b3
be49ba92
0000a63c
00000000
4ac202ec
c1f622db
7b7b95e1
257029eb
000b001a
03020100
07060504
0b0a0908
0f0e0d0c
13121110
17161514
1b1a1918
1f1e1d1c
33323130
37363534
003a3938
00000000
23222120
27262524
2b2a2928
2f2e2d2c
33323130
37363534
00003938
00000000
256ec316
eb93a8fb
c2307346
da340bc8
056bf83d
59bf2a89
00002a01
00000000
d6a0f5c6
ab10369f
0568575a
b657c752
000c001a
03020100
07060504
0b0a0908
0f0e0d0c
13121110
17161514
1b1a1918
1f1e1d1c
33323130
37363534
3b3a3938
00000000
23222120
27262524
2b2a2928
2f2e2d2c
33323130
37363534
00003938
00000000
621c3ab8
70c605ad
0e22e9d6
46bed90d
6c8d3de4
6c58da06
0000d8ee
00000000
3467ffcf
2fd3214c
6e368762
63eee0b1
000d001a
03020100
07060504
0b0a0908
0f0e0d0c
13121110
17161514
1b1a1918
1f1e1d1c
33323130
37363534
3b3a3938
0000003c
23222120
27262524
2b2a2928
2f2e2d2c
33323130
37363534
00003938
00000000
a19b838c
ff194fb0
a2696ce2
0f35568f
860cd7f2
facfeb49
00002024
00000000
65eaee11
cb8aefdd
8a123a4c
04c0aac0
000e001a
03020100
07060504
0b0a0908
0f0e0d0c
13121110
17161514
1b1a1918
1f1e1d1c
33323130
37363534
3b3a3938
00003d3c
23222120
27262524
2b2a2928
2f2e2d2c
33323130
37363534
00003938
00000000
59988c01
cd3539dc
8438a3ea
eba7c859
f77dbe34
b695ae68
00001233
00000000
40b306ac
e391da13
ee696eb2
89b033cc
000f001a
03020100
07060504
0b0a0908
0f0e0d0c
13121110
17161514
1b1a1918
1f1e1d1c
33323130
37363534
3b3a3938
003e3d3c
23222120
27262524
2b2a2928
2f2e2d2c
33323130
37363534
00003938
00000000
da19fd20
c45c1abc
d321a649
1360ac4d
97f543ef
fca400df
000057c9
00000000
6146b028
609f348f
550b3b21
7cd3c435
0010001a
03020100
07060504
0b0a0908
0f0e0d0c
13121110
17161514
1b1a1918
1f1e1d1c
33323130
37363534
3b3a3938
3f3e3d3c
00000000
00000000
00000000
00000000
23222120
27262524
2b2a2928
2f2e2d2c
33323130
37363534
00003938
00000000
b2eb7363
9b7ce98b
f30c09ac
f13ec199
e5c5a64e
5c0ae319
0000f46e
00000000
18820261
602a7338
ade19f34
e18eb612
0011001a
03020100
07060504
0b0a0908
0f0e0d0c
13121110
17161514
1b1a1918
1f1e1d1c
33323130
37363534
3b3a3938
3f3e3d3c
00000040
00000000
00000000
00000000
23222120
27262524
2b2a2928
2f2e2d2c
33323130
37363534
00003938
00000000
1bc777bf
c5f1e93d
27ef72b3
9be8083a
dc5a67e9
2f347757
00001e1d
00000000
c0585f48
a24392f0
aef6b803
8c6f574c
0012001a
03020100
07060504
0b0a0908
0f0e0d0c
13121110
17161514
1b1a1918
1f1e1d1c
33323130
37363534
3b3a3938
3f3e3d3c
00004140
00000000
00000000
00000000
23222120
27262524
2b2a2928
2f2e2d2c
33323130
37363534
00003938
00000000
0a5fb0b3
9776c508
65b5a349
401dcb8b
d1aa759c
744956e8
00006cc6
00000000
28960f2f
5579fac2
816ed836
bac6641b
0013001a
03020100
07060504
0b0a0908
0f0e0d0c
13121110
17161514
1b1a1918
1f1e1d1c
33323130
37363534
3b3a3938
3f3e3d3c
00424140
00000000
00000000
00000000
23222120
27262524
2b2a2928
2f2e2d2c
33323130
37363534
00003938
00000000
36c167a9
07e089d3
c6fb42ba
a6557e74
c9fafc89
e3dde24e
0000f696
00000000
03994d75
bc162ed0
73941fef
c9a85f8d
0014001a
03020100
07060504
0b0a0908
0f0e0d0c
13121110
17161514
1b1a1918
1f1e1d1c
33323130
37363534
3b3a3938
3f3e3d3c
43424140
00000000
00000000
00000000
23222120
27262524
2b2a2928
2f2e2d2c
33323130
37363534
00003938
00000000
3bdefdd7
8abbe1e4
d30b5771
9659c446
1e9ffc89
1e2cdb68
0000d56a
00000000
1961dd08
a1d1c94d
58a5fb2b
f199b6f8
0015001a
03020100
07060504
0b0a0908
0f0e0d0c
13121110
17161514
1b1a1918
1f1e1d1c
33323130
37363534
3b3a3938
3f3e3d3c
43424140
00000044
00000000
00000000
23222120
27262524
2b2a2928
2f2e2d2c
33323130
37363534
00003938
00000000
9f1d26cc
2e84b88f
102be282
70cd9667
2b42238b
53e518e0
00005e3c
00000000
41f3589c
55a3dcbb
0a272697
fe286e0b
0016001a
03020100
07060504
0b0a0908
0f0e0d0c
13121110
17161514
1b1a1918
1f1e1d1c
33323130
37363534
3b3a3938
3f3e3d3c
43424140
00004544
00000000
00000000
23222120
27262524
2b2a2928
2f2e2d2c
33323130
37363534
00003938
00000000
36aba396
6674575e
5c2f5625
0941c5e7
afab0ebf
74020d4a
000028f5
00000000
d6f09c86
3918dde0
e6fdf6d2
5d22e100
0017001a
03020100
07060504
0b0a0908
0f0e0d0c
13121110
17161514
1b1a1918
1f1e1d1c
33323130
37363534
3b3a3938
3f3e3d3c
43424140
00464544
00000000
00000000
23222120
27262524
2b2a2928
2f2e2d2c
33323130
37363534
00003938
00000000
2e591478
b715e4ea
97eb505c
54a59bf5
c8a77d4f
7ad0ee2f
00004b82
00000000
67f7fee5
3b714e66
155b1bbd
43cf42bc
0018001a
03020100
07060504
0b0a0908
0f0e0d0c
13121110
17161514
1b1a1918
1f1e1d1c
33323130
37363534
3b3a3938
3f3e3d3c
43424140
47464544
00000000
00000000
23222120
27262524
2b2a2928
2f2e2d2c
33323130
37363534
00003938
00000000
d5f9299d
7094df2a
e0bc4caf
c71a48a4
29b3b1fc
92984676
0000bcd5
00000000
9f0863b1
b5fc2079
eb59535d
b0123509
0019001a
03020100
07060504
0b0a0908
0f0e0d0c
13121110
17161514
1b1a1918
1f1e1d1c
33323130
37363534
3b3a3938
3f3e3d3c
43424140
47464544
00000048
00000000
23222120
27262524
2b2a2928
2f2e2d2c
33323130
37363534
00003938
00000000
e513cb16
e2413585
24386bf3
eeac6603
1db2e048
7324348a
0000cd9f
00000000
2eb92e3b
fc0e3b08
ea83d266
a0060cd2
001a001a
03020100
07060504
0b0a0908
0f0e0d0c
13121110
17161514
1b1a1918
1f1e1d1c
33323130
37363534
3b3a3938
3f3e3d3c
43424140
47464544
00004948
00000000
23222120
27262524
2b2a2928
2f2e2d2c
33323130
37363534
00003938
00000000
0df72ea9
aa0feff2
971fa274
2389fb39
9a2ff67d
b880402b
00000450
00000000
f6fae28c
c0fbe1cd
e5462275
a6e816d6
001b001a
03020100
07060504
0b0a0908
0f0e0d0c
13121110
17161514
1b1a1918
1f1e1d1c
33323130
37363534
3b3a3938
3f3e3d3c
43424140
47464544
004a4948
00000000
23222120
27262524
2b2a2928
2f2e2d2c
33323130
37363534
00003938
00000000
6bbbc1e4
124f261b
b5abc2ee
bb1a7642
6f28d8c0
04cb90b9
0000c10d
00000000
932b08f4
6031c877
c8170275
6d067915
001c001a
03020100
07060504
0b0a0908
0f0e0d0c
13121110
17161514
1b1a1918
1f1e1d1c
33323130
37363534
3b3a3938
3f3e3d3c
43424140
47464544
4b4a4948
00000000
23222120
27262524
2b2a2928
2f2e2d2c
33323130
37363534
00003938
00000000
e16f4752
e719814a
c49636ce
8f203089
7da7ae3d
c92d1467
0000eb7e
00000000
821cfb26
02137cd6
77dc5c9c
1e407a92
001d001a
03020100
07060504
0b0a0908
0f0e0d0c
13121110
17161514
1b1a1918
1f1e1d1c
33323130
37363534
3b3a3938
3f3e3d3c
43424140
47464544
4b4a4948
0000004c
23222120
27262524
2b2a2928
2f2e2d2c
33323130
37363534
00003938
00000000
b60c2f43
e45fe772
564bf912
2e4c0acb
84fcf342
9ad6ad96
00003fbc
00000000
a3591480
8f810440
2feb5ce9
62eab678
001e001a
03020100
07060504
0b0a0908
0f0e0d0c
13121110
17161514
1b1a1918
1f1e1d1c
33323130
37363534
3b3a3938
3f3e3d3c
43424140
47464544
4b4a4948
00004d4c
23222120
27262524
2b2a2928
2f2e2d2c
33323130
37363534
00003938
00000000
b0685956
5ef93d56
5f4e12a9
64bc0645
d67977f5
9e87db78
000069ff
00000000
7a7ff2e8
3e871843
55ca064c
3eaa4ec1
001f001a
03020100
07060504
0b0a0908
0f0e0d0c
13121110
17161514
1b1a1918
1f1e1d1c
33323130
37363534
3b3a3938
3f3e3d3c
43424140
47464544
4b4a4948
004e4d4c
23222120
27262524
2b2a2928
2f2e2d2c
33323130
37363534
00003938
00000000
5f2e394b
bb0c0ea6
b97d54ca
bd62326e
c0d68283
4fe208e6
00001a44
00000000
8c17ad67
46e2929e
8fe4641e
aaa0c34a
0020001a
03020100
07060504
0b0a0908
0f0e0d0c
13121110
17161514
1b1a1918
1f1e1d1c
33323130
37363534
3b3a3938
3f3e3d3c
43424140
47464544
4b4a4948
4f4e4d4c
00000000
00000000
00000000
00000000
23222120
27262524
2b2a2928
2f2e2d2c
33323130
37363534
00003938
00000000
46d034cb
bf6da660
66859cbe
aab8f501
b599a451
fbf7c85a
0000bcef
00000000
95eba675
62deb18d
067fb40c
9014493a
0000001b
03020100
07060504
0b0a0908
0f0e0d0c
13121110
17161514
1b1a1918
1f1e1d1c
23222120
27262524
2b2a2928
2f2e2d2c
33323130
37363534
003a3938
00000000
eedec3e8
eac56c24
3172e8e3
bba29738
3eaa8960
0703e815
002d0f97
00000000
7a6aa98f
16a2188f
80cc453d
9ebedd61
0001001b
03020100
07060504
0b0a0908
0f0e0d0c
13121110
17161514
1b1a1918
1f1e1d1c
00000030
00000000
00000000
00000000
23222120
27262524
2b2a2928
2f2e2d2c
33323130
37363534
003a3938
00000000
8a7d1096
9a52a729
c7bd4179
c6e31fdf
360321c7
b91e5bab
0006fc4c
00000000
c0b5d01e
5c02d07d
3536690d
845be927
0002001b
03020100
07060504
0b0a0908
0f0e0d0c
13121110
17161514
1b1a1918
1f1e1d1c
00003130
00000000
00000000
00000000
23222120
27262524
2b2a2928
2f2e2d2c
33323130
37363534
003a3938
00000000
adeffc30
f15d2728
c0101ea3
bac79557
283652c7
c0dbc857
00d11ace
00000000
79b2d747
8520d95b
fae039a5
7164f26a
0003001b
03020100
07060504
0b0a0908
0f0e0d0c
13121110
17161514
1b1a1918
1f1e1d1c
00323130
00000000
00000000
00000000
23222120
27262524
2b2a2928
2f2e2d2c
33323130
37363534
003a3938
00000000
2bd5d066
dcc601f4
dad40a1c
c4941dcd
5630f1f3
97179bb0
00ee27a1
00000000
01137055
b1f1c144
95eccab2
24bd7093
0004001b
03020100
07060504
0b0a0908
0f0e0d0c
13121110
17161514
1b1a1918
1f1e1d1c
33323130
00000000
00000000
00000000
23222120
27262524
2b2a2928
2f2e2d2c
33323130
37363534
003a3938
00000000
fc3753cf
5dc40eb7
3f0c9e17
ac25bb51
94507a96
73af2f15
0036d882
00000000
1ace692b
dec86e7c
13afbc8b
81a3e933
0005001b
03020100
07060504
0b0a0908
0f0e0d0c
13121110
17161514
1b1a1918
1f1e1d1c
33323130
00000034
00000000
00000000
23222120
27262524
2b2a2928
2f2e2d2c
33323130
37363534
003a3938
00000000
8c657630
bbf38bba
2faacc6d
2eee5512
fac1b67d
5f1e1d9b
000f599e
00000000
04d57661
86d7d257
d5f6d68e
08d329c8
0006001b
03020100
07060504
0b0a0908
0f0e0d0c
13121110
17161514
1b1a1918
1f1e1d1c
33323130
00003534
00000000
00000000
23222120
27262524
2b2a2928
2f2e2d2c
33323130
37363534
003a3938
00000000
ddc61093
3ebc9c8e
bf0e6c40
4312a3be
4a892c5f
908a976e
00bcb1fd
00000000
a568b277
eb683065
8bf33bb8
7d1c741f
0007001b
03020100
07060504
0b0a0908
0f0e0d0c
13121110
17161514
1b1a1918
1f1e1d1c
33323130
00363534
00000000
00000000
23222120
27262524
2b2a2928
2f2e2d2c
33323130
37363534
003a3938
00000000
d44b026e
eb86f303
f4561c9d
dedccf59
62642f1b
76587ff2
00691564
00000000
478b53e5
30a86e9d
a0e7a8ea
8f18a9f3
0008001b
03020100
07060504
0b0a0908
0f0e0d0c
13121110
17161514
1b1a1918
1f1e1d1c
33323130
37363534
00000000
00000000
23222120
27262524
2b2a2928
2f2e2d2c
33323130
37363534
003a3938
00000000
b12cbefa
32a6ebe7
0f08309a
72dce726
3c2e3d50
5b9f7cce
00bbe4c5
00000000
9507cfe7
9b3be092
d8402185
b9bb1eb3
0009001b
03020100
07060504
0b0a0908
0f0e0d0c
13121110
17161514
1b1a1918
1f1e1d1c
33323130
37363534
00000038
00000000
23222120
27262524
2b2a2928
2f2e2d2c
33323130
37363534
003a3938
00000000
47d779bf
5bb06f6d
79a09188
92198abe
31fe3fb6
aac72d06
005154e2
00000000
27648681
3fc65f93
0892d666
c74db0a0
000a001b
03020100
07060504
0b0a0908
0f0e0d0c
13121110
17161514
1b1a1918
1f1e1d1c
33323130
37363534
00003938
00000000
23222120
27262524
2b2a2928
2f2e2d2c
33323130
37363534
003a3938
00000000
96290412
53b442da
bc5f5a6e
26239b1d
936f01b3
be49ba92
00bca63c
00000000
3bfd4890
042ae825
aff3d983
9a95a229
000b001b
03020100
07060504
0b0a0908
0f0e0d0c
13121110
17161514
1b1a1918
1f1e1d1c
33323130
37363534
003a3938
00000000
23222120
27262524
2b2a2928
2f2e2d2c
33323130
37363534
003a3938
00000000
256ec316
eb93a8fb
c2307346
da340bc8
056bf83d
59bf2a89
00842a01
00000000
8520170f
3f7ec1d3
c981405f
1488c2ee
000c001b
03020100
07060504
0b0a0908
0f0e0d0c
13121110
17161514
1b1a1918
1f1e1d1c
33323130
37363534
3b3a3938
00000000
23222120
27262524
2b2a2928
2f2e2d2c
33323130
37363534
003a3938
00000000
621c3ab8
70c605ad
0e22e9d6
46bed90d
6c8d3de4
6c58da06
0018d8ee
00000000
890a9da1
181d0567
98c1efcc
5db15167
000d001b
03020100
07060504
0b0a0908
0f0e0d0c
13121110
17161514
1b1a1918
1f1e1d1c
33323130
37363534
3b3a3938
0000003c
23222120
27262524
2b2a2928
2f2e2d2c
33323130
37363534
003a3938
00000000
a19b838c
ff194fb0
a2696ce2
0f35568f
860cd7f2
facfeb49
00292024
00000000
757f1216
d003ff00
0c6be898
be73e62e
000e001b
03020100
07060504
0b0a0908
0f0e0d0c
13121110
17161514
1b1a1918
1f1e1d1c
33323130
37363534
3b3a3938
00003d3c
23222120
27262524
2b2a2928
2f2e2d2c
33323130
37363534
003a3938
00000000
59988c01
cd3539dc
8438a3ea
eba7c859
f77dbe34
b695ae68
008f1233
00000000
55f99a8f
4de5f73b
86fa8228
fbcc1355
000f001b
03020100
07060504
0b0a0908
0f0e0d0c
13121110
17161514
1b1a1918
1f1e1d1c
33323130
37363534
3b3a3938
003e3d3c
23222120
27262524
2b2a2928
2f2e2d2c
33323130
37363534
003a3938
00000000
da19fd20
c45c1abc
d321a649
1360ac4d
97f543ef
fca400df
000f57c9
00000000
f14ceeab
a765453c
3f5f5681
29dac469
0010001b
03020100
07060504
0b0a0908
0f0e0d0c
13121110
17161514
1b1a1918
1f1e1d1c
33323130
37363534
3b3a3938
3f3e3d3c
00000000
00000000
00000000
00000000
23222120
27262524
2b2a2928
2f2e2d2c
33323130
37363534
003a3938
00000000
b2eb7363
9b7ce98b
f30c09ac
f13ec199
e5c5a64e
5c0ae319
004ff46e
00000000
2055bf5b
ece85470
6d2a9581
6ea27064
0011001b
03020100
07060504
0b0a0908
0f0e0d0c
13121110
17161514
1b1a1918
1f1e1d1c
33323130
37363534
3b3a3938
3f3e3d3c
00000040
00000000
00000000
00000000
23222120
27262524
2b2a2928
2f2e2d2c
33323130
37363534
003a3938
00000000
1bc777bf
c5f1e93d
27ef72b3
9be8083a
dc5a67e9
2f347757
00f31e1d
00000000
9107fffe
e6dcb910
013c2ae9
dc49f8cb
0012001b
03020100
07060504
0b0a0908
0f0e0d0c
13121110
17161514
1b1a1918
1f1e1d1c
33323130
37363534
3b3a3938
3f3e3d3c
00004140
00000000
00000000
00000000
23222120
27262524
2b2a2928
2f2e2d2c
33323130
37363534
003a3938
00000000
0a5fb0b3
9776c508
65b5a349
401dcb8b
d1aa759c
744956e8
00fc6cc6
00000000
20cebc36
0fa23f29
2c748d6c
86e2058d
0013001b
03020100
07060504
0b0a0908
0f0e0d0c
13121110
17161514
1b1a1918
1f1e1d1c
33323130
37363534
3b3a3938
3f3e3d3c
00424140
00000000
00000000
00000000
23222120
27262524
2b2a2928
2f2e2d2c
33323130
37363534
003a3938
00000000
36c167a9
07e089d3
c6fb42ba
a6557e74
c9fafc89
e3dde24e
00def696
00000000
31c570d1
b95fcec9
e9b20943
a7eb590c
0014001b
03020100
07060504
0b0a0908
0f0e0d0c
13121110
17161514
1b1a1918
1f1e1d1c
33323130
37363534
3b3a3938
3f3e3d3c
43424140
00000000
00000000
00000000
23222120
27262524
2b2a2928
2f2e2d2c
33323130
37363534
003a3938
00000000
3bdefdd7
8abbe1e4
d30b5771
9659c446
1e9ffc89
1e2cdb68
0037d56a
00000000
c1198020
1590cf66
85f89466
1fc9f377
0015001b
03020100
07060504
0b0a0908
0f0e0d0c
13121110
17161514
1b1a1918
1f1e1d1c
33323130
37363534
3b3a3938
3f3e3d3c
43424140
00000044
00000000
00000000
23222120
27262524
2b2a2928
2f2e2d2c
33323130
37363534
003a3938
00000000
9f1d26cc
2e84b88f
102be282
70cd9667
2b42238b
53e518e0
00b95e3c
00000000
ffbb31fb
72eac394
40b6fd82
e4554067
0016001b
03020100
07060504
0b0a0908
0f0e0d0c
13121110
17161514
1b1a1918
1f1e1d1c
33323130
37363534
3b3a3938
3f3e3d3c
43424140
00004544
00000000
00000000
23222120
27262524
2b2a2928
2f2e2d2c
33323130
37363534
003a3938
00000000
36aba396
6674575e
5c2f5625
0941c5e7
afab0ebf
74020d4a
00df28f5
00000000
9176138c
a7a3071a
c7f0fde0
100cffa7
0017001b
03020100
07060504
0b0a0908
0f0e0d0c
13121110
17161514
1b1a1918
1f1e1d1c
33323130
37363534
3b3a3938
3f3e3d3c
43424140
00464544
00000000
00000000
23222120
27262524
2b2a2928
2f2e2d2c
33323130
37363534
003a3938
00000000
2e591478
b715e4ea
97eb505c
54a59bf5
c8a77d4f
7ad0ee2f
00074b82
00000000
496847ab
b3dfbaf1
90922b7b
279127a0
0018001b
03020100
07060504
0b0a0908
0f0e0d0c
13121110
17161514
1b1a1918
1f1e1d1c
33323130
37363534
3b3a3938
3f3e3d3c
43424140
47464544
00000000
00000000
23222120
27262524
2b2a2928
2f2e2d2c
33323130
37363534
003a3938
00000000
d5f9299d
7094df2a
e0bc4caf
c71a48a4
29b3b1fc
92984676
0091bcd5
00000000
f4e33cfd
5936bca8
2ede09ac
5d887d02
0019001b
03020100
07060504
0b0a0908
0f0e0d0c
13121110
17161514
1b1a1918
1f1e1d1c
33323130
37363534
3b3a3938
3f3e3d3c
43424140
47464544
00000048
00000000
23222120
27262524
2b2a2928
2f2e2d2c
33323130
37363534
003a3938
00000000
e513cb16
e2413585
24386bf3
eeac6603
1db2e048
7324348a
0062cd9f
00000000
25e17f8d
101f10fe
5bf75365
8f927223
001a001b
03020100
07060504
0b0a0908
0f0e0d0c
13121110
17161514
1b1a1918
1f1e1d1c
33323130
37363534
3b3a3938
3f3e3d3c
43424140
47464544
00004948
00000000
23222120
27262524
2b2a2928
2f2e2d2c
33323130
37363534
003a3938
00000000
0df72ea9
aa0feff2
971fa274
2389fb39
9a2ff67d
b880402b
006d0450
00000000
283f9eb5
d79d1f59
d0a45ef9
0bf219f8
001b001b
03020100
07060504
0b0a0908
0f0e0d0c
13121110
17161514
1b1a1918
1f1e1d1c
33323130
37363534
3b3a3938
3f3e3d3c
43424140
47464544
004a4948
00000000
23222120
27262524
2b2a2928
2f2e2d2c
33323130
37363534
003a3938
00000000
6bbbc1e4
124f261b
b5abc2ee
bb1a7642
6f28d8c0
04cb90b9
0007c10d
00000000
b24cd3ad
49fbceb4
62aeeab2
dfa60157
001c001b
03020100
07060504
0b0a0908
0f0e0d0c
13121110
17161514
1b1a1918
1f1e1d1c
33323130
37363534
3b3a3938
3f3e3d3c
43424140
47464544
4b4a4948
00000000
23222120
27262524
2b2a2928
2f2e2d2c
33323130
37363534
003a3938
00000000
e16f4752
e719814a
c49636ce
8f203089
7da7ae3d
c92d1467
007ceb7e
00000000
50b559cc
9047511d
7a419f15
b609f0bb
001d001b
03020100
07060504
0b0a0908
0f0e0d0c
13121110
17161514
1b1a1918
1f1e1d1c
33323130
37363534
3b3a3938
3f3e3d3c
43424140
47464544
4b4a4948
0000004c
23222120
27262524
2b2a2928
2f2e2d2c
33323130
37363534
003a3938
00000000
b60c2f43
e45fe772
564bf912
2e4c0acb
84fcf342
9ad6ad96
008c3fbc
00000000
c89515df
87edeef8
c983afbe
21d6740d
001e001b
03020100
07060504
0b0a0908
0f0e0d0c
13121110
17161514
1b1a1918
1f1e1d1c
33323130
37363534
3b3a3938
3f3e3d3c
43424140
47464544
4b4a4948
00004d4c
23222120
27262524
2b2a2928
2f2e2d2c
33323130
37363534
003a3938
00000000
b0685956
5ef93d56
5f4e12a9
64bc0645
d67977f5
9e87db78
00d969ff
00000000
345a5eb4
01bd10f7
069099db
10f49440
001f001b
03020100
07060504
0b0a0908
0f0e0d0c
13121110
17161514
1b1a1918
1f1e1d1c
33323130
37363534
3b3a3938
3f3e3d3c
43424140
47464544
4b4a4948
004e4d4c
23222120
27262524
2b2a2928
2f2e2d2c
33323130
37363534
003a3938
00000000
5f2e394b
bb0c0ea6
b97d54ca
bd62326e
c0d68283
4fe208e6
00aa1a44
00000000
6c428282
058b9c46
a28d4503
98c020f7
0020001b
03020100
07060504
0b0a0908
0f0e0d0c
13121110
17161514
1b1a1918
1f1e1d1c
33323130
37363534
3b3a3938
3f3e3d3c
43424140
47464544
4b4a4948
4f4e4d4c
00000000
00000000
00000000
00000000
23222120
27262524
2b2a2928
2f2e2d2c
33323130
37363534
003a3938
00000000
46d034cb
bf6da660
66859cbe
aab8f501
b599a451
fbf7c85a
0033bcef
00000000
3a581784
48a731f2
ff66f553
967791ff
0000001c
03020100
07060504
0b0a0908
0f0e0d0c
13121110
17161514
1b1a1918
1f1e1d1c
23222120
27262524
2b2a2928
2f2e2d2c
33323130
37363534
3b3a3938
00000000
eedec3e8
eac56c24
3172e8e3
bba29738
3eaa8960
0703e815
1f2d0f97
00000000
a5ce18e4
b0143385
f2891f5f
0f77d629
0001001c
03020100
07060504
0b0a0908
0f0e0d0c
13121110
17161514
1b1a1918
1f1e1d1c
00000030
00000000
00000000
00000000
23222120
27262524
2b2a2928
2f2e2d2c
33323130
37363534
3b3a3938
00000000
8a7d1096
9a52a729
c7bd4179
c6e31fdf
360321c7
b91e5bab
7c06fc4c
00000000
27adb7e7
36f3b22e
0fefef45
fa764dc6
0002001c
03020100
07060504
0b0a0908
0f0e0d0c
13121110
17161514
1b1a1918
1f1e1d1c
00003130
00000000
00000000
00000000
23222120
27262524
2b2a2928
2f2e2d2c
33323130
37363534
3b3a3938
00000000
adeffc30
f15d2728
c0101ea3
bac79557
283652c7
c0dbc857
4bd11ace
00000000
6287df38
22421072
5c93a5e6
ca049e70
0003001c
03020100
07060504
0b0a0908
0f0e0d0c
13121110
17161514
1b1a1918
1f1e1d1c
00323130
00000000
00000000
00000000
23222120
27262524
2b2a2928
2f2e2d2c
33323130
37363534
3b3a3938
00000000
2bd5d066
dcc601f4
dad40a1c
c4941dcd
5630f1f3
97179bb0
7eee27a1
00000000
52cace99
f7661038
5635f3c4
6dbb0daf
0004001c
03020100
07060504
0b0a0908
0f0e0d0c
13121110
17161514
1b1a1918
1f1e1d1c
33323130
00000000
00000000
00000000
23222120
27262524
2b2a2928
2f2e2d2c
33323130
37363534
3b3a3938
00000000
fc3753cf
5dc40eb7
3f0c9e17
ac25bb51
94507a96
73af2f15
e636d882
00000000
e1051f79
aedbff65
19fb5617
ee45cf4f
0005001c
03020100
07060504
0b0a0908
0f0e0d0c
13121110
17161514
1b1a1918
1f1e1d1c
33323130
00000034
00000000
00000000
23222120
27262524
2b2a2928
2f2e2d2c
33323130
37363534
3b3a3938
00000000
8c657630
bbf38bba
2faacc6d
2eee5512
fac1b67d
5f1e1d9b
a40f599e
00000000
eef5eb05
6012fee3
a23183ce
56dc5782
0006001c
03020100
07060504
0b0a0908
0f0e0d0c
13121110
17161514
1b1a1918
1f1e1d1c
33323130
00003534
00000000
00000000
23222120
27262524
2b2a2928
2f2e2d2c
33323130
37363534
3b3a3938
00000000
ddc61093
3ebc9c8e
bf0e6c40
4312a3be
4a892c5f
908a976e
c6bcb1fd
00000000
2697dfa6
dbde8e09
4dba1140
4ce5e52d
0007001c
03020100
07060504
0b0a0908
0f0e0d0c
13121110
17161514
1b1a1918
1f1e1d1c
33323130
00363534
00000000
00000000
23222120
27262524
2b2a2928
2f2e2d2c
33323130
37363534
3b3a3938
00000000
d44b026e
eb86f303
f4561c9d
dedccf59
62642f1b
76587ff2
0b691564
00000000
cd8b256a
9e1f929c
dc64efe1
39f4259c
0008001c
03020100
07060504
0b0a0908
0f0e0d0c
13121110
17161514
1b1a1918
1f1e1d1c
33323130
37363534
00000000
00000000
23222120
27262524
2b2a2928
2f2e2d2c
33323130
37363534
3b3a3938
00000000
b12cbefa
32a6ebe7
0f08309a
72dce726
3c2e3d50
5b9f7cce
bdbbe4c5
00000000
4cfb0eab
a350ff59
311c7da5
f0f0c379
0009001c
03020100
07060504
0b0a0908
0f0e0d0c
13121110
17161514
1b1a1918
1f1e1d1c
33323130
37363534
00000038
00000000
23222120
27262524
2b2a2928
2f2e2d2c
33323130
37363534
3b3a3938
00000000
47d779bf
5bb06f6d
79a09188
92198abe
31fe3fb6
aac72d06
6f5154e2
00000000
c4a3cd0e
302c7bfc
e5684148
8e5876fe
000a001c
03020100
07060504
0b0a0908
0f0e0d0c
13121110
17161514
1b1a1918
1f1e1d1c
33323130
37363534
00003938
00000000
23222120
27262524
2b2a2928
2f2e2d2c
33323130
37363534
3b3a3938
00000000
96290412
53b442da
bc5f5a6e
26239b1d
936f01b3
be49ba92
1cbca63c
00000000
7ddb5b9f
4bcce0d7
2d533fd7
91ddc84a
000b001c
03020100
07060504
0b0a0908
0f0e0d0c
13121110
17161514
1b1a1918
1f1e1d1c
33323130
37363534
003a3938
00000000
23222120
27262524
2b2a2928
2f2e2d2c
33323130
37363534
3b3a3938
00000000
256ec316
eb93a8fb
c2307346
da340bc8
056bf83d
59bf2a89
5d842a01
00000000
721fd86e
80da7130
044dcd96
3340dfd5
000c001c
03020100
07060504
0b0a0908
0f0e0d0c
13121110
17161514
1b1a1918
1f1e1d1c
33323130
37363534
3b3a3938
00000000
23222120
27262524
2b2a2928
2f2e2d2c
33323130
37363534
3b3a3938
00000000
621c3ab8
70c605ad
0e22e9d6
46bed90d
6c8d3de4
6c58da06
f618d8ee
00000000
1e8a7ca9
a7d87d4d
8803af46
09cbd530
000d001c
03020100
07060504
0b0a0908
0f0e0d0c
13121110
17161514
1b1a1918
1f1e1d1c
33323130
37363534
3b3a3938
0000003c
23222120
27262524
2b2a2928
2f2e2d2c
33323130
37363534
3b3a3938
00000000
a19b838c
ff194fb0
a2696ce2
0f35568f
860cd7f2
facfeb49
bb292024
00000000
107b654b
fee8c382
53b62155
5805bbb5
000e001c
03020100
07060504
0b0a0908
0f0e0d0c
13121110
17161514
1b1a1918
1f1e1d1c
33323130
37363534
3b3a3938
00003d3c
23222120
27262524
2b2a2928
2f2e2d2c
33323130
37363534
3b3a3938
00000000
59988c01
cd3539dc
8438a3ea
eba7c859
f77dbe34
b695ae68
338f1233
00000000
ea8757f7
3837b219
df4f40b6
bdfb4cb5
000f001c
03020100
07060504
0b0a0908
0f0e0d0c
13121110
17161514
1b1a1918
1f1e1d1c
33323130
37363534
3b3a3938
003e3d3c
23222120
27262524
2b2a2928
2f2e2d2c
33323130
37363534
3b3a3938
00000000
da19fd20
c45c1abc
d321a649
1360ac4d
97f543ef
fca400df
4c0f57c9
00000000
6e95ebd3
a0ed4cac
cf5a1b19
e8948847
0010001c
03020100
07060504
0b0a0908
0f0e0d0c
13121110
17161514
1b1a1918
1f1e1d1c
33323130
37363534
3b3a3938
3f3e3d3c
00000000
00000000
00000000
00000000
23222120
27262524
2b2a2928
2f2e2d2c
33323130
37363534
3b3a3938
00000000
b2eb7363
9b7ce98b
f30c09ac
f13ec199
e5c5a64e
5c0ae319
7c4ff46e
00000000
28175483
232dd4d2
e106f14d
43d79672
0011001c
03020100
07060504
0b0a0908
0f0e0d0c
13121110
17161514
1b1a1918
1f1e1d1c
33323130
37363534
3b3a3938
3f3e3d3c
00000040
00000000
00000000
00000000
23222120
27262524
2b2a2928
2f2e2d2c
33323130
37363534
3b3a3938
00000000
1bc777bf
c5f1e93d
27ef72b3
9be8083a
dc5a67e9
2f347757
c5f31e1d
00000000
4c004adb
099bff38
53ea1817
65bb0493
0012001c
03020100
07060504
0b0a0908
0f0e0d0c
13121110
17161514
1b1a1918
1f1e1d1c
33323130
37363534
3b3a3938
3f3e3d3c
00004140
00000000
00000000
00000000
23222120
27262524
2b2a2928
2f2e2d2c
33323130
37363534
3b3a3938
00000000
0a5fb0b3
9776c508
65b5a349
401dcb8b
d1aa759c
744956e8
e4fc6cc6
00000000
903150b0
4ececea2
b8ba1143
118600ca
0013001c
03020100
07060504
0b0a0908
0f0e0d0c
13121110
17161514
1b1a1918
1f1e1d1c
33323130
37363534
3b3a3938
3f3e3d3c
00424140
00000000
00000000
00000000
23222120
27262524
2b2a2928
2f2e2d2c
33323130
37363534
3b3a3938
00000000
36c167a9
07e089d3
c6fb42ba
a6557e74
c9fafc89
e3dde24e
dbdef696
00000000
3afafdb6
8103bee0
9c6f4cd6
8432b020
0014001c
03020100
07060504
0b0a0908
0f0e0d0c
13121110
17161514
1b1a1918
1f1e1d1c
33323130
37363534
3b3a3938
3f3e3d3c
43424140
00000000
00000000
00000000
23222120
27262524
2b2a2928
2f2e2d2c
33323130
37363534
3b3a3938
00000000
3bdefdd7
8abbe1e4
d30b5771
9659c446
1e9ffc89
1e2cdb68
c237d56a
00000000
76817675
49dadac0
587ebbff
1c2f3738
0015001c
03020100
07060504
0b0a0908
0f0e0d0c
13121110
17161514
1b1a1918
1f1e1d1c
33323130
37363534
3b3a3938
3f3e3d3c
43424140
00000044
00000000
00000000
23222120
27262524
2b2a2928
2f2e2d2c
33323130
37363534
3b3a3938
00000000
9f1d26cc
2e84b88f
102be282
70cd9667
2b42238b
53e518e0
8eb95e3c
00000000
ec70f6b3
eae8e44e
9a413deb
78821da2
0016001c
03020100
07060504
0b0a0908
0f0e0d0c
13121110
17161514
1b1a1918
1f1e1d1c
33323130
37363534
3b3a3938
3f3e3d3c
43424140
00004544
00000000
00000000
23222120
27262524
2b2a2928
2f2e2d2c
33323130
37363534
3b3a3938
00000000
36aba396
6674575e
5c2f5625
0941c5e7
afab0ebf
74020d4a
c7df28f5
00000000
f7c6d5b1
83bcb724
2bc23110
d8bef5e6
0017001c
03020100
07060504
0b0a0908
0f0e0d0c
13121110
17161514
1b1a1918
1f1e1d1c
33323130
37363534
3b3a3938
3f3e3d3c
43424140
00464544
00000000
00000000
23222120
27262524
2b2a2928
2f2e2d2c
33323130
37363534
3b3a3938
00000000
2e591478
b715e4ea
97eb505c
54a59bf5
c8a77d4f
7ad0ee2f
6c074b82
00000000
239f09a6
7b01439a
9d27bd89
78b03775
0018001c
03020100
07060504
0b0a0908
0f0e0d0c
13121110
17161514
1b1a1918
1f1e1d1c
33323130
37363534
3b3a3938
3f3e3d3c
43424140
47464544
00000000
00000000
23222120
27262524
2b2a2928
2f2e2d2c
33323130
37363534
3b3a3938
00000000
d5f9299d
7094df2a
e0bc4caf
c71a48a4
29b3b1fc
92984676
8c91bcd5
00000000
33657041
9c6ea554
e6c2a7e3
1eb7bc57
0019001c
03020100
07060504
0b0a0908
0f0e0d0c
13121110
17161514
1b1a1918
1f1e1d1c
33323130
37363534
3b3a3938
3f3e3d3c
43424140
47464544
00000048
00000000
23222120
27262524
2b2a2928
2f2e2d2c
33323130
37363534
3b3a3938
00000000
e513cb16
e2413585
24386bf3
eeac6603
1db2e048
7324348a
ac62cd9f
00000000
6e760552
4abac744
c1da6356
cdd33fd9
001a001c
03020100
07060504
0b0a0908
0f0e0d0c
13121110
17161514
1b1a1918
1f1e1d1c
33323130
37363534
3b3a3938
3f3e3d3c
43424140
47464544
00004948
00000000
23222120
27262524
2b2a2928
2f2e2d2c
33323130
37363534
3b3a3938
00000000
0df72ea9
aa0feff2
971fa274
2389fb39
9a2ff67d
b880402b
dd6d0450
00000000
7bfea9b9
199f26c9
29fc82a7
9b592b49
001b001c
03020100
07060504
0b0a0908
0f0e0d0c
13121110
17161514
1b1a1918
1f1e1d1c
33323130
37363534
3b3a3938
3f3e3d3c
43424140
47464544
004a4948
00000000
23222120
27262524
2b2a2928
2f2e2d2c
33323130
37363534
3b3a3938
00000000
6bbbc1e4
124f261b
b5abc2ee
bb1a7642
6f28d8c0
04cb90b9
5907c10d
00000000
52e29e30
fb54af8d
f5586f1f
10bd27b2
001c001c
03020100
07060504
0b0a0908
0f0e0d0c
13121110
17161514
1b1a1918
1f1e1d1c
33323130
37363534
3b3a3938
3f3e3d3c
43424140
47464544
4b4a4948
00000000
23222120
27262524
2b2a2928
2f2e2d2c
33323130
37363534
3b3a3938
00000000
e16f4752
e719814a
c49636ce
8f203089
7da7ae3d
c92d1467
937ceb7e
00000000
b88cc9c3
6eb5688e
3155d993
648a2aae
001d001c
03020100
07060504
0b0a0908
0f0e0d0c
13121110
17161514
1b1a1918
1f1e1d1c
33323130
37363534
3b3a3938
3f3e3d3c
43424140
47464544
4b4a4948
0000004c
23222120
27262524
2b2a2928
2f2e2d2c
33323130
37363534
3b3a3938
00000000
b60c2f43
e45fe772
564bf912
2e4c0acb
84fcf342
9ad6ad96
488c3fbc
00000000
c0a25650
c70ec206
ad3afd76
67763391
001e001c
03020100
07060504
0b0a0908
0f0e0d0c
13121110
17161514
1b1a1918
1f1e1d1c
33323130
37363534
3b3a3938
3f3e3d3c
43424140
47464544
4b4a4948
00004d4c
23222120
27262524
2b2a2928
2f2e2d2c
33323130
37363534
3b3a3938
00000000
b0685956
5ef93d56
5f4e12a9
64bc0645
d67977f5
9e87db78
d7d969ff
00000000
3380ab6c
1d8588e8
1fade45a
cec053fb
001f001c
03020100
07060504
0b0a0908
0f0e0d0c
13121110
17161514
1b1a1918
1f1e1d1c
33323130
37363534
3b3a3938
3f3e3d3c
43424140
47464544
4b4a4948
004e4d4c
23222120
27262524
2b2a2928
2f2e2d2c
33323130
37363534
3b3a3938
00000000
5f2e394b
bb0c0ea6
b97d54ca
bd62326e
c0d68283
4fe208e6
fcaa1a44
00000000
8e53748c
24a019b4
72b4f66c
c4e1ec1b
0020001c
03020100
07060504
0b0a0908
0f0e0d0c
13121110
17161514
1b1a1918
1f1e1d1c
33323130
37363534
3b3a3938
3f3e3d3c
43424140
47464544
4b4a4948
4f4e4d4c
00000000
00000000
00000000
00000000
23222120
27262524
2b2a2928
2f2e2d2c
33323130
37363534
3b3a3938
00000000
46d034cb
bf6da660
66859cbe
aab8f501
b599a451
fbf7c85a
1a33bcef
00000000
f9ee7f12
bbf73347
ca482ba0
69d6e1f4
0000001d
03020100
07060504
0b0a0908
0f0e0d0c
13121110
17161514
1b1a1918
1f1e1d1c
23222120
27262524
2b2a2928
2f2e2d2c
33323130
37363534
3b3a3938
0000003c
eedec3e8
eac56c24
3172e8e3
bba29738
3eaa8960
0703e815
1f2d0f97
00000000
80033dac
a738cb76
23282a78
66ab3a82
0001001d
03020100
07060504
0b0a0908
0f0e0d0c
13121110
17161514
1b1a1918
1f1e1d1c
00000030
00000000
00000000
00000000
23222120
27262524
2b2a2928
2f2e2d2c
33323130
37363534
3b3a3938
0000003c
8a7d1096
9a52a729
c7bd4179
c6e31fdf
360321c7
b91e5bab
7c06fc4c
000000e2
f3625bb0
9e13b1b7
b23a06c2
adef825e
0002001d
03020100
07060504
0b0a0908
0f0e0d0c
13121110
17161514
1b1a1918
1f1e1d1c
00003130
00000000
00000000
00000000
23222120
27262524
2b2a2928
2f2e2d2c
33323130
37363534
3b3a3938
0000003c
adeffc30
f15d2728
c0101ea3
bac79557
283652c7
c0dbc857
4bd11ace
00000017
4bb65afc
cb690e3f
dc35e56e
284725f9
0003001d
03020100
07060504
0b0a0908
0f0e0d0c
13121110
17161514
1b1a1918
1f1e1d1c
00323130
00000000
00000000
00000000
23222120
27262524
2b2a2928
2f2e2d2c
33323130
37363534
3b3a3938
0000003c
2bd5d066
dcc601f4
dad40a1c
c4941dcd
5630f1f3
97179bb0
7eee27a1
000000bd
27dae90f
c63bc103
6b4fcaf6
b4bbe663
0004001d
03020100
07060504
0b0a0908
0f0e0d0c
13121110
17161514
1b1a1918
1f1e1d1c
33323130
00000000
00000000
00000000
23222120
27262524
2b2a2928
2f2e2d2c
33323130
37363534
3b3a3938
0000003c
fc3753cf
5dc40eb7
3f0c9e17
ac25bb51
94507a96
73af2f15
e636d882
000000d5
ce57cd15
a084ab53
f64dd93b
a1177adf
0005001d
03020100
07060504
0b0a0908
0f0e0d0c
13121110
17161514
1b1a1918
1f1e1d1c
33323130
00000034
00000000
00000000
23222120
27262524
2b2a2928
2f2e2d2c
33323130
37363534
3b3a3938
0000003c
8c657630
bbf38bba
2faacc6d
2eee5512
fac1b67d
5f1e1d9b
a40f599e
000000d5
552f995d
afe30f34
5d63e60d
9b8b86dd
0006001d
03020100
07060504
0b0a0908
0f0e0d0c
13121110
17161514
1b1a1918
1f1e1d1c
33323130
00003534
00000000
00000000
23222120
27262524
2b2a2928
2f2e2d2c
33323130
37363534
3b3a3938
0000003c
ddc61093
3ebc9c8e
bf0e6c40
4312a3be
4a892c5f
908a976e
c6bcb1fd
00000080
a5675655
1e0ccde9
027e570f
cecb8c18
0007001d
03020100
07060504
0b0a0908
0f0e0d0c
13121110
17161514
1b1a1918
1f1e1d1c
33323130
00363534
00000000
00000000
23222120
27262524
2b2a2928
2f2e2d2c
33323130
37363534
3b3a3938
0000003c
d44b026e
eb86f303
f4561c9d
dedccf59
62642f1b
76587ff2
0b691564
000000ce
bf6ed3db
0d7436a3
d7caad51
a7ccd8fa
0008001d
03020100
07060504
0b0a0908
0f0e0d0c
13121110
17161514
1b1a1918
1f1e1d1c
33323130
37363534
00000000
00000000
23222120
27262524
2b2a2928
2f2e2d2c
33323130
37363534
3b3a3938
0000003c
b12cbefa
32a6ebe7
0f08309a
72dce726
3c2e3d50
5b9f7cce
bdbbe4c5
0000002d
24ae4b40
41b8050a
c9bd5897
e39da8cb
0009001d
03020100
07060504
0b0a0908
0f0e0d0c
13121110
17161514
1b1a1918
1f1e1d1c
33323130
37363534
00000038
00000000
23222120
27262524
2b2a2928
2f2e2d2c
33323130
37363534
3b3a3938
0000003c
47d779bf
5bb06f6d
79a09188
92198abe
31fe3fb6
aac72d06
6f5154e2
00000008
6f864596
479b60f8
5e06f0dc
8d7dbc18
000a001d
03020100
07060504
0b0a0908
0f0e0d0c
13121110
17161514
1b1a1918
1f1e1d1c
33323130
37363534
00003938
00000000
23222120
27262524
2b2a2928
2f2e2d2c
33323130
37363534
3b3a3938
0000003c
96290412
53b442da
bc5f5a6e
26239b1d
936f01b3
be49ba92
1cbca63c
00000086
479bd766
b5a49b8e
e932437e
bc7da1b0
000b001d
03020100
07060504
0b0a0908
0f0e0d0c
13121110
17161514
1b1a1918
1f1e1d1c
33323130
37363534
003a3938
00000000
23222120
27262524
2b2a2928
2f2e2d2c
33323130
37363534
3b3a3938
0000003c
256ec316
eb93a8fb
c2307346
da340bc8
056bf83d
59bf2a89
5d842a01
0000007d
fa8e4c15
7387b0d6
ea1b4ad8
f534e161
000c001d
03020100
07060504
0b0a0908
0f0e0d0c
13121110
17161514
1b1a1918
1f1e1d1c
33323130
37363534
3b3a3938
00000000
23222120
27262524
2b2a2928
2f2e2d2c
33323130
37363534
3b3a3938
0000003c
621c3ab8
70c605ad
0e22e9d6
46bed90d
6c8d3de4
6c58da06
f618d8ee
00000079
44a0dea6
9fab0fdb
5a52fa3b
591db9c6
000d001d
03020100
07060504
0b0a0908
0f0e0d0c
13121110
17161514
1b1a1918
1f1e1d1c
33323130
37363534
3b3a3938
0000003c
23222120
27262524
2b2a2928
2f2e2d2c
33323130
37363534
3b3a3938
0000003c
a19b838c
ff194fb0
a2696ce2
0f35568f
860cd7f2
facfeb49
bb292024
0000009c
0fc70864
304de3dc
1e5bbf3b
70e85bdb
000e001d
03020100
07060504
0b0a0908
0f0e0d0c
13121110
17161514
1b1a1918
1f1e1d1c
33323130
37363534
3b3a3938
00003d3c
23222120
27262524
2b2a2928
2f2e2d2c
33323130
37363534
3b3a3938
0000003c
59988c01
cd3539dc
8438a3ea
eba7c859
f77dbe34
b695ae68
338f1233
0000002f
b955267d
01e24297
2b907669
1b26b2fb
000f001d
03020100
07060504
0b0a0908
0f0e0d0c
13121110
17161514
1b1a1918
1f1e1d1c
33323130
37363534
3b3a3938
003e3d3c
23222120
27262524
2b2a2928
2f2e2d2c
33323130
37363534
3b3a3938
0000003c
da19fd20
c45c1abc
d321a649
1360ac4d
97f543ef
fca400df
4c0f57c9
00000064
767adc34
dc90f9fd
40f1b0c2
4d758951
0010001d
03020100
07060504
0b0a0908
0f0e0d0c
13121110
17161514
1b1a1918
1f1e1d1c
33323130
37363534
3b3a3938
3f3e3d3c
00000000
00000000
00000000
00000000
23222120
27262524
2b2a2928
2f2e2d2c
33323130
37363534
3b3a3938
0000003c
b2eb7363
9b7ce98b
f30c09ac
f13ec199
e5c5a64e
5c0ae319
7c4ff46e
000000ea
15670c83
8ea3e436
2ec88b51
37b7a3e4
0011001d
03020100
07060504
0b0a0908
0f0e0d0c
13121110
17161514
1b1a1918
1f1e1d1c
33323130
37363534
3b3a3938
3f3e3d3c
00000040
00000000
00000000
00000000
23222120
27262524
2b2a2928
2f2e2d2c
33323130
37363534
3b3a3938
0000003c
1bc777bf
c5f1e93d
27ef72b3
9be8083a
dc5a67e9
2f347757
c5f31e1d
000000d4
7a7ed8f0
ad08db8e
aa569be9
87842158
0012001d
03020100
07060504
0b0a0908
0f0e0d0c
13121110
17161514
1b1a1918
1f1e1d1c
33323130
37363534
3b3a3938
3f3e3d3c
00004140
00000000
00000000
00000000
23222120
27262524
2b2a2928
2f2e2d2c
33323130
37363534
3b3a3938
0000003c
0a5fb0b3
9776c508
65b5a349
401dcb8b
d1aa759c
744956e8
e4fc6cc6
000000d9
24be5381
ccb1f926
f8fb5fee
87172b18
0013001d
03020100
07060504
0b0a0908
0f0e0d0c
13121110
17161514
1b1a1918
1f1e1d1c
33323130
37363534
3b3a3938
3f3e3d3c
00424140
00000000
00000000
00000000
23222120
27262524
2b2a2928
2f2e2d2c
33323130
37363534
3b3a3938
0000003c
36c167a9
07e089d3
c6fb42ba
a6557e74
c9fafc89
e3dde24e
dbdef696
0000002e
8a3724be
8180138a
e7efb642
a00302ec
0014001d
03020100
07060504
0b0a0908
0f0e0d0c
13121110
17161514
1b1a1918
1f1e1d1c
33323130
37363534
3b3a3938
3f3e3d3c
43424140
00000000
00000000
00000000
23222120
27262524
2b2a2928
2f2e2d2c
33323130
37363534
3b3a3938
0000003c
3bdefdd7
8abbe1e4
d30b5771
9659c446
1e9ffc89
1e2cdb68
c237d56a
000000db
c4c0e495
1891f20d
1bc31652
659ead1d
0015001d
03020100
07060504
0b0a0908
0f0e0d0c
13121110
17161514
1b1a1918
1f1e1d1c
33323130
37363534
3b3a3938
3f3e3d3c
43424140
00000044
00000000
00000000
23222120
27262524
2b2a2928
2f2e2d2c
33323130
37363534
3b3a3938
0000003c
9f1d26cc
2e84b88f
102be282
70cd9667
2b42238b
53e518e0
8eb95e3c
0000002e
5f0d39fa
7464ec53
acbe37cc
34f33ee3
0016001d
03020100
07060504
0b0a0908
0f0e0d0c
13121110
17161514
1b1a1918
1f1e1d1c
33323130
37363534
3b3a3938
3f3e3d3c
43424140
00004544
00000000
00000000
23222120
27262524
2b2a2928
2f2e2d2c
33323130
37363534
3b3a3938
0000003c
36aba396
6674575e
5c2f5625
0941c5e7
afab0ebf
74020d4a
c7df28f5
000000c6
40526c54
acda5a82
8187fdb7
fc221fbe
0017001d
03020100
07060504
0b0a0908
0f0e0d0c
13121110
17161514
1b1a1918
1f1e1d1c
33323130
37363534
3b3a3938
3f3e3d3c
43424140
00464544
00000000
00000000
23222120
27262524
2b2a2928
2f2e2d2c
33323130
37363534
3b3a3938
0000003c
2e591478
b715e4ea
97eb505c
54a59bf5
c8a77d4f
7ad0ee2f
6c074b82
000000ce
f7329084
99af7ada
205b68a6
3e4f97d4
0018001d
03020100
07060504
0b0a0908
0f0e0d0c
13121110
17161514
1b1a1918
1f1e1d1c
33323130
37363534
3b3a3938
3f3e3d3c
43424140
47464544
00000000
00000000
23222120
27262524
2b2a2928
2f2e2d2c
33323130
37363534
3b3a3938
0000003c
d5f9299d
7094df2a
e0bc4caf
c71a48a4
29b3b1fc
92984676
8c91bcd5
000000ac
93fa7d7a
4d094741
81bf715b
4c94d121
0019001d
03020100
07060504
0b0a0908
0f0e0d0c
13121110
17161514
1b1a1918
1f1e1d1c
33323130
37363534
3b3a3938
3f3e3d3c
43424140
47464544
00000048
00000000
23222120
27262524
2b2a2928
2f2e2d2c
33323130
37363534
3b3a3938
0000003c
e513cb16
e2413585
24386bf3
eeac6603
1db2e048
7324348a
ac62cd9f
0000002d
06291d62
1fcfa01d
47058089
a9cec625
001a001d
03020100
07060504
0b0a0908
0f0e0d0c
13121110
17161514
1b1a1918
1f1e1d1c
33323130
37363534
3b3a3938
3f3e3d3c
43424140
47464544
00004948
00000000
23222120
27262524
2b2a2928
2f2e2d2c
33323130
37363534
3b3a3938
0000003c
0df72ea9
aa0feff2
971fa274
2389fb39
9a2ff67d
b880402b
dd6d0450
00000038
6ce1c4a2
1a695ab1
3bdc7fd6
c599f2d7
001b001d
03020100
07060504
0b0a0908
0f0e0d0c
13121110
17161514
1b1a1918
1f1e1d1c
33323130
37363534
3b3a3938
3f3e3d3c
43424140
47464544
004a4948
00000000
23222120
27262524
2b2a2928
2f2e2d2c
33323130
37363534
3b3a3938
0000003c
6bbbc1e4
124f261b
b5abc2ee
bb1a7642
6f28d8c0
04cb90b9
5907c10d
0000005c
474b4fc2
a8eee06e
3255c883
f4c7c516
001c001d
03020100
07060504
0b0a0908
0f0e0d0c
13121110
17161514
1b1a1918
1f1e1d1c
33323130
37363534
3b3a3938
3f3e3d3c
43424140
47464544
4b4a4948
00000000
23222120
27262524
2b2a2928
2f2e2d2c
33323130
37363534
3b3a3938
0000003c
e16f4752
e719814a
c49636ce
8f203089
7da7ae3d
c92d1467
937ceb7e
00000041
318295d6
4110a108
9f6b539f
bb482e73
001d001d
03020100
07060504
0b0a0908
0f0e0d0c
13121110
17161514
1b1a1918
1f1e1d1c
33323130
37363534
3b3a3938
3f3e3d3c
43424140
47464544
4b4a4948
0000004c
23222120
27262524
2b2a2928
2f2e2d2c
33323130
37363534
3b3a3938
0000003c
b60c2f43
e45fe772
564bf912
2e4c0acb
84fcf342
9ad6ad96
488c3fbc
000000c1
8f9a1faa
e088ead3
12db44cc
3b1dda19
001e001d
03020100
07060504
0b0a0908
0f0e0d0c
13121110
17161514
1b1a1918
1f1e1d1c
33323130
37363534
3b3a3938
3f3e3d3c
43424140
47464544
4b4a4948
00004d4c
23222120
27262524
2b2a2928
2f2e2d2c
33323130
37363534
3b3a3938
0000003c
b0685956
5ef93d56
5f4e12a9
64bc0645
d67977f5
9e87db78
d7d969ff
0000003f
17ce98f6
6b6f6319
9e28a0eb
4e7c460b
001f001d
03020100
07060504
0b0a0908
0f0e0d0c
13121110
17161514
1b1a1918
1f1e1d1c
33323130
37363534
3b3a3938
3f3e3d3c
43424140
47464544
4b4a4948
004e4d4c
23222120
27262524
2b2a2928
2f2e2d2c
33323130
37363534
3b3a3938
0000003c
5f2e394b
bb0c0ea6
b97d54ca
bd62326e
c0d68283
4fe208e6
fcaa1a44
00000047
7cb1248b
7e1db6ab
1f0393dc
2f25b583
0020001d
03020100
07060504
0b0a0908
0f0e0d0c
13121110
17161514
1b1a1918
1f1e1d1c
33323130
37363534
3b3a3938
3f3e3d3c
43424140
47464544
4b4a4948
4f4e4d4c
00000000
00000000
00000000
00000000
23222120
27262524
2b2a2928
2f2e2d2c
33323130
37363534
3b3a3938
0000003c
46d034cb
bf6da660
66859cbe
aab8f501
b599a451
fbf7c85a
1a33bcef
00000061
3c59e8a2
e18f6212
1f16efab
4a102a39
0000001e
03020100
07060504
0b0a0908
0f0e0d0c
13121110
17161514
1b1a1918
1f1e1d1c
23222120
27262524
2b2a2928
2f2e2d2c
33323130
37363534
3b3a3938
00003d3c
eedec3e8
eac56c24
3172e8e3
bba29738
3eaa8960
0703e815
1f2d0f97
00006600
b9a21efa
b9d15d2a
b4dec9d1
a0abeacb
0001001e
03020100
07060504
0b0a0908
0f0e0d0c
13121110
17161514
1b1a1918
1f1e1d1c
00000030
00000000
00000000
00000000
23222120
27262524
2b2a2928
2f2e2d2c
33323130
37363534
3b3a3938
00003d3c
8a7d1096
9a52a729
c7bd4179
c6e31fdf
360321c7
b91e5bab
7c06fc4c
000024e2
f2b52d7a
085d4eef
94871e27
cfd6cfff
0002001e
03020100
07060504
0b0a0908
0f0e0d0c
13121110
17161514
1b1a1918
1f1e1d1c
00003130
00000000
00000000
00000000
23222120
27262524
2b2a2928
2f2e2d2c
33323130
37363534
3b3a3938
00003d3c
adeffc30
f15d2728
c0101ea3
bac79557
283652c7
c0dbc857
4bd11ace
0000e717
c7b44cce
4aa96d99
63ce83a6
ac35c935
0003001e
03020100
07060504
0b0a0908
0f0e0d0c
13121110
17161514
1b1a1918
1f1e1d1c
00323130
00000000
00000000
00000000
23222120
27262524
2b2a2928
2f2e2d2c
33323130
37363534
3b3a3938
00003d3c
2bd5d066
dcc601f4
dad40a1c
c4941dcd
5630f1f3
97179bb0
7eee27a1
000004bd
5eaba1ef
0d81de9f
18117e00
72c7975a
0004001e
03020100
07060504
0b0a0908
0f0e0d0c
13121110
17161514
1b1a1918
1f1e1d1c
33323130
00000000
00000000
00000000
23222120
27262524
2b2a2928
2f2e2d2c
33323130
37363534
3b3a3938
00003d3c
fc3753cf
5dc40eb7
3f0c9e17
ac25bb51
94507a96
73af2f15
e636d882
0000ded5
0acb397b
c14a0370
b106435f
b21e8052
0005001e
03020100
07060504
0b0a0908
0f0e0d0c
13121110
17161514
1b1a1918
1f1e1d1c
33323130
00000034
00000000
00000000
23222120
27262524
2b2a2928
2f2e2d2c
33323130
37363534
3b3a3938
00003d3c
8c657630
bbf38bba
2faacc6d
2eee5512
fac1b67d
5f1e1d9b
a40f599e
0000bbd5
a949c9bd
e7be7a92
2f0372db
38f5be90
0006001e
03020100
07060504
0b0a0908
0f0e0d0c
13121110
17161514
1b1a1918
1f1e1d1c
33323130
00003534
00000000
00000000
23222120
27262524
2b2a2928
2f2e2d2c
33323130
37363534
3b3a3938
00003d3c
ddc61093
3ebc9c8e
bf0e6c40
4312a3be
4a892c5f
908a976e
c6bcb1fd
00002080
ff2e1601
0765eead
7f2ea999
fb5aaf34
0007001e
03020100
07060504
0b0a0908
0f0e0d0c
13121110
17161514
1b1a1918
1f1e1d1c
33323130
00363534
00000000
00000000
23222120
27262524
2b2a2928
2f2e2d2c
33323130
37363534
3b3a3938
00003d3c
d44b026e
eb86f303
f4561c9d
dedccf59
62642f1b
76587ff2
0b691564
0000ffce
b6d08cc2
162daf4f
4d6f5e3b
b35f1aff
0008001e
03020100
07060504
0b0a0908
0f0e0d0c
13121110
17161514
1b1a1918
1f1e1d1c
33323130
37363534
00000000
00000000
23222120
27262524
2b2a2928
2f2e2d2c
33323130
37363534
3b3a3938
00003d3c
b12cbefa
32a6ebe7
0f08309a
72dce726
3c2e3d50
5b9f7cce
bdbbe4c5
0000282d
6f1547f0
baef49a8
a997a743
bc537c78
0009001e
03020100
07060504
0b0a0908
0f0e0d0c
13121110
17161514
1b1a1918
1f1e1d1c
33323130
37363534
00000038
00000000
23222120
27262524
2b2a2928
2f2e2d2c
33323130
37363534
3b3a3938
00003d3c
47d779bf
5bb06f6d
79a09188
92198abe
31fe3fb6
aac72d06
6f5154e2
00006008
6c9495a8
540170dd
430fbc4d
52f53d0a
000a001e
03020100
07060504
0b0a0908
0f0e0d0c
13121110
17161514
1b1a1918
1f1e1d1c
33323130
37363534
00003938
00000000
23222120
27262524
2b2a2928
2f2e2d2c
33323130
37363534
3b3a3938
00003d3c
96290412
53b442da
bc5f5a6e
26239b1d
936f01b3
be49ba92
1cbca63c
00005086
80b5980e
0ab4b55d
5e44bc89
692cc76e
000b001e
03020100
07060504
0b0a0908
0f0e0d0c
13121110
17161514
1b1a1918
1f1e1d1c
33323130
37363534
003a3938
00000000
23222120
27262524
2b2a2928
2f2e2d2c
33323130
37363534
3b3a3938
00003d3c
256ec316
eb93a8fb
c2307346
da340bc8
056bf83d
59bf2a89
5d842a01
0000aa7d
094bb98a
cfe52c37
cc482179
2aaec99b
000c001e
03020100
07060504
0b0a0908
0f0e0d0c
13121110
17161514
1b1a1918
1f1e1d1c
33323130
37363534
3b3a3938
00000000
23222120
27262524
2b2a2928
2f2e2d2c
33323130
37363534
3b3a3938
00003d3c
621c3ab8
70c605ad
0e22e9d6
46bed90d
6c8d3de4
6c58da06
f618d8ee
00007d79
35601a40
de21b767
c27ce538
81e81460
000d001e
03020100
07060504
0b0a0908
0f0e0d0c
13121110
17161514
1b1a1918
1f1e1d1c
33323130
37363534
3b3a3938
0000003c
23222120
27262524
2b2a2928
2f2e2d2c
33323130
37363534
3b3a3938
00003d3c
a19b838c
ff194fb0
a2696ce2
0f35568f
860cd7f2
facfeb49
bb292024
00000f9c
38464514
60a3ae7a
2a83e026
f1bbcd56
000e001e
03020100
07060504
0b0a0908
0f0e0d0c
13121110
17161514
1b1a1918
1f1e1d1c
33323130
37363534
3b3a3938
00003d3c
23222120
27262524
2b2a2928
2f2e2d2c
33323130
37363534
3b3a3938
00003d3c
59988c01
cd3539dc
8438a3ea
eba7c859
f77dbe34
b695ae68
338f1233
0000fc2f
f3c520fc
0dd50515
5d50a253
9e35c1ea
000f001e
03020100
07060504
0b0a0908
0f0e0d0c
13121110
17161514
1b1a1918
1f1e1d1c
33323130
37363534
3b3a3938
003e3d3c
23222120
27262524
2b2a2928
2f2e2d2c
33323130
37363534
3b3a3938
00003d3c
da19fd20
c45c1abc
d321a649
1360ac4d
97f543ef
fca400df
4c0f57c9
0000c464
10f61ba2
05e6b816
9c2c8cb5
be7b5e06
0010001e
03020100
07060504
0b0a0908
0f0e0d0c
13121110
17161514
1b1a1918
1f1e1d1c
33323130
37363534
3b3a3938
3f3e3d3c
00000000
00000000
00000000
00000000
23222120
27262524
2b2a2928
2f2e2d2c
33323130
37363534
3b3a3938
00003d3c
b2eb7363
9b7ce98b
f30c09ac
f13ec199
e5c5a64e
5c0ae319
7c4ff46e
000088ea
20c6f7c4
976c54ad
53317809
9b2eb27a
0011001e
03020100
07060504
0b0a0908
0f0e0d0c
13121110
17161514
1b1a1918
1f1e1d1c
33323130
37363534
3b3a3938
3f3e3d3c
00000040
00000000
00000000
00000000
23222120
27262524
2b2a2928
2f2e2d2c
33323130
37363534
3b3a3938
00003d3c
1bc777bf
c5f1e93d
27ef72b3
9be8083a
dc5a67e9
2f347757
c5f31e1d
0000bfd4
4b22285a
c0fc2192
2aa76110
dd44dbc3
0012001e
03020100
07060504
0b0a0908
0f0e0d0c
13121110
17161514
1b1a1918
1f1e1d1c
33323130
37363534
3b3a3938
3f3e3d3c
00004140
00000000
00000000
00000000
23222120
27262524
2b2a2928
2f2e2d2c
33323130
37363534
3b3a3938
00003d3c
0a5fb0b3
9776c508
65b5a349
401dcb8b
d1aa759c
744956e8
e4fc6cc6
0000fbd9
a302d2ae
4c2b69ed
a16aef5a
9465e372
0013001e
03020100
07060504
0b0a0908
0f0e0d0c
13121110
17161514
1b1a1918
1f1e1d1c
33323130
37363534
3b3a3938
3f3e3d3c
00424140
00000000
00000000
00000000
23222120
27262524
2b2a2928
2f2e2d2c
33323130
37363534
3b3a3938
00003d3c
36c167a9
07e089d3
c6fb42ba
a6557e74
c9fafc89
e3dde24e
dbdef696
00005f2e
aade634b
ac37cf45
1a35a54d
bf45d788
0014001e
03020100
07060504
0b0a0908
0f0e0d0c
13121110
17161514
1b1a1918
1f1e1d1c
33323130
37363534
3b3a3938
3f3e3d3c
43424140
00000000
00000000
00000000
23222120
27262524
2b2a2928
2f2e2d2c
33323130
37363534
3b3a3938
00003d3c
3bdefdd7
8abbe1e4
d30b5771
9659c446
1e9ffc89
1e2cdb68
c237d56a
0000c3db
33f8e518
c637ca0c
8d088df5
e3b53cb2
0015001e
03020100
07060504
0b0a0908
0f0e0d0c
13121110
17161514
1b1a1918
1f1e1d1c
33323130
37363534
3b3a3938
3f3e3d3c
43424140
00000044
00000000
00000000
23222120
27262524
2b2a2928
2f2e2d2c
33323130
37363534
3b3a3938
00003d3c
9f1d26cc
2e84b88f
102be282
70cd9667
2b42238b
53e518e0
8eb95e3c
0000b72e
c0d5c1b9
55f2f3a3
022a7b39
3aa02dd3
0016001e
03020100
07060504
0b0a0908
0f0e0d0c
13121110
17161514
1b1a1918
1f1e1d1c
33323130
37363534
3b3a3938
3f3e3d3c
43424140
00004544
00000000
00000000
23222120
27262524
2b2a2928
2f2e2d2c
33323130
37363534
3b3a3938
00003d3c
36aba396
6674575e
5c2f5625
0941c5e7
afab0ebf
74020d4a
c7df28f5
000089c6
cd96c0d5
74ef9bbe
fd04ae12
29498804
0017001e
03020100
07060504
0b0a0908
0f0e0d0c
13121110
17161514
1b1a1918
1f1e1d1c
33323130
37363534
3b3a3938
3f3e3d3c
43424140
00464544
00000000
00000000
23222120
27262524
2b2a2928
2f2e2d2c
33323130
37363534
3b3a3938
00003d3c
2e591478
b715e4ea
97eb505c
54a59bf5
c8a77d4f
7ad0ee2f
6c074b82
00008fce
cbe816df
ba81f1c7
956b8019
6f644437
0018001e
03020100
07060504
0b0a0908
0f0e0d0c
13121110
17161514
1b1a1918
1f1e1d1c
33323130
37363534
3b3a3938
3f3e3d3c
43424140
47464544
00000000
00000000
23222120
27262524
2b2a2928
2f2e2d2c
33323130
37363534
3b3a3938
00003d3c
d5f9299d
7094df2a
e0bc4caf
c71a48a4
29b3b1fc
92984676
8c91bcd5
000079ac
b500e897
c01ca9c7
178ebd43
ba80d05a
0019001e
03020100
07060504
0b0a0908
0f0e0d0c
13121110
17161514
1b1a1918
1f1e1d1c
33323130
37363534
3b3a3938
3f3e3d3c
43424140
47464544
00000048
00000000
23222120
27262524
2b2a2928
2f2e2d2c
33323130
37363534
3b3a3938
00003d3c
e513cb16
e2413585
24386bf3
eeac6603
1db2e048
7324348a
ac62cd9f
0000de2d
796ad3b2
d408a22b
4edf8c15
9fa98f96
001a001e
03020100
07060504
0b0a0908
0f0e0d0c
13121110
17161514
1b1a1918
1f1e1d1c
33323130
37363534
3b3a3938
3f3e3d3c
43424140
47464544
00004948
00000000
23222120
27262524
2b2a2928
2f2e2d2c
33323130
37363534
3b3a3938
00003d3c
0df72ea9
aa0feff2
971fa274
2389fb39
9a2ff67d
b880402b
dd6d0450
00006d38
4aa2edba
dfbbed1a
1b68ebdd
61228127
001b001e
03020100
07060504
0b0a0908
0f0e0d0c
13121110
17161514
1b1a1918
1f1e1d1c
33323130
37363534
3b3a3938
3f3e3d3c
43424140
47464544
004a4948
00000000
23222120
27262524
2b2a2928
2f2e2d2c
33323130
37363534
3b3a3938
00003d3c
6bbbc1e4
124f261b
b5abc2ee
bb1a7642
6f28d8c0
04cb90b9
5907c10d
0000165c
880966f9
972bb356
1f3368c8
271bef6c
001c001e
03020100
07060504
0b0a0908
0f0e0d0c
13121110
17161514
1b1a1918
1f1e1d1c
33323130
37363534
3b3a3938
3f3e3d3c
43424140
47464544
4b4a4948
00000000
23222120
27262524
2b2a2928
2f2e2d2c
33323130
37363534
3b3a3938
00003d3c
e16f4752
e719814a
c49636ce
8f203089
7da7ae3d
c92d1467
937ceb7e
00006641
dc616889
40e39549
a479cb86
4a13edd6
001d001e
03020100
07060504
0b0a0908
0f0e0d0c
13121110
17161514
1b1a1918
1f1e1d1c
33323130
37363534
3b3a3938
3f3e3d3c
43424140
47464544
4b4a4948
0000004c
23222120
27262524
2b2a2928
2f2e2d2c
33323130
37363534
3b3a3938
00003d3c
b60c2f43
e45fe772
564bf912
2e4c0acb
84fcf342
9ad6ad96
488c3fbc
000006c1
988e3281
923ce8f9
6f59700d
afbc5443
001e001e
03020100
07060504
0b0a0908
0f0e0d0c
13121110
17161514
1b1a1918
1f1e1d1c
33323130
37363534
3b3a3938
3f3e3d3c
43424140
47464544
4b4a4948
00004d4c
23222120
27262524
2b2a2928
2f2e2d2c
33323130
37363534
3b3a3938
00003d3c
b0685956
5ef93d56
5f4e12a9
64bc0645
d67977f5
9e87db78
d7d969ff
0000183f
7981fc48
4e9da0f2
5c92da82
67fc92fc
001f001e
03020100
07060504
0b0a0908
0f0e0d0c
13121110
17161514
1b1a1918
1f1e1d1c
33323130
37363534
3b3a3938
3f3e3d3c
43424140
47464544
4b4a4948
004e4d4c
23222120
27262524
2b2a2928
2f2e2d2c
33323130
37363534
3b3a3938
00003d3c
5f2e394b
bb0c0ea6
b97d54ca
bd62326e
c0d68283
4fe208e6
fcaa1a44
00002647
7a6aa7e1
9d70c267
565afefe
62d0c3b7
0020001e
03020100
07060504
0b0a0908
0f0e0d0c
13121110
17161514
1b1a1918
1f1e1d1c
33323130
37363534
3b3a3938
3f3e3d3c
43424140
47464544
4b4a4948
4f4e4d4c
00000000
00000000
00000000
00000000
23222120
27262524
2b2a2928
2f2e2d2c
33323130
37363534
3b3a3938
00003d3c
46d034cb
bf6da660
66859cbe
aab8f501
b599a451
fbf7c85a
1a33bcef
00003e61
910cac1d
c084ac7b
8f00e82d
7a149e93
0000001f
03020100
07060504
0b0a0908
0f0e0d0c
13121110
17161514
1b1a1918
1f1e1d1c
23222120
27262524
2b2a2928
2f2e2d2c
33323130
37363534
3b3a3938
003e3d3c
eedec3e8
eac56c24
3172e8e3
bba29738
3eaa8960
0703e815
1f2d0f97
00546600
9c5b9f60
39226a99
02b7f562
ebc253dd
0001001f
03020100
07060504
0b0a0908
0f0e0d0c
13121110
17161514
1b1a1918
1f1e1d1c
00000030
00000000
00000000
00000000
23222120
27262524
2b2a2928
2f2e2d2c
33323130
37363534
3b3a3938
003e3d3c
8a7d1096
9a52a729
c7bd4179
c6e31fdf
360321c7
b91e5bab
7c06fc4c
008724e2
1a2fe689
0e4aed99
d1b905b8
bc17319f
0002001f
03020100
07060504
0b0a0908
0f0e0d0c
13121110
17161514
1b1a1918
1f1e1d1c
00003130
00000000
00000000
00000000
23222120
27262524
2b2a2928
2f2e2d2c
33323130
37363534
3b3a3938
003e3d3c
adeffc30
f15d2728
c0101ea3
bac79557
283652c7
c0dbc857
4bd11ace
0064e717
72e626cb
6469c298
33c928a8
9577d8da
0003001f
03020100
07060504
0b0a0908
0f0e0d0c
13121110
17161514
1b1a1918
1f1e1d1c
00323130
00000000
00000000
00000000
23222120
27262524
2b2a2928
2f2e2d2c
33323130
37363534
3b3a3938
003e3d3c
2bd5d066
dcc601f4
dad40a1c
c4941dcd
5630f1f3
97179bb0
7eee27a1
005304bd
069e2e41
491fbab6
77112ce1
3baff038
0004001f
03020100
07060504
0b0a0908
0f0e0d0c
13121110
17161514
1b1a1918
1f1e1d1c
33323130
00000000
00000000
00000000
23222120
27262524
2b2a2928
2f2e2d2c
33323130
37363534
3b3a3938
003e3d3c
fc3753cf
5dc40eb7
3f0c9e17
ac25bb51
94507a96
73af2f15
e636d882
0008ded5
770f2221
ee674082
3e9b9b42
89244b77
0005001f
03020100
07060504
0b0a0908
0f0e0d0c
13121110
17161514
1b1a1918
1f1e1d1c
33323130
00000034
00000000
00000000
23222120
27262524
2b2a2928
2f2e2d2c
33323130
37363534
3b3a3938
003e3d3c
8c657630
bbf38bba
2faacc6d
2eee5512
fac1b67d
5f1e1d9b
a40f599e
00dcbbd5
675edd4b
447225a4
7bb47ae5
d3036f40
0006001f
03020100
07060504
0b0a0908
0f0e0d0c
13121110
17161514
1b1a1918
1f1e1d1c
33323130
00003534
00000000
00000000
23222120
27262524
2b2a2928
2f2e2d2c
33323130
37363534
3b3a3938
003e3d3c
ddc61093
3ebc9c8e
bf0e6c40
4312a3be
4a892c5f
908a976e
c6bcb1fd
00f92080
2e24abf6
b04234ef
6532df5b
774420f4
0007001f
03020100
07060504
0b0a0908
0f0e0d0c
13121110
17161514
1b1a1918
1f1e1d1c
33323130
00363534
00000000
00000000
23222120
27262524
2b2a2928
2f2e2d2c
33323130
37363534
3b3a3938
003e3d3c
d44b026e
eb86f303
f4561c9d
dedccf59
62642f1b
76587ff2
0b691564
0035ffce
349dd647
b6480bdc
6095f554
a76e586d
0008001f
03020100
07060504
0b0a0908
0f0e0d0c
13121110
17161514
1b1a1918
1f1e1d1c
33323130
37363534
00000000
00000000
23222120
27262524
2b2a2928
2f2e2d2c
33323130
37363534
3b3a3938
003e3d3c
b12cbefa
32a6ebe7
0f08309a
72dce726
3c2e3d50
5b9f7cce
bdbbe4c5
0070282d
bc596490
9b7d8e5e
a1ee31e6
9e4a354a
0009001f
03020100
07060504
0b0a0908
0f0e0d0c
13121110
17161514
1b1a1918
1f1e1d1c
33323130
37363534
00000038
00000000
23222120
27262524
2b2a2928
2f2e2d2c
33323130
37363534
3b3a3938
003e3d3c
47d779bf
5bb06f6d
79a09188
92198abe
31fe3fb6
aac72d06
6f5154e2
002e6008
10ba9cbc
1bfbe29b
daadcbe9
8b72aa0e
000a001f
03020100
07060504
0b0a0908
0f0e0d0c
13121110
17161514
1b1a1918
1f1e1d1c
33323130
37363534
00003938
00000000
23222120
27262524
2b2a2928
2f2e2d2c
33323130
37363534
3b3a3938
003e3d3c
96290412
53b442da
bc5f5a6e
26239b1d
936f01b3
be49ba92
1cbca63c
003a5086
171c9318
f5be83cd
0e761327
897d25a9
000b001f
03020100
07060504
0b0a0908
0f0e0d0c
13121110
17161514
1b1a1918
1f1e1d1c
33323130
37363534
003a3938
00000000
23222120
27262524
2b2a2928
2f2e2d2c
33323130
37363534
3b3a3938
003e3d3c
256ec316
eb93a8fb
c2307346
da340bc8
056bf83d
59bf2a89
5d842a01
009faa7d
55ef7ea1
7bffb2b4
41c0b017
3a3e8174
000c001f
03020100
07060504
0b0a0908
0f0e0d0c
13121110
17161514
1b1a1918
1f1e1d1c
33323130
37363534
3b3a3938
00000000
23222120
27262524
2b2a2928
2f2e2d2c
33323130
37363534
3b3a3938
003e3d3c
621c3ab8
70c605ad
0e22e9d6
46bed90d
6c8d3de4
6c58da06
f618d8ee
00407d79
225f1350
a47a3991
93d3e53f
208bb650
000d001f
03020100
07060504
0b0a0908
0f0e0d0c
13121110
17161514
1b1a1918
1f1e1d1c
33323130
37363534
3b3a3938
0000003c
23222120
27262524
2b2a2928
2f2e2d2c
33323130
37363534
3b3a3938
003e3d3c
a19b838c
ff194fb0
a2696ce2
0f35568f
860cd7f2
facfeb49
bb292024
00dd0f9c
944ab0d0
f863cc91
94fa9e09
dc59289b
000e001f
03020100
07060504
0b0a0908
0f0e0d0c
13121110
17161514
1b1a1918
1f1e1d1c
33323130
37363534
3b3a3938
00003d3c
23222120
27262524
2b2a2928
2f2e2d2c
33323130
37363534
3b3a3938
003e3d3c
59988c01
cd3539dc
8438a3ea
eba7c859
f77dbe34
b695ae68
338f1233
0071fc2f
88fbf54d
6cdac5db
8d5f38d5
87d0c21a
000f001f
03020100
07060504
0b0a0908
0f0e0d0c
13121110
17161514
1b1a1918
1f1e1d1c
33323130
37363534
3b3a3938
003e3d3c
23222120
27262524
2b2a2928
2f2e2d2c
33323130
37363534
3b3a3938
003e3d3c
da19fd20
c45c1abc
d321a649
1360ac4d
97f543ef
fca400df
4c0f57c9
00d0c464
952c1b16
5336129e
55374f0a
1455f002
0010001f
03020100
07060504
0b0a0908
0f0e0d0c
13121110
17161514
1b1a1918
1f1e1d1c
33323130
37363534
3b3a3938
3f3e3d3c
00000000
00000000
00000000
00000000
23222120
27262524
2b2a2928
2f2e2d2c
33323130
37363534
3b3a3938
003e3d3c
b2eb7363
9b7ce98b
f30c09ac
f13ec199
e5c5a64e
5c0ae319
7c4ff46e
001a88ea
15157de4
1a78e96d
66a505d4
ff7a57c0
0011001f
03020100
07060504
0b0a0908
0f0e0d0c
13121110
17161514
1b1a1918
1f1e1d1c
33323130
37363534
3b3a3938
3f3e3d3c
00000040
00000000
00000000
00000000
23222120
27262524
2b2a2928
2f2e2d2c
33323130
37363534
3b3a3938
003e3d3c
1bc777bf
c5f1e93d
27ef72b3
9be8083a
dc5a67e9
2f347757
c5f31e1d
00c7bfd4
63c3bde5
720f2a86
d58c0d89
6489b022
0012001f
03020100
07060504
0b0a0908
0f0e0d0c
13121110
17161514
1b1a1918
1f1e1d1c
33323130
37363534
3b3a3938
3f3e3d3c
00004140
00000000
00000000
00000000
23222120
27262524
2b2a2928
2f2e2d2c
33323130
37363534
3b3a3938
003e3d3c
0a5fb0b3
9776c508
65b5a349
401dcb8b
d1aa759c
744956e8
e4fc6cc6
00f6fbd9
6a3ac62e
3966e90c
0f22f320
0bacd952
0013001f
03020100
07060504
0b0a0908
0f0e0d0c
13121110
17161514
1b1a1918
1f1e1d1c
33323130
37363534
3b3a3938
3f3e3d3c
00424140
00000000
00000000
00000000
23222120
27262524
2b2a2928
2f2e2d2c
33323130
37363534
3b3a3938
003e3d3c
36c167a9
07e089d3
c6fb42ba
a6557e74
c9fafc89
e3dde24e
dbdef696
00335f2e
1b9071d1
3ee2a345
df64947c
4c7477c5
0014001f
03020100
07060504
0b0a0908
0f0e0d0c
13121110
17161514
1b1a1918
1f1e1d1c
33323130
37363534
3b3a3938
3f3e3d3c
43424140
00000000
00000000
00000000
23222120
27262524
2b2a2928
2f2e2d2c
33323130
37363534
3b3a3938
003e3d3c
3bdefdd7
8abbe1e4
d30b5771
9659c446
1e9ffc89
1e2cdb68
c237d56a
0057c3db
5a1cf555
eec47c24
fc812e0f
4cefb3de
0015001f
03020100
07060504
0b0a0908
0f0e0d0c
13121110
17161514
1b1a1918
1f1e1d1c
33323130
37363534
3b3a3938
3f3e3d3c
43424140
00000044
00000000
00000000
23222120
27262524
2b2a2928
2f2e2d2c
33323130
37363534
3b3a3938
003e3d3c
9f1d26cc
2e84b88f
102be282
70cd9667
2b42238b
53e518e0
8eb95e3c
00adb72e
dadc3deb
16362c74
21a673bb
537e935a
0016001f
03020100
07060504
0b0a0908
0f0e0d0c
13121110
17161514
1b1a1918
1f1e1d1c
33323130
37363534
3b3a3938
3f3e3d3c
43424140
00004544
00000000
00000000
23222120
27262524
2b2a2928
2f2e2d2c
33323130
37363534
3b3a3938
003e3d3c
36aba396
6674575e
5c2f5625
0941c5e7
afab0ebf
74020d4a
c7df28f5
006889c6
e3bf98d1
1ad6f367
5b94cb73
aa2b1fe5
0017001f
03020100
07060504
0b0a0908
0f0e0d0c
13121110
17161514
1b1a1918
1f1e1d1c
33323130
37363534
3b3a3938
3f3e3d3c
43424140
00464544
00000000
00000000
23222120
27262524
2b2a2928
2f2e2d2c
33323130
37363534
3b3a3938
003e3d3c
2e591478
b715e4ea
97eb505c
54a59bf5
c8a77d4f
7ad0ee2f
6c074b82
00758fce
b0e5b9cb
33adae7b
3f693fc5
ddc015f2
0018001f
03020100
07060504
0b0a0908
0f0e0d0c
13121110
17161514
1b1a1918
1f1e1d1c
33323130
37363534
3b3a3938
3f3e3d3c
43424140
47464544
00000000
00000000
23222120
27262524
2b2a2928
2f2e2d2c
33323130
37363534
3b3a3938
003e3d3c
d5f9299d
7094df2a
e0bc4caf
c71a48a4
29b3b1fc
92984676
8c91bcd5
009779ac
629be936
fbd282ab
6622f291
a8280db4
0019001f
03020100
07060504
0b0a0908
0f0e0d0c
13121110
17161514
1b1a1918
1f1e1d1c
33323130
37363534
3b3a3938
3f3e3d3c
43424140
47464544
00000048
00000000
23222120
27262524
2b2a2928
2f2e2d2c
33323130
37363534
3b3a3938
003e3d3c
e513cb16
e2413585
24386bf3
eeac6603
1db2e048
7324348a
ac62cd9f
00dede2d
dc6c2c85
056b0034
0fefd5b9
e615a008
001a001f
03020100
07060504
0b0a0908
0f0e0d0c
13121110
17161514
1b1a1918
1f1e1d1c
33323130
37363534
3b3a3938
3f3e3d3c
43424140
47464544
00004948
00000000
23222120
27262524
2b2a2928
2f2e2d2c
33323130
37363534
3b3a3938
003e3d3c
0df72ea9
aa0feff2
971fa274
2389fb39
9a2ff67d
b880402b
dd6d0450
00ed6d38
b515c541
f4d78759
59197ad5
7875ecf3
001b001f
03020100
07060504
0b0a0908
0f0e0d0c
13121110
17161514
1b1a1918
1f1e1d1c
33323130
37363534
3b3a3938
3f3e3d3c
43424140
47464544
004a4948
00000000
23222120
27262524
2b2a2928
2f2e2d2c
33323130
37363534
3b3a3938
003e3d3c
6bbbc1e4
124f261b
b5abc2ee
bb1a7642
6f28d8c0
04cb90b9
5907c10d
0038165c
9adc5a59
2a257c45
28a0abba
96a7835a
001c001f
03020100
07060504
0b0a0908
0f0e0d0c
13121110
17161514
1b1a1918
1f1e1d1c
33323130
37363534
3b3a3938
3f3e3d3c
43424140
47464544
4b4a4948
00000000
23222120
27262524
2b2a2928
2f2e2d2c
33323130
37363534
3b3a3938
003e3d3c
e16f4752
e719814a
c49636ce
8f203089
7da7ae3d
c92d1467
937ceb7e
00a36641
5a330836
0e3fcf36
b043acea
0530dbfe
001d001f
03020100
07060504
0b0a0908
0f0e0d0c
13121110
17161514
1b1a1918
1f1e1d1c
33323130
37363534
3b3a3938
3f3e3d3c
43424140
47464544
4b4a4948
0000004c
23222120
27262524
2b2a2928
2f2e2d2c
33323130
37363534
3b3a3938
003e3d3c
b60c2f43
e45fe772
564bf912
2e4c0acb
84fcf342
9ad6ad96
488c3fbc
001a06c1
9a221c44
bbaea461
5809f8a1
56f31110
001e001f
03020100
07060504
0b0a0908
0f0e0d0c
13121110
17161514
1b1a1918
1f1e1d1c
33323130
37363534
3b3a3938
3f3e3d3c
43424140
47464544
4b4a4948
00004d4c
23222120
27262524
2b2a2928
2f2e2d2c
33323130
37363534
3b3a3938
003e3d3c
b0685956
5ef93d56
5f4e12a9
64bc0645
d67977f5
9e87db78
d7d969ff
009f183f
6546b8c5
7cfad7d7
c9c6b48f
d36011b2
001f001f
03020100
07060504
0b0a0908
0f0e0d0c
13121110
17161514
1b1a1918
1f1e1d1c
33323130
37363534
3b3a3938
3f3e3d3c
43424140
47464544
4b4a4948
004e4d4c
23222120
27262524
2b2a2928
2f2e2d2c
33323130
37363534
3b3a3938
003e3d3c
5f2e394b
bb0c0ea6
b97d54ca
bd62326e
c0d68283
4fe208e6
fcaa1a44
00e52647
29e84076
3cdd9447
1921a02a
e31d092b
0020001f
03020100
07060504
0b0a0908
0f0e0d0c
13121110
17161514
1b1a1918
1f1e1d1c
33323130
37363534
3b3a3938
3f3e3d3c
43424140
47464544
4b4a4948
4f4e4d4c
00000000
00000000
00000000
00000000
23222120
27262524
2b2a2928
2f2e2d2c
33323130
37363534
3b3a3938
003e3d3c
46d034cb
bf6da660
66859cbe
aab8f501
b599a451
fbf7c85a
1a33bcef
00e93e61
e0d50007
1fbf8198
e66d949a
769aebf3
00000020
03020100
07060504
0b0a0908
0f0e0d0c
13121110
17161514
1b1a1918
1f1e1d1c
23222120
27262524
2b2a2928
2f2e2d2c
33323130
37363534
3b3a3938
3f3e3d3c
00000000
00000000
00000000
00000000
eedec3e8
eac56c24
3172e8e3
bba29738
3eaa8960
0703e815
1f2d0f97
c2546600
00000000
00000000
00000000
00000000
17faa5aa
7df0b92c
ef3c4607
c10b44c7
00010020
03020100
07060504
0b0a0908
0f0e0d0c
13121110
17161514
1b1a1918
1f1e1d1c
00000030
00000000
00000000
00000000
23222120
27262524
2b2a2928
2f2e2d2c
33323130
37363534
3b3a3938
3f3e3d3c
00000000
00000000
00000000
00000000
8a7d1096
9a52a729
c7bd4179
c6e31fdf
360321c7
b91e5bab
7c06fc4c
428724e2
00000000
00000000
00000000
00000000
bbdbe5b9
d94a7a76
f049197d
66cd2290
00020020
03020100
07060504
0b0a0908
0f0e0d0c
13121110
17161514
1b1a1918
1f1e1d1c
00003130
00000000
00000000
00000000
23222120
27262524
2b2a2928
2f2e2d2c
33323130
37363534
3b3a3938
3f3e3d3c
00000000
00000000
00000000
00000000
adeffc30
f15d2728
c0101ea3
bac79557
283652c7
c0dbc857
4bd11ace
d564e717
00000000
00000000
00000000
00000000
16480286
d4db0254
cee61dc4
b9a7b706
00030020
03020100
07060504
0b0a0908
0f0e0d0c
13121110
17161514
1b1a1918
1f1e1d1c
00323130
00000000
00000000
00000000
23222120
27262524
2b2a2928
2f2e2d2c
33323130
37363534
3b3a3938
3f3e3d3c
00000000
00000000
00000000
00000000
2bd5d066
dcc601f4
dad40a1c
c4941dcd
5630f1f3
97179bb0
7eee27a1
ab5304bd
00000000
00000000
00000000
00000000
3e3aae16
11e564e0
85959ffd
97d486f9
00040020
03020100
07060504
0b0a0908
0f0e0d0c
13121110
17161514
1b1a1918
1f1e1d1c
33323130
00000000
00000000
00000000
23222120
27262524
2b2a2928
2f2e2d2c
33323130
37363534
3b3a3938
3f3e3d3c
00000000
00000000
00000000
00000000
fc3753cf
5dc40eb7
3f0c9e17
ac25bb51
94507a96
73af2f15
e636d882
cd08ded5
00000000
00000000
00000000
00000000
3aebf97d
d4e5c301
bccc56ae
3c50a476
00050020
03020100
07060504
0b0a0908
0f0e0d0c
13121110
17161514
1b1a1918
1f1e1d1c
33323130
00000034
00000000
00000000
23222120
27262524
2b2a2928
2f2e2d2c
33323130
37363534
3b3a3938
3f3e3d3c
00000000
00000000
00000000
00000000
8c657630
bbf38bba
2faacc6d
2eee5512
fac1b67d
5f1e1d9b
a40f599e
35dcbbd5
00000000
00000000
00000000
00000000
65be0322
17663473
48855151
3d9ab048
00060020
03020100
07060504
0b0a0908
0f0e0d0c
13121110
17161514
1b1a1918
1f1e1d1c
33323130
00003534
00000000
00000000
23222120
27262524
2b2a2928
2f2e2d2c
33323130
37363534
3b3a3938
3f3e3d3c
00000000
00000000
00000000
00000000
ddc61093
3ebc9c8e
bf0e6c40
4312a3be
4a892c5f
908a976e
c6bcb1fd
d4f92080
00000000
00000000
00000000
00000000
7c5b315c
52b7c8df
caeab192
c27caafa
00070020
03020100
07060504
0b0a0908
0f0e0d0c
13121110
17161514
1b1a1918
1f1e1d1c
33323130
00363534
00000000
00000000
23222120
27262524
2b2a2928
2f2e2d2c
33323130
37363534
3b3a3938
3f3e3d3c
00000000
00000000
00000000
00000000
d44b026e
eb86f303
f4561c9d
dedccf59
62642f1b
76587ff2
0b691564
7735ffce
00000000
00000000
00000000
00000000
d6e061e1
1d3c4b89
8c07897f
7ff62190
00080020
03020100
07060504
0b0a0908
0f0e0d0c
13121110
17161514
1b1a1918
1f1e1d1c
33323130
37363534
00000000
00000000
23222120
27262524
2b2a2928
2f2e2d2c
33323130
37363534
3b3a3938
3f3e3d3c
00000000
00000000
00000000
00000000
b12cbefa
32a6ebe7
0f08309a
72dce726
3c2e3d50
5b9f7cce
bdbbe4c5
1970282d
00000000
00000000
00000000
00000000
5407d4ac
3a1c9fd7
93a52295
845e39b9
00090020
03020100
07060504
0b0a0908
0f0e0d0c
13121110
17161514
1b1a1918
1f1e1d1c
33323130
37363534
00000038
00000000
23222120
27262524
2b2a2928
2f2e2d2c
33323130
37363534
3b3a3938
3f3e3d3c
00000000
00000000
00000000
00000000
47d779bf
5bb06f6d
79a09188
92198abe
31fe3fb6
aac72d06
6f5154e2
282e6008
00000000
00000000
00000000
00000000
58b9b947
4bd71096
085650f6
2c8d8af9
000a0020
03020100
07060504
0b0a0908
0f0e0d0c
13121110
17161514
1b1a1918
1f1e1d1c
33323130
37363534
00003938
00000000
23222120
27262524
2b2a2928
2f2e2d2c
33323130
37363534
3b3a3938
3f3e3d3c
00000000
00000000
00000000
00000000
96290412
53b442da
bc5f5a6e
26239b1d
936f01b3
be49ba92
1cbca63c
f53a5086
00000000
00000000
00000000
00000000
de18d0d9
0d401c28
9d3af37d
a4246942
000b0020
03020100
07060504
0b0a0908
0f0e0d0c
13121110
17161514
1b1a1918
1f1e1d1c
33323130
37363534
003a3938
00000000
23222120
27262524
2b2a2928
2f2e2d2c
33323130
37363534
3b3a3938
3f3e3d3c
00000000
00000000
00000000
00000000
256ec316
eb93a8fb
c2307346
da340bc8
056bf83d
59bf2a89
5d842a01
269faa7d
00000000
00000000
00000000
00000000
c3c27ffe
0198f0e6
ef5a704d
ceabb4e2
000c0020
03020100
07060504
0b0a0908
0f0e0d0c
13121110
17161514
1b1a1918
1f1e1d1c
33323130
37363534
3b3a3938
00000000
23222120
27262524
2b2a2928
2f2e2d2c
33323130
37363534
3b3a3938
3f3e3d3c
00000000
00000000
00000000
00000000
621c3ab8
70c605ad
0e22e9d6
46bed90d
6c8d3de4
6c58da06
f618d8ee
b6407d79
00000000
00000000
00000000
00000000
1b266050
30737273
00b0b814
5afaa3ab
000d0020
03020100
07060504
0b0a0908
0f0e0d0c
13121110
17161514
1b1a1918
1f1e1d1c
33323130
37363534
3b3a3938
0000003c
23222120
27262524
2b2a2928
2f2e2d2c
33323130
37363534
3b3a3938
3f3e3d3c
00000000
00000000
00000000
00000000
a19b838c
ff194fb0
a2696ce2
0f35568f
860cd7f2
facfeb49
bb292024
e1dd0f9c
00000000
00000000
00000000
00000000
03e6a57f
74ee5da0
35e6aadb
7a49deaa
000e0020
03020100
07060504
0b0a0908
0f0e0d0c
13121110
17161514
1b1a1918
1f1e1d1c
33323130
37363534
3b3a3938
00003d3c
23222120
27262524
2b2a2928
2f2e2d2c
33323130
37363534
3b3a3938
3f3e3d3c
00000000
00000000
00000000
00000000
59988c01
cd3539dc
8438a3ea
eba7c859
f77dbe34
b695ae68
338f1233
2671fc2f
00000000
00000000
00000000
00000000
1de8cd6f
8ad7a319
4132f055
23474034
000f0020
03020100
07060504
0b0a0908
0f0e0d0c
13121110
17161514
1b1a1918
1f1e1d1c
33323130
37363534
3b3a3938
003e3d3c
23222120
27262524
2b2a2928
2f2e2d2c
33323130
37363534
3b3a3938
3f3e3d3c
00000000
00000000
00000000
00000000
da19fd20
c45c1abc
d321a649
1360ac4d
97f543ef
fca400df
4c0f57c9
06d0c464
00000000
00000000
00000000
00000000
4a50c8db
e14be26e
49597fde
7184d325
00100020
03020100
07060504
0b0a0908
0f0e0d0c
13121110
17161514
1b1a1918
1f1e1d1c
33323130
37363534
3b3a3938
3f3e3d3c
00000000
00000000
00000000
00000000
23222120
27262524
2b2a2928
2f2e2d2c
33323130
37363534
3b3a3938
3f3e3d3c
00000000
00000000
00000000
00000000
b2eb7363
9b7ce98b
f30c09ac
f13ec199
e5c5a64e
5c0ae319
7c4ff46e
b71a88ea
00000000
00000000
00000000
00000000
1617efab
6c9cd157
57b73811
39e49376
00110020
03020100
07060504
0b0a0908
0f0e0d0c
13121110
17161514
1b1a1918
1f1e1d1c
33323130
37363534
3b3a3938
3f3e3d3c
00000040
00000000
00000000
00000000
23222120
27262524
2b2a2928
2f2e2d2c
33323130
37363534
3b3a3938
3f3e3d3c
00000000
00000000
00000000
00000000
1bc777bf
c5f1e93d
27ef72b3
9be8083a
dc5a67e9
2f347757
c5f31e1d
aac7bfd4
00000000
00000000
00000000
00000000
90d15d05
24c5b48b
527496bc
43a9daff
00120020
03020100
07060504
0b0a0908
0f0e0d0c
13121110
17161514
1b1a1918
1f1e1d1c
33323130
37363534
3b3a3938
3f3e3d3c
00004140
00000000
00000000
00000000
23222120
27262524
2b2a2928
2f2e2d2c
33323130
37363534
3b3a3938
3f3e3d3c
00000000
00000000
00000000
00000000
0a5fb0b3
9776c508
65b5a349
401dcb8b
d1aa759c
744956e8
e4fc6cc6
c3f6fbd9
00000000
00000000
00000000
00000000
40d08452
a1386675
c0638667
5a2c7676
00130020
03020100
07060504
0b0a0908
0f0e0d0c
13121110
17161514
1b1a1918
1f1e1d1c
33323130
37363534
3b3a3938
3f3e3d3c
00424140
00000000
00000000
00000000
23222120
27262524
2b2a2928
2f2e2d2c
33323130
37363534
3b3a3938
3f3e3d3c
00000000
00000000
00000000
00000000
36c167a9
07e089d3
c6fb42ba
a6557e74
c9fafc89
e3dde24e
dbdef696
4a335f2e
00000000
00000000
00000000
00000000
7467cee7
07104682
e66dc07d
2dcc186f
00140020
03020100
07060504
0b0a0908
0f0e0d0c
13121110
17161514
1b1a1918
1f1e1d1c
33323130
37363534
3b3a3938
3f3e3d3c
43424140
00000000
00000000
00000000
23222120
27262524
2b2a2928
2f2e2d2c
33323130
37363534
3b3a3938
3f3e3d3c
00000000
00000000
00000000
00000000
3bdefdd7
8abbe1e4
d30b5771
9659c446
1e9ffc89
1e2cdb68
c237d56a
5757c3db
00000000
00000000
00000000
00000000
29cf3624
0bbb851c
e7786653
c66f2ecd
00150020
03020100
07060504
0b0a0908
0f0e0d0c
13121110
17161514
1b1a1918
1f1e1d1c
33323130
37363534
3b3a3938
3f3e3d3c
43424140
00000044
00000000
00000000
23222120
27262524
2b2a2928
2f2e2d2c
33323130
37363534
3b3a3938
3f3e3d3c
00000000
00000000
00000000
00000000
9f1d26cc
2e84b88f
102be282
70cd9667
2b42238b
53e518e0
8eb95e3c
f4adb72e
00000000
00000000
00000000
00000000
5f34d6f3
e56fbcc3
ef973b2f
c3f21b29
00160020
03020100
07060504
0b0a0908
0f0e0d0c
13121110
17161514
1b1a1918
1f1e1d1c
33323130
37363534
3b3a3938
3f3e3d3c
43424140
00004544
00000000
00000000
23222120
27262524
2b2a2928
2f2e2d2c
33323130
37363534
3b3a3938
3f3e3d3c
00000000
00000000
00000000
00000000
36aba396
6674575e
5c2f5625
0941c5e7
afab0ebf
74020d4a
c7df28f5
e16889c6
00000000
00000000
00000000
00000000
3dd39e7e
ab3e9e24
8b96bcd1
00f0e90b
00170020
03020100
07060504
0b0a0908
0f0e0d0c
13121110
17161514
1b1a1918
1f1e1d1c
33323130
37363534
3b3a3938
3f3e3d3c
43424140
00464544
00000000
00000000
23222120
27262524
2b2a2928
2f2e2d2c
33323130
37363534
3b3a3938
3f3e3d3c
00000000
00000000
00000000
00000000
2e591478
b715e4ea
97eb505c
54a59bf5
c8a77d4f
7ad0ee2f
6c074b82
86758fce
00000000
00000000
00000000
00000000
373bcf7f
cd1b80c7
eb02fb99
197331a3
00180020
03020100
07060504
0b0a0908
0f0e0d0c
13121110
17161514
1b1a1918
1f1e1d1c
33323130
37363534
3b3a3938
3f3e3d3c
43424140
47464544
00000000
00000000
23222120
27262524
2b2a2928
2f2e2d2c
33323130
37363534
3b3a3938
3f3e3d3c
00000000
00000000
00000000
00000000
d5f9299d
7094df2a
e0bc4caf
c71a48a4
29b3b1fc
92984676
8c91bcd5
f59779ac
00000000
00000000
00000000
00000000
afa12e7c
f0630957
c54cd67b
3faeeff9
00190020
03020100
07060504
0b0a0908
0f0e0d0c
13121110
17161514
1b1a1918
1f1e1d1c
33323130
37363534
3b3a3938
3f3e3d3c
43424140
47464544
00000048
00000000
23222120
27262524
2b2a2928
2f2e2d2c
33323130
37363534
3b3a3938
3f3e3d3c
00000000
00000000
00000000
00000000
e513cb16
e2413585
24386bf3
eeac6603
1db2e048
7324348a
ac62cd9f
93dede2d
00000000
00000000
00000000
00000000
e7857182
6f226d4a
bd5cfad2
13ae078a
001a0020
03020100
07060504
0b0a0908
0f0e0d0c
13121110
17161514
1b1a1918
1f1e1d1c
33323130
37363534
3b3a3938
3f3e3d3c
43424140
47464544
00004948
00000000
23222120
27262524
2b2a2928
2f2e2d2c
33323130
37363534
3b3a3938
3f3e3d3c
00000000
00000000
00000000
00000000
0df72ea9
aa0feff2
971fa274
2389fb39
9a2ff67d
b880402b
dd6d0450
48ed6d38
00000000
00000000
00000000
00000000
f53c83e7
4559756f
2b0db7ae
1c36aaaa
001b0020
03020100
07060504
0b0a0908
0f0e0d0c
13121110
17161514
1b1a1918
1f1e1d1c
33323130
37363534
3b3a3938
3f3e3d3c
43424140
47464544
004a4948
00000000
23222120
27262524
2b2a2928
2f2e2d2c
33323130
37363534
3b3a3938
3f3e3d3c
00000000
00000000
00000000
00000000
6bbbc1e4
124f261b
b5abc2ee
bb1a7642
6f28d8c0
04cb90b9
5907c10d
6c38165c
00000000
00000000
00000000
00000000
4a70c024
782b557c
05b5bfe5
fb481f27
001c0020
03020100
07060504
0b0a0908
0f0e0d0c
13121110
17161514
1b1a1918
1f1e1d1c
33323130
37363534
3b3a3938
3f3e3d3c
43424140
47464544
4b4a4948
00000000
23222120
27262524
2b2a2928
2f2e2d2c
33323130
37363534
3b3a3938
3f3e3d3c
00000000
00000000
00000000
00000000
e16f4752
e719814a
c49636ce
8f203089
7da7ae3d
c92d1467
937ceb7e
f3a36641
00000000
00000000
00000000
00000000
944e7cc5
7641374a
fe5f46c7
ac51c944
001d0020
03020100
07060504
0b0a0908
0f0e0d0c
13121110
17161514
1b1a1918
1f1e1d1c
33323130
37363534
3b3a3938
3f3e3d3c
43424140
47464544
4b4a4948
0000004c
23222120
27262524
2b2a2928
2f2e2d2c
33323130
37363534
3b3a3938
3f3e3d3c
00000000
00000000
00000000
00000000
b60c2f43
e45fe772
564bf912
2e4c0acb
84fcf342
9ad6ad96
488c3fbc
201a06c1
00000000
00000000
00000000
00000000
af12cfb2
5fef08af
a4840f7c
80e4c61a
001e0020
03020100
07060504
0b0a0908
0f0e0d0c
13121110
17161514
1b1a1918
1f1e1d1c
33323130
37363534
3b3a3938
3f3e3d3c
43424140
47464544
4b4a4948
00004d4c
23222120
27262524
2b2a2928
2f2e2d2c
33323130
37363534
3b3a3938
3f3e3d3c
00000000
00000000
00000000
00000000
b0685956
5ef93d56
5f4e12a9
64bc0645
d67977f5
9e87db78
d7d969ff
e19f183f
00000000
00000000
00000000
00000000
b218c181
a8f74842
a49b82b0
053c387a
001f0020
03020100
07060504
0b0a0908
0f0e0d0c
13121110
17161514
1b1a1918
1f1e1d1c
33323130
37363534
3b3a3938
3f3e3d3c
43424140
47464544
4b4a4948
004e4d4c
23222120
27262524
2b2a2928
2f2e2d2c
33323130
37363534
3b3a3938
3f3e3d3c
00000000
00000000
00000000
00000000
5f2e394b
bb0c0ea6
b97d54ca
bd62326e
c0d68283
4fe208e6
fcaa1a44
ade52647
00000000
00000000
00000000
00000000
da339277
0b5ee20a
486e85de
c26e8905
00200020
03020100
07060504
0b0a0908
0f0e0d0c
13121110
17161514
1b1a1918
1f1e1d1c
33323130
37363534
3b3a3938
3f3e3d3c
43424140
47464544
4b4a4948
4f4e4d4c
00000000
00000000
00000000
00000000
23222120
27262524
2b2a2928
2f2e2d2c
33323130
37363534
3b3a3938
3f3e3d3c
00000000
00000000
00000000
00000000
46d034cb
bf6da660
66859cbe
aab8f501
b599a451
fbf7c85a
1a33bcef
cde93e61
00000000
00000000
00000000
00000000
501719fd
1c217fa4
28ed150a
aa7c3d17
ffffffff
